iteracao;valor_fo
0;10000000.000000
1;10000000.000000
2;10000000.000000
3;10000000.000000
4;10000000.000000
5;10000000.000000
6;10000000.000000
7;10000000.000000
8;10000000.000000
9;10000000.000000
10;10000000.000000
11;10000000.000000
12;10000000.000000
13;10000000.000000
14;10000000.000000
15;10000000.000000
16;10000000.000000
17;10000000.000000
18;10000000.000000
19;10000000.000000
20;10000000.000000
21;10000000.000000
22;10000000.000000
23;10000000.000000
24;9166761.016493
25;9130529.991378
26;9130529.991378
27;9111207.030476
28;9091008.193573
29;9091008.143212
30;9091007.890596
31;9091005.808099
32;9091005.808099
33;9047719.539573
34;9047717.488746
35;9047717.488746
36;9047717.446880
37;9047717.446880
38;9000102.278080
39;9000100.348976
40;9000100.348976
41;9000100.348976
42;9000100.348976
43;8947473.126253
44;8947473.126253
45;8947473.126253
46;8947473.040434
47;8947473.040434
48;8947470.897135
49;8947470.897135
50;8888995.720012
51;8888995.720012
52;8888995.720012
53;8888995.720012
54;8888993.858336
55;8888993.849294
56;8823639.380906
57;8823639.373878
58;8823639.373878
59;8823639.373878
60;8823637.560029
61;8823637.534658
62;8823637.480593
63;8823637.480593
64;8823637.480593
65;8823637.480593
66;8750113.293803
67;8750113.293803
68;8750113.293803
69;8750113.293803
70;8750113.293803
71;8750113.293803
72;8750113.209363
73;8750113.195472
74;8750111.234961
75;8750111.234961
76;8750111.234961
77;8750111.234961
78;8666784.096056
79;8666784.096056
80;8666783.718868
81;8666783.718868
82;8666783.718868
83;8666783.718868
84;8666783.718868
85;8666783.718868
86;8666783.718868
87;8666783.718868
88;8666783.718868
89;8666783.718868
90;8666783.581261
91;8666783.581261
92;8666781.904512
93;8666781.904512
94;8571552.556128
95;8571550.139446
96;8571550.139446
97;8571550.139446
98;8571550.139446
99;8571550.139446
100;8571550.139446
101;8571550.126402
102;8571550.126402
103;8571550.126402
104;8571550.126402
105;8571549.911466
106;8571549.911466
107;8571549.879877
108;8571549.866158
109;8571549.700110
110;8571549.553965
111;8461669.786255
112;8461669.314280
113;8461669.314280
114;8461669.205931
115;8461668.810662
116;8461668.810662
117;8333470.581714
118;8333470.305920
119;8333470.305920
120;8333470.297272
121;8333470.297272
122;8333470.297272
123;8333470.297272
124;8333470.297272
125;8333470.297272
126;8333470.297272
127;8333470.297272
128;8333470.297272
129;8333470.175641
130;8333470.160033
131;8333470.159208
132;8333470.133524
133;8333470.118373
134;8333469.798642
135;8333469.798642
136;8333469.798642
137;8333469.798642
138;8261007.667909
139;8261007.011327
140;8261006.691389
141;8261006.691389
142;8261006.675783
143;8261006.675783
144;8261006.654911
145;8261006.553277
146;8261006.473494
147;8261006.449529
148;8261006.449529
149;8261006.421889
150;8261000.087351
151;8260999.492814
152;8260999.411709
153;8260999.359350
154;8260999.359350
155;8260999.359350
156;8260999.359350
157;8260999.359350
158;8260999.130812
159;8260998.944539
160;8260996.656445
161;8260996.044639
162;8260995.923740
163;8260995.894384
164;8260995.490291
165;8260995.490291
166;8260995.261753
167;8260995.026994
168;8260992.014662
169;8260992.014662
170;8260991.294291
171;8260991.070173
172;8260991.014309
173;8260991.014309
174;8260985.128588
175;8260985.057977
176;8260984.867215
177;8260979.304829
178;8260979.304829
179;8260979.304829
180;8260979.304829
181;8260979.304829
182;8260979.304829
183;8260977.359191
184;8260975.289734
185;8260975.085549
186;8260974.112286
187;8260974.112286
188;8181928.103211
189;8181924.870240
190;8181924.843713
191;8181924.843713
192;8181924.448018
193;8153956.786154
194;8139647.796332
195;8139647.790025
196;8125114.538030
197;8125114.503408
198;8125114.270285
199;8095355.092179
200;8095355.092179
201;8095355.092179
202;8095351.170590
203;8095351.170590
204;8095350.643908
205;8095349.981703
206;8095349.981703
207;8095349.257023
208;8095349.158472
209;8048896.892999
210;8048896.892999
211;8000122.108839
212;8000122.108839
213;8000121.819192
214;8000121.819192
215;8000121.819192
216;8000120.237701
217;8000120.237701
218;8000120.170743
219;8000119.352741
220;8000115.826177
221;8000115.826177
222;8000115.826177
223;8000115.826177
224;8000115.776968
225;8000115.776968
226;7931158.778977
227;7931158.778977
228;7922203.012542
229;7922202.931984
230;7894862.174796
231;7894862.174796
232;7894862.174796
233;7894860.317762
234;7894860.317762
235;7894859.212493
236;7894859.212493
237;7894859.212493
238;7894859.052644
239;7894859.052644
240;7894859.052644
241;7894859.052644
242;7894859.052644
243;7894856.706545
244;7818307.091162
245;7818307.091162
246;7818307.091162
247;7818307.084500
248;7777907.674855
249;7777907.502310
250;7777907.502310
251;7777905.246397
252;7777905.243712
253;7777905.243712
254;7777903.900834
255;7777903.529347
256;7777903.529347
257;7777901.519586
258;7777901.519586
259;7777901.519586
260;7777901.519586
261;7777901.519586
262;7777901.519586
263;7777901.358180
264;7777901.358180
265;7777901.358180
266;7777901.358180
267;7777901.358180
268;7777901.358180
269;7777901.358180
270;7777901.358180
271;7777901.358180
272;7777901.013570
273;7746607.140792
274;7746607.140792
275;7742064.950328
276;7735979.556387
277;7735979.436918
278;7735978.152883
279;7735978.148335
280;7735978.121648
281;7735978.113685
282;7735977.208646
283;7714419.327484
284;7714419.255273
285;7714418.839053
286;7714418.693838
287;7692437.536722
288;7692437.536722
289;7692437.536722
290;7692437.536722
291;7692437.536722
292;7692437.493524
293;7692437.458387
294;7681289.407154
295;7681289.407154
296;7647191.825338
297;7647191.825338
298;7647191.825338
299;7647191.825338
300;7647191.825338
301;7647191.663544
302;7647191.663544
303;7647190.271057
304;7647190.271057
305;7647190.242336
306;7647190.242336
307;7647190.242336
308;7647190.242336
309;7647190.242336
310;7647190.242336
311;7647190.242336
312;7647188.607956
313;7647188.374891
314;7600131.793615
315;7575893.956011
316;7575892.576528
317;7567705.065369
318;7567705.065369
319;7551162.524505
320;7551162.524505
321;7551155.654327
322;7551155.654327
323;7551155.654327
324;7551155.654327
325;7551155.654327
326;7551155.654327
327;7551155.538505
328;7551155.538505
329;7551155.538505
330;7551155.538505
331;7551155.538505
332;7551155.538505
333;7551155.538505
334;7551155.522711
335;7538597.708709
336;7538597.708709
337;7538597.708709
338;7500142.143749
339;7500142.143749
340;7500142.143749
341;7500141.787380
342;7500140.573848
343;7500140.573537
344;7500136.449027
345;7500136.043470
346;7446948.874840
347;7446948.859328
348;7446948.155215
349;7446948.106058
350;7446948.103540
351;7446946.001427
352;7419495.888690
353;7419495.888690
354;7405551.012236
355;7405551.005233
356;7391454.859579
357;7391454.836120
358;7391451.576125
359;7391451.576125
360;7391451.360287
361;7391451.360287
362;7391451.170469
363;7391451.170469
364;7391451.017596
365;7391451.017596
366;7391451.017596
367;7391451.017596
368;7391451.017596
369;7391450.690838
370;7391448.470843
371;7391448.470843
372;7391448.470843
373;7391448.098155
374;7391448.098155
375;7391448.098155
376;7391448.098155
377;7391448.098155
378;7391448.098155
379;7391448.084983
380;7391447.228065
381;7391447.035534
382;7391446.997335
383;7391446.997335
384;7333483.221504
385;7333483.053986
386;7333482.829637
387;7272878.309623
388;7272878.302548
389;7272878.302548
390;7272878.302548
391;7272878.302548
392;7272878.302548
393;7272878.005586
394;7272878.002493
395;7272877.816807
396;7272877.539635
397;7272877.527493
398;7272877.512144
399;7272877.512144
400;7272877.436797
401;7272876.772772
402;7272876.772772
403;7272876.199987
404;7272876.137910
405;7272875.651141
406;7272875.614182
407;7272875.540609
408;7272875.540609
409;7272875.540609
410;7272875.540609
411;7272875.173119
412;7272875.173119
413;7272875.173119
414;7272875.173119
415;7272875.173119
416;7272875.173119
417;7272875.173119
418;7272874.864223
419;7272874.864223
420;7272874.864223
421;7272874.864223
422;7272874.864223
423;7272874.864223
424;7272874.864223
425;7272874.864223
426;7272874.864223
427;7272874.556303
428;7272874.533981
429;7272874.528295
430;7272874.494946
431;7272874.407052
432;7272874.407052
433;7272874.308831
434;7272874.305547
435;7272874.289600
436;7272874.274719
437;7272874.269033
438;7272874.254284
439;7272874.250153
440;7272874.250153
441;7272874.247714
442;7272874.247336
443;7272874.246959
444;7272874.246959
445;7272874.246959
446;7272874.246959
447;7272873.929305
448;7272873.929305
449;7272873.696585
450;7272873.696585
451;7272873.502168
452;7272871.529458
453;7272871.529458
454;7272871.529458
455;7272871.529458
456;7272871.529458
457;7272871.518347
458;7272871.518347
459;7272871.500228
460;7272871.254354
461;7272871.002044
462;7272870.753576
463;7272870.753576
464;7272870.753576
465;7272870.753576
466;7272870.753576
467;7272870.753576
468;7272870.669177
469;7272870.664688
470;7272865.606187
471;7272865.606187
472;7272865.606187
473;7272865.606187
474;7272865.606187
475;7272865.606187
476;7272865.606187
477;7272865.606187
478;7272865.606187
479;7272865.606187
480;7272865.606187
481;7272865.606187
482;7272865.606187
483;7272865.602453
484;7272865.601473
485;7272865.601473
486;7272865.601473
487;7272865.601473
488;7272864.388735
489;7272864.358330
490;7272864.358330
491;7272864.338083
492;7272864.298009
493;7272864.298009
494;7272864.298009
495;7272864.298009
496;7272864.298009
497;7272863.705388
498;7272863.705388
499;7272863.224244
500;7272860.273346
501;7272860.273346
502;7272859.894748
503;7272859.894748
504;7272859.894748
505;7272859.434682
506;7272859.434682
507;7272859.369688
508;7272859.193415
509;7272858.829101
510;7272858.829101
511;7272858.829101
512;7272858.829101
513;7272858.829101
514;7272858.829101
515;7272858.829101
516;7272858.829101
517;7272858.829101
518;7272858.829101
519;7272858.829101
520;7272858.829101
521;7272858.829101
522;7272858.829101
523;7272858.829101
524;7272858.829101
525;7272858.829101
526;7272858.540361
527;7272858.149134
528;7272858.027396
529;7272857.129026
530;7272856.466767
531;7272856.433332
532;7272856.243141
533;7272855.905794
534;7272855.905794
535;7272855.645828
536;7272855.558074
537;7272855.527879
538;7272855.317269
539;7272849.424185
540;7272849.424185
541;7272849.424185
542;7272849.424185
543;7272849.424185
544;7272849.424185
545;7272849.168485
546;7272849.168485
547;7272849.160621
548;7272848.648336
549;7272848.493010
550;7272848.337683
551;7272848.290908
552;7272848.152836
553;7272847.322568
554;7272847.322568
555;7272847.322568
556;7272841.977217
557;7272841.977217
558;7272841.977217
559;7272841.972260
560;7272841.972260
561;7272841.761966
562;7272841.761966
563;7272841.761966
564;7272841.761966
565;7272841.761966
566;7272841.761966
567;7272841.761966
568;7272841.761966
569;7272841.761966
570;7272841.761966
571;7272841.761966
572;7272841.761966
573;7272841.761966
574;7272841.472418
575;7142980.727425
576;7142980.645727
577;7142980.645727
578;7142978.555634
579;7142978.555634
580;7108558.895873
581;7108558.895873
582;7108558.895873
583;7108558.895873
584;7096900.039344
585;7096899.970906
586;7073301.672839
587;7073298.026456
588;7073297.753406
589;7073297.753406
590;7073297.753406
591;7073297.753406
592;7073297.753406
593;7073297.753406
594;7073297.753406
595;7073297.753406
596;7073297.753406
597;7073297.753406
598;7063068.120537
599;7063067.992080
600;7063067.918073
601;7055345.490510
602;7049311.126708
603;7049311.126708
604;7049307.841785
605;7000131.547338
606;7000128.428424
607;7000128.206038
608;7000128.206038
609;6981266.071875
610;6974925.746614
611;6969835.857822
612;6962162.560142
613;6962162.464504
614;6962162.296805
615;6962161.956451
616;6962161.616097
617;6962161.616097
618;6962161.616097
619;6962161.616097
620;6942814.400123
621;6923219.181279
622;6923219.152207
623;6923218.606076
624;6923217.961839
625;6923217.961839
626;6923214.893959
627;6923214.640438
628;6896698.675414
629;6896692.047468
630;6896691.790749
631;6896691.763216
632;6896687.993836
633;6896687.993836
634;6896687.993836
635;6896687.993836
636;6896687.993836
637;6896687.993836
638;6896687.993836
639;6896687.993836
640;6896687.981292
641;6896687.981292
642;6896687.402409
643;6896687.402409
644;6896687.402409
645;6896687.321914
646;6896684.810946
647;6896684.784768
648;6896684.777508
649;6896684.750631
650;6896684.750631
651;6896684.726458
652;6883250.028996
653;6883249.860666
654;6883249.781233
655;6842246.450733
656;6842246.450733
657;6842245.849569
658;6842245.267117
659;6842245.202999
660;6811735.246308
661;6808651.969755
662;6808651.928943
663;6808651.857467
664;6808651.693231
665;6808651.685055
666;6808651.628762
667;6808651.612127
668;6800141.604255
669;6800141.604255
670;6800141.527336
671;6800141.494849
672;6800141.477982
673;6800141.477982
674;6800140.987689
675;6800140.938336
676;6800139.037216
677;6800137.921121
678;6800137.910942
679;6800137.908018
680;6800137.798544
681;6800137.798544
682;6800137.798544
683;6800137.798544
684;6785852.418452
685;6785852.299745
686;6785851.640945
687;6785851.640945
688;6756898.163124
689;6756898.163124
690;6756898.163124
691;6756898.126871
692;6756897.652252
693;6756897.403081
694;6756896.993809
695;6756896.680189
696;6712470.965778
697;6712470.574527
698;6712470.574527
699;6712470.574527
700;6712470.574527
701;6689803.826382
702;6689803.677515
703;6666809.935947
704;6666809.935947
705;6666809.935947
706;6666809.935947
707;6666809.935947
708;6666809.935947
709;6666808.948666
710;6666808.948666
711;6666808.948666
712;6666808.948666
713;6666808.948666
714;6666808.948666
715;6666808.948666
716;6666808.948666
717;6666808.948666
718;6666808.948666
719;6666808.948666
720;6666808.948666
721;6666808.948666
722;6666808.948666
723;6666808.948666
724;6666808.948666
725;6666808.948666
726;6666808.948666
727;6666808.948666
728;6666808.948666
729;6666808.948666
730;6666808.948666
731;6666808.948666
732;6666808.948666
733;6666808.948666
734;6666808.948666
735;6666808.948666
736;6666808.948666
737;6666808.948666
738;6666808.948666
739;6666808.948666
740;6666808.948666
741;6666808.948666
742;6666808.948666
743;6666808.948666
744;6666808.948666
745;6666808.948666
746;6666808.948666
747;6666808.948666
748;6666808.948666
749;6643504.235288
750;6643504.235288
751;6643503.416732
752;6619872.228942
753;6619872.228862
754;6619870.609298
755;6619870.609298
756;6619870.609298
757;6619870.609298
758;6619870.609298
759;6619870.609298
760;6619870.363599
761;6619870.362292
762;6619870.258051
763;6619870.156375
764;6619870.109434
765;6619870.109434
766;6619869.736058
767;6619869.736058
768;6619869.734820
769;6619866.231122
770;6619866.192702
771;6619866.192702
772;6619866.192702
773;6619864.618392
774;6619864.618392
775;6619864.262537
776;6619864.026855
777;6619864.026855
778;6619864.026855
779;6619864.026855
780;6619863.942481
781;6619862.889950
782;6595893.564069
783;6587834.085228
784;6582440.062495
785;6580471.536912
786;6580471.427533
787;6579107.523998
788;6571595.056309
789;6571594.724828
790;6571593.775018
791;6571593.366620
792;6571593.366620
793;6571590.867875
794;6571590.867875
795;6571590.867875
796;6571590.633261
797;6571590.633261
798;6571590.633261
799;6571590.633261
800;6571585.815865
801;6571585.815865
802;6571585.554782
803;6571585.554782
804;6571578.369220
805;6571578.363049
806;6571578.356878
807;6571578.356878
808;6571578.153797
809;6571572.984065
810;6571572.984065
811;6571572.978968
812;6571572.948266
813;6571572.834400
814;6546915.452255
815;6546915.231951
816;6521899.722959
817;6521899.722959
818;6521899.112303
819;6521899.112303
820;6521889.809683
821;6521889.017900
822;6521888.579865
823;6521884.890412
824;6521884.890412
825;6521884.890412
826;6521884.890412
827;6521884.890412
828;6521884.890412
829;6521884.890412
830;6521884.890412
831;6521884.890412
832;6521884.890412
833;6521884.890412
834;6521884.890412
835;6521884.890412
836;6521881.901695
837;6521881.760455
838;6478136.071646
839;6478136.071646
840;6478136.071646
841;6476834.469351
842;6476834.396092
843;6476834.226419
844;6475922.848314
845;6475564.474075
846;6475455.044061
847;6475250.466810
848;6474732.906562
849;6474323.698596
850;6470759.623056
851;6470759.623056
852;6470753.199934
853;6470753.199934
854;6470747.590724
855;6470747.590724
856;6470747.590724
857;6470742.219558
858;6470742.219558
859;6470742.219558
860;6470742.219558
861;6470742.092795
862;6470741.882586
863;6470741.681819
864;6470741.681819
865;6470741.681819
866;6470741.681819
867;6470741.681819
868;6470741.681819
869;6470741.681819
870;6470741.681819
871;6470741.130312
872;6470741.012290
873;6470741.012290
874;6470734.930945
875;6470734.930945
876;6470734.930945
877;6470734.930945
878;6470734.930945
879;6470734.930945
880;6470734.930945
881;6470734.930945
882;6470734.930945
883;6470734.930945
884;6470734.930945
885;6470734.930945
886;6470734.930945
887;6470734.930945
888;6470733.756673
889;6470733.756673
890;6470733.756673
891;6470733.756673
892;6470733.756673
893;6470733.756673
894;6470733.745039
895;6470733.721769
896;6470733.721769
897;6470733.721769
898;6470733.551977
899;6470731.941960
900;6470731.394639
901;6435793.196237
902;6435793.194789
903;6435793.168450
904;6435793.104050
905;6435792.825133
906;6435792.784026
907;6435792.772441
908;6435792.671954
909;6435792.671954
910;6435792.671954
911;6435792.671954
912;6435792.671954
913;6435792.671954
914;6435792.641984
915;6435792.641984
916;6435792.631116
917;6435792.625348
918;6428722.103048
919;6428722.063479
920;6428722.063479
921;6428722.053932
922;6428722.008261
923;6428722.008261
924;6428722.008261
925;6428721.858775
926;6428721.858775
927;6428721.858775
928;6428721.858775
929;6418063.486042
930;6418063.041717
931;6418063.041717
932;6418062.914063
933;6418062.051848
934;6418061.740478
935;6418061.740478
936;6418061.740478
937;6418061.740478
938;6418061.547828
939;6418061.501976
940;6363786.760091
941;6363786.151841
942;6363786.151841
943;6330431.308898
944;6328025.628993
945;6328025.613476
946;6328025.061654
947;6325245.345523
948;6321996.811491
949;6321996.811491
950;6321996.811491
951;6321995.254396
952;6321995.254396
953;6307852.153628
954;6307852.153628
955;6307851.767902
956;6307851.767902
957;6307851.744792
958;6307851.422202
959;6307851.291908
960;6307851.291908
961;6307848.809636
962;6307848.637040
963;6307848.426863
964;6307848.297540
965;6307848.297540
966;6307848.297540
967;6307847.069072
968;6307847.069072
969;6307847.069072
970;6307847.069072
971;6307847.048962
972;6307847.008743
973;6250165.800615
974;6250165.755878
975;6250165.755878
976;6250165.755878
977;6250165.004040
978;6250164.742483
979;6250164.742483
980;6250164.742483
981;6250164.742483
982;6250164.673942
983;6250164.598074
984;6250164.591176
985;6250164.584278
986;6250164.584278
987;6250164.584278
988;6250164.584278
989;6250164.127181
990;6250162.527009
991;6250161.945480
992;6250159.298445
993;6250158.468159
994;6190640.901508
995;6190640.239594
996;6190639.965830
997;6190633.835554
998;6190633.732462
999;6190633.669574
1000;6190633.500884
1001;6190633.500884
1002;6190633.500884
1003;6190633.500884
1004;6190633.500884
1005;6190633.500884
1006;6190633.500884
1007;6190633.500884
1008;6190633.500884
1009;6190633.500884
1010;6190633.500884
1011;6190633.500884
1012;6190633.500884
1013;6190633.500884
1014;6190633.500884
1015;6190633.500884
1016;6190633.500884
1017;6190633.500884
1018;6190633.500884
1019;6190633.500884
1020;6190633.500884
1021;6190633.500884
1022;6190633.500884
1023;6190633.500884
1024;6190632.906875
1025;6190632.906875
1026;6190632.905101
1027;6190632.905101
1028;6190632.905101
1029;6190632.905101
1030;6190632.865428
1031;6190632.861285
1032;6190632.778788
1033;6190632.724571
1034;6190632.724571
1035;6190632.724571
1036;6190632.724571
1037;6190632.724571
1038;6190632.724571
1039;6190632.724571
1040;6190632.722371
1041;6190632.595853
1042;6190632.591167
1043;6190632.591167
1044;6190632.588824
1045;6190632.588824
1046;6190632.588824
1047;6190632.588824
1048;6190632.562715
1049;6190632.562715
1050;6190632.562715
1051;6190632.544008
1052;6190632.314487
1053;6190632.314487
1054;6190632.063923
1055;6190632.063923
1056;6190632.063923
1057;6190632.063923
1058;6190632.051172
1059;6190632.051172
1060;6190632.048539
1061;6190632.048539
1062;6190632.048539
1063;6190632.048539
1064;6190632.048539
1065;6190632.032803
1066;6190632.023819
1067;6190632.023819
1068;6190632.023819
1069;6190631.976880
1070;6190631.971399
1071;6190631.968337
1072;6190631.873304
1073;6190631.645839
1074;6190631.598911
1075;6190631.596964
1076;6190631.526643
1077;6190631.177425
1078;6190631.169536
1079;6190631.145867
1080;6190631.137566
1081;6190631.137566
1082;6190631.137566
1083;6190631.113071
1084;6190631.113071
1085;6190631.113071
1086;6190630.958634
1087;6190630.933793
1088;6190630.761729
1089;6190630.761729
1090;6190630.761729
1091;6190630.761729
1092;6190630.761729
1093;6190630.761729
1094;6190630.740797
1095;6190630.424503
1096;6190630.424503
1097;6190630.424503
1098;6190630.424503
1099;6190630.424503
1100;6190630.424503
1101;6190630.424503
1102;6190630.424503
1103;6190630.424503
1104;6190630.403746
1105;6190630.330404
1106;6190630.071050
1107;6190630.071050
1108;6190629.764068
1109;6190629.764068
1110;6190629.656313
1111;6190629.618690
1112;6190629.383225
1113;6190629.383225
1114;6190629.287727
1115;6190628.817838
1116;6190628.797658
1117;6190628.628600
1118;6190628.628600
1119;6190628.628600
1120;6190628.628600
1121;6190628.628600
1122;6190628.628600
1123;6190628.628600
1124;6190628.628600
1125;6190628.628600
1126;6190628.628600
1127;6190628.588043
1128;6190628.201572
1129;6190628.201572
1130;6190628.201572
1131;6190628.201572
1132;6190628.201572
1133;6190627.918495
1134;6190627.918495
1135;6190627.789034
1136;6190627.789034
1137;6190627.789034
1138;6190627.789034
1139;6190627.789034
1140;6190627.757332
1141;6190627.757332
1142;6190627.757332
1143;6190627.757332
1144;6190627.757332
1145;6190627.558500
1146;6190627.529781
1147;6190627.529781
1148;6190627.354258
1149;6190627.282462
1150;6190627.282462
1151;6190627.282462
1152;6190627.282462
1153;6190627.282462
1154;6190627.282462
1155;6190627.282462
1156;6190627.282462
1157;6190627.282462
1158;6190627.117414
1159;6190627.117414
1160;6190627.117414
1161;6190627.117414
1162;6190627.117414
1163;6190627.117414
1164;6190627.117414
1165;6190627.117414
1166;6190627.117414
1167;6190627.117414
1168;6190627.117414
1169;6190627.117414
1170;6190627.117414
1171;6190627.117414
1172;6190627.104138
1173;6190627.104138
1174;6190627.104138
1175;6190626.934019
1176;6190626.934019
1177;6190626.934019
1178;6190626.864578
1179;6190625.689627
1180;6190625.682054
1181;6190625.639231
1182;6190625.639231
1183;6190625.639231
1184;6190625.636587
1185;6190625.621067
1186;6190625.621067
1187;6190625.621067
1188;6190625.616511
1189;6190625.445718
1190;6190625.445718
1191;6190625.445718
1192;6190625.445718
1193;6190625.363920
1194;6190625.363920
1195;6190622.962046
1196;6190622.962046
1197;6190622.962046
1198;6190622.307274
1199;6190622.307274
1200;6190622.307274
1201;6190622.102681
1202;6190621.726253
1203;6190621.349824
1204;6190620.932783
1205;6190620.762737
1206;6190620.762737
1207;6190620.762737
1208;6190620.762737
1209;6190620.762737
1210;6190620.762737
1211;6190620.762737
1212;6190620.762737
1213;6190620.521709
1214;6190620.240297
1215;6190620.026330
1216;6190619.140236
1217;6190619.137064
1218;6190619.113423
1219;6190618.807557
1220;6190618.807557
1221;6190618.700009
1222;6190615.613277
1223;6190615.613277
1224;6190615.613277
1225;6190615.613277
1226;6190615.613277
1227;6190615.613277
1228;6190615.613277
1229;6190615.613277
1230;6190615.613277
1231;6190615.613277
1232;6190615.613277
1233;6190615.613277
1234;6190615.613277
1235;6190614.483991
1236;6190614.483991
1237;6190614.483991
1238;6190614.483991
1239;6190613.575357
1240;6190613.575357
1241;6190613.575357
1242;6190613.575357
1243;6190613.575357
1244;6190613.575357
1245;6190613.575357
1246;6190613.575357
1247;6190613.575357
1248;6190613.575357
1249;6190613.575357
1250;6190613.575357
1251;6190613.575357
1252;6190613.575357
1253;6190613.575357
1254;6190613.575357
1255;6190613.575357
1256;6190613.575357
1257;6190613.575357
1258;6190613.575357
1259;6190613.575357
1260;6190613.575357
1261;6190613.575357
1262;6190613.575357
1263;6190613.575357
1264;6190613.575357
1265;6190613.575357
1266;6190613.575357
1267;6190613.575357
1268;6190613.575357
1269;6190613.575357
1270;6190608.964156
1271;6190608.939715
1272;6190608.917233
1273;6190608.917233
1274;6190608.917233
1275;6190608.702910
1276;6190608.702910
1277;6190608.702910
1278;6190608.702910
1279;6190608.702910
1280;6190608.702910
1281;6190608.702910
1282;6190608.702910
1283;6190608.702910
1284;6190608.702910
1285;6190608.702910
1286;6190608.702910
1287;6190608.702910
1288;6190608.702910
1289;6190608.702910
1290;6190608.702910
1291;6190608.268982
1292;6190608.268982
1293;6190608.268982
1294;6190608.268982
1295;6190608.268982
1296;6190608.268982
1297;6190608.268982
1298;6190607.887012
1299;6190607.868565
1300;6190607.868565
1301;6190607.785066
1302;6190607.785066
1303;6190605.758458
1304;6190605.758458
1305;6190605.758458
1306;6190605.558426
1307;6190605.541298
1308;6190604.696409
1309;6190604.696409
1310;6190604.696409
1311;6190602.993921
1312;6190602.623419
1313;6190602.280188
1314;6190602.243083
1315;6190601.487371
1316;6000136.795430
1317;6000136.557617
1318;6000136.557617
1319;6000136.557617
1320;6000136.557617
1321;6000136.557617
1322;6000136.557617
1323;6000136.557617
1324;6000136.557617
1325;5949519.214310
1326;5932358.269607
1327;5932358.115436
1328;5932358.113182
1329;5932358.096629
1330;5932358.059024
1331;5932358.059024
1332;5932358.059024
1333;5932358.059024
1334;5932358.059024
1335;5932351.738727
1336;5932351.698582
1337;5932345.718659
1338;5932345.718659
1339;5932345.718659
1340;5932345.718659
1341;5897589.963542
1342;5897589.963542
1343;5897589.963542
1344;5897589.963542
1345;5897589.963542
1346;5897589.963542
1347;5897589.963542
1348;5897589.939638
1349;5897589.935745
1350;5897589.898942
1351;5897587.414013
1352;5897587.414013
1353;5897587.414013
1354;5897587.414013
1355;5897587.414013
1356;5897587.414013
1357;5897587.414013
1358;5897587.414013
1359;5897587.414013
1360;5897586.999366
1361;5897586.999366
1362;5897586.999366
1363;5897586.918128
1364;5897586.918128
1365;5897586.918128
1366;5897586.916072
1367;5897586.916072
1368;5897586.916072
1369;5897586.883122
1370;5897586.883122
1371;5897586.883122
1372;5897586.836178
1373;5897586.754941
1374;5897586.754941
1375;5897586.754941
1376;5897586.754941
1377;5897586.754941
1378;5897586.552613
1379;5897586.552613
1380;5897586.451066
1381;5897586.451066
1382;5897586.451066
1383;5897586.433895
1384;5897586.332348
1385;5897586.332348
1386;5897586.332348
1387;5897586.286598
1388;5897586.265457
1389;5897586.157529
1390;5897586.157529
1391;5897586.157529
1392;5897586.157529
1393;5882507.114959
1394;5876445.952422
1395;5876442.636044
1396;5876442.636044
1397;5876437.254309
1398;5876437.254309
1399;5876436.517237
1400;5844314.194652
1401;5833497.931822
1402;5833497.730171
1403;5833493.360150
1404;5833493.360150
1405;5833493.360150
1406;5833493.257570
1407;5833493.104567
1408;5833493.084538
1409;5833493.011045
1410;5826247.408234
1411;5789633.358286
1412;5789633.358286
1413;5789633.358286
1414;5789633.358286
1415;5789633.358286
1416;5789633.358286
1417;5789633.358286
1418;5789633.358286
1419;5789633.358286
1420;5789633.358286
1421;5789624.804408
1422;5789624.804408
1423;5789624.621877
1424;5789624.621877
1425;5789624.621877
1426;5789624.621877
1427;5789624.621877
1428;5789624.621877
1429;5789624.621877
1430;5789624.490759
1431;5789624.490759
1432;5789624.044788
1433;5789620.215971
1434;5789620.209800
1435;5789620.193728
1436;5789617.610850
1437;5789617.610850
1438;5789617.377688
1439;5789617.377688
1440;5789617.377688
1441;5789617.377688
1442;5789617.377688
1443;5789617.377688
1444;5789617.377688
1445;5789617.377688
1446;5789617.377688
1447;5789617.081228
1448;5789617.081228
1449;5789617.081228
1450;5789617.081228
1451;5789617.081228
1452;5789617.001379
1453;5789617.001379
1454;5789616.973664
1455;5789616.561955
1456;5789616.549380
1457;5789616.549380
1458;5789616.549380
1459;5789616.549380
1460;5789616.549380
1461;5789616.549380
1462;5789616.549380
1463;5789616.407374
1464;5789616.368176
1465;5789616.122507
1466;5789616.122507
1467;5789616.122507
1468;5789616.122507
1469;5789616.122507
1470;5789615.958364
1471;5789615.911160
1472;5789615.651424
1473;5733491.133178
1474;5733488.089016
1475;5733485.143314
1476;5714442.561471
1477;5714442.561471
1478;5714442.561471
1479;5699085.535863
1480;5699085.404183
1481;5699085.375972
1482;5675841.291013
1483;5652349.397041
1484;5652349.130819
1485;5652349.130819
1486;5652348.938816
1487;5652348.746812
1488;5652348.255809
1489;5652348.190293
1490;5652348.190293
1491;5625180.468201
1492;5625180.468201
1493;5622071.689458
1494;5616620.689518
1495;5616620.496731
1496;5616620.400082
1497;5616620.400082
1498;5616617.960497
1499;5616617.809365
1500;5616617.761041
1501;5616617.672646
1502;5616617.663926
1503;5616617.558040
1504;5616617.520276
1505;5616617.421948
1506;5616616.852949
1507;5616616.852949
1508;5616616.852949
1509;5616616.785344
1510;5616616.785344
1511;5616616.778341
1512;5616616.710877
1513;5616616.536364
1514;5616616.355488
1515;5616616.287884
1516;5616605.495624
1517;5616605.487781
1518;5616605.459669
1519;5616605.425101
1520;5616605.425101
1521;5616605.242949
1522;5616604.844860
1523;5616602.856876
1524;5616600.868893
1525;5616598.346736
1526;5616598.346736
1527;5616598.346736
1528;5616594.357666
1529;5616594.038430
1530;5616594.038430
1531;5580286.964533
1532;5555737.195004
1533;5555737.195004
1534;5555737.195004
1535;5555734.733606
1536;5555734.053260
1537;5555733.661297
1538;5555733.661297
1539;5555733.661297
1540;5555733.661297
1541;5555733.661297
1542;5555733.661297
1543;5555733.661297
1544;5555721.834186
1545;5555721.834186
1546;5555721.834186
1547;5555721.799143
1548;5555721.799143
1549;5555721.799143
1550;5555721.799143
1551;5555721.799143
1552;5555721.776151
1553;5555721.776151
1554;5555721.093313
1555;5514184.888321
1556;5514184.862129
1557;5514184.781099
1558;5514184.781099
1559;5514184.781099
1560;5511717.926509
1561;5511717.869800
1562;5511717.785521
1563;5511717.649651
1564;5505791.244725
1565;5505790.816443
1566;5505790.460593
1567;5505789.998024
1568;5505789.998024
1569;5505788.534793
1570;5505787.249137
1571;5505787.212635
1572;5505785.941433
1573;5505785.904281
1574;5505784.334087
1575;5505784.197581
1576;5505784.197581
1577;5505784.139422
1578;5505784.107225
1579;5505783.987815
1580;5461179.859186
1581;5461179.464137
1582;5461179.276501
1583;5461179.276501
1584;5461179.276501
1585;5461179.072167
1586;5461174.704623
1587;5461174.704623
1588;5461174.704623
1589;5461174.704623
1590;5461174.704623
1591;5454733.609061
1592;5454733.461383
1593;5454733.302935
1594;5454722.398021
1595;5454722.398021
1596;5454722.370643
1597;5454722.370643
1598;5454722.370643
1599;5454722.370643
1600;5454722.370643
1601;5454722.370643
1602;5454722.370643
1603;5454717.350528
1604;5454717.347458
1605;5454717.347458
1606;5454717.347458
1607;5454717.347458
1608;5454717.347458
1609;5454717.347458
1610;5454716.747616
1611;5454716.590075
1612;5454716.590075
1613;5430297.982612
1614;5428763.775578
1615;5428763.775578
1616;5428762.698503
1617;5428762.698503
1618;5428762.590575
1619;5428762.590575
1620;5428762.590575
1621;5428762.590575
1622;5428762.349679
1623;5428762.349679
1624;5428762.242322
1625;5428762.242322
1626;5428762.242322
1627;5428762.168481
1628;5428761.432539
1629;5428761.052299
1630;5428760.870934
1631;5428760.870934
1632;5428760.870934
1633;5428760.870934
1634;5428760.586551
1635;5428760.586551
1636;5428760.586551
1637;5428760.359360
1638;5428760.123570
1639;5428759.764711
1640;5428759.528921
1641;5428759.528921
1642;5428759.528921
1643;5428759.528921
1644;5428759.528921
1645;5428759.238490
1646;5402484.178655
1647;5402483.846541
1648;5402483.846541
1649;5402483.846541
1650;5402483.846541
1651;5402483.846541
1652;5402482.075957
1653;5402480.331084
1654;5402480.307364
1655;5402480.054708
1656;5402480.054708
1657;5402480.054708
1658;5362507.552167
1659;5362505.784452
1660;5362505.659852
1661;5362505.428401
1662;5362505.231397
1663;5362505.150937
1664;5362505.150937
1665;5362505.150937
1666;5362505.144418
1667;5362505.069606
1668;5362505.069606
1669;5362505.069606
1670;5362505.026878
1671;5362504.977059
1672;5362504.975227
1673;5362504.889303
1674;5362504.850488
1675;5362504.848523
1676;5362504.846559
1677;5362504.846559
1678;5362504.846559
1679;5362504.846559
1680;5362495.951860
1681;5362495.759177
1682;5349018.988677
1683;5349018.846279
1684;5349018.640880
1685;5349018.583494
1686;5349014.187127
1687;5349013.906080
1688;5349011.816473
1689;5349011.202698
1690;5349010.769171
1691;5294306.262210
1692;5294306.232484
1693;5294306.221060
1694;5294293.375622
1695;5294293.124174
1696;5294292.393250
1697;5271135.064220
1698;5271131.735495
1699;5271131.735495
1700;5269015.013642
1701;5269014.972675
1702;5266473.859919
1703;5266473.859919
1704;5266473.846383
1705;5266473.764998
1706;5266473.764998
1707;5266473.764998
1708;5266473.764998
1709;5266473.764998
1710;5266473.764998
1711;5266473.764998
1712;5266473.764998
1713;5266473.764998
1714;5266473.764998
1715;5266473.432390
1716;5266471.017210
1717;5266470.755903
1718;5266467.601068
1719;5266467.601068
1720;5266466.696705
1721;5241835.318918
1722;5241834.649403
1723;5241832.990574
1724;5241832.990106
1725;5241832.881761
1726;5241832.855747
1727;5241832.838455
1728;5241832.726907
1729;5238284.806851
1730;5238284.806851
1731;5238284.806851
1732;5238275.835290
1733;5238274.693199
1734;5238274.693199
1735;5238274.693199
1736;5238274.693199
1737;5238274.693199
1738;5238274.693199
1739;5238274.693199
1740;5238274.693199
1741;5238274.693199
1742;5238274.693199
1743;5238274.693199
1744;5238274.693199
1745;5238274.371054
1746;5238273.990698
1747;5238273.990698
1748;5238273.990698
1749;5238273.990698
1750;5238273.990698
1751;5238273.990698
1752;5238273.990698
1753;5238273.990698
1754;5238273.990698
1755;5238273.990698
1756;5238273.990698
1757;5238273.990698
1758;5238273.990698
1759;5238273.990698
1760;5238273.990698
1761;5238273.863520
1762;5238273.599696
1763;5238273.296131
1764;5238272.885183
1765;5238270.289776
1766;5238270.289776
1767;5238270.289776
1768;5238270.289776
1769;5238270.289776
1770;5238270.289776
1771;5238270.289776
1772;5238270.289776
1773;5238270.289776
1774;5238270.289776
1775;5230306.671536
1776;5229539.101702
1777;5229539.101702
1778;5228608.225069
1779;5227454.815653
1780;5227454.815653
1781;5225989.308220
1782;5224063.951229
1783;5224062.701069
1784;5224062.614988
1785;5224062.063523
1786;5224061.942173
1787;5224061.941331
1788;5224061.935086
1789;5224061.278176
1790;5224061.278176
1791;5224061.263050
1792;5224061.263050
1793;5224061.226310
1794;5224061.187083
1795;5224061.187083
1796;5224061.160157
1797;5224061.084039
1798;5224061.047634
1799;5224061.047634
1800;5224061.009745
1801;5224058.037571
1802;5224058.037571
1803;5224055.386665
1804;5224055.377808
1805;5224055.317672
1806;5224054.973377
1807;5224054.750590
1808;5224054.733402
1809;5224054.626717
1810;5200188.664205
1811;5200188.414728
1812;5200188.367357
1813;5200188.338384
1814;5200188.214735
1815;5200188.214735
1816;5200188.054319
1817;5188167.277347
1818;5180926.821010
1819;5180926.821010
1820;5180926.821010
1821;5180926.776770
1822;5180926.776770
1823;5180926.776770
1824;5180926.776770
1825;5180926.776770
1826;5180926.776770
1827;5180926.776770
1828;5180926.776770
1829;5180926.737783
1830;5180926.704715
1831;5180926.704715
1832;5180923.088054
1833;5180920.680842
1834;5180920.680842
1835;5180920.637596
1836;5180920.407975
1837;5180920.178354
1838;5180919.457949
1839;5180919.361313
1840;5180919.264676
1841;5180919.109504
1842;5180918.737137
1843;5180918.737137
1844;5180918.277895
1845;5180917.769800
1846;5180917.673163
1847;5180917.576527
1848;5180917.576527
1849;5180917.576527
1850;5180916.356647
1851;5180914.547302
1852;5180914.460202
1853;5180911.875239
1854;5180908.742210
1855;5180908.586942
1856;5180908.431673
1857;5180907.940399
1858;5180907.755868
1859;5180907.755868
1860;5180907.755868
1861;5180906.540081
1862;5180906.349838
1863;5180906.166585
1864;5151700.203194
1865;5151698.952603
1866;5151698.851584
1867;5151698.795515
1868;5151698.717795
1869;5151698.671522
1870;5151698.403425
1871;5151698.403425
1872;5151698.403425
1873;5151698.402381
1874;5151698.401859
1875;5151698.401859
1876;5151698.390088
1877;5151698.330602
1878;5151696.941183
1879;5151696.886931
1880;5151696.422664
1881;5151696.274915
1882;5151696.137522
1883;5151696.043540
1884;5151696.043540
1885;5151695.882518
1886;5122137.429808
1887;5122137.089832
1888;5122137.083964
1889;5122137.000530
1890;5122136.906960
1891;5122136.375797
1892;5122136.373854
1893;5122136.373854
1894;5122136.373854
1895;5122135.664770
1896;5122135.664770
1897;5122132.937802
1898;5122132.937802
1899;5122132.289774
1900;5122132.289774
1901;5122132.289774
1902;5122132.289774
1903;5122132.289774
1904;5098223.104649
1905;5098223.104649
1906;5098223.104649
1907;5098223.104649
1908;5098223.104649
1909;5098223.104649
1910;5098223.104649
1911;5089478.506987
1912;5089478.506987
1913;5089478.506987
1914;5086906.241062
1915;5086905.770961
1916;5086905.637721
1917;5086905.167620
1918;5086905.038654
1919;5086904.921695
1920;5086904.662171
1921;5085673.123842
1922;5085672.803990
1923;5085672.791783
1924;5082174.716540
1925;5082173.847543
1926;5082173.847543
1927;5082173.847543
1928;5082173.787452
1929;5082173.764040
1930;5082170.587368
1931;5082170.428522
1932;5082170.200550
1933;5082170.092637
1934;5074095.901588
1935;5074095.901588
1936;5074095.901588
1937;5074094.914529
1938;5074094.914529
1939;5074094.754881
1940;5074094.042201
1941;5074094.042201
1942;5074094.042201
1943;5074094.042201
1944;5074094.042201
1945;5067467.118453
1946;5065992.656053
1947;5065992.409637
1948;5065991.894804
1949;5065991.855873
1950;5065991.855873
1951;5061917.295329
1952;5061916.843627
1953;5061916.817312
1954;5061915.667932
1955;5041521.213470
1956;5041520.613293
1957;5041520.342216
1958;5041520.335584
1959;5035668.465994
1960;5033323.934265
1961;5033323.891894
1962;5033323.879123
1963;5031260.074360
1964;5031260.074360
1965;5031260.074360
1966;5031260.064391
1967;5031259.969310
1968;5031255.232311
1969;5031255.231040
1970;5023538.917216
1971;5022835.213732
1972;5021855.837965
1973;5021855.828689
1974;5021855.646756
1975;5020957.715982
1976;5020957.692730
1977;5020957.687507
1978;5016823.085128
1979;5016823.084157
1980;5016823.082462
1981;5016822.982498
1982;5016822.978317
1983;5000197.811168
1984;5000197.811168
1985;5000197.811168
1986;5000197.811168
1987;5000197.811168
1988;5000197.811168
1989;5000197.811168
1990;5000197.811168
1991;5000197.811168
1992;5000197.811168
1993;5000197.811168
1994;5000197.811168
1995;5000197.811168
1996;5000197.811168
1997;5000197.811168
1998;5000197.811168
1999;5000197.811168
2000;5000197.811168
2001;5000197.811168
2002;5000197.811168
2003;5000197.811168
2004;5000197.811168
2005;5000197.811168
2006;5000197.811168
2007;5000197.811168
2008;5000197.811168
2009;5000197.811168
2010;5000197.811168
2011;5000197.811168
2012;5000197.811168
2013;5000197.811168
2014;5000197.811168
2015;5000197.811168
2016;5000197.811168
2017;5000197.811168
2018;5000197.201371
2019;5000197.201371
2020;5000197.201371
2021;5000197.201371
2022;5000197.201371
2023;5000197.201371
2024;5000197.201371
2025;5000197.201371
2026;5000197.201371
2027;5000197.201371
2028;5000197.201371
2029;5000197.201371
2030;5000197.201371
2031;5000197.201371
2032;5000197.201371
2033;5000193.553865
2034;5000193.553865
2035;5000193.407363
2036;5000191.863379
2037;5000187.450255
2038;5000187.450255
2039;5000187.450255
2040;5000187.450255
2041;5000187.060437
2042;5000187.060437
2043;5000186.598963
2044;5000186.598963
2045;5000186.598963
2046;5000185.769810
2047;5000185.769810
2048;5000185.769810
2049;5000185.769810
2050;5000185.769810
2051;5000185.769810
2052;5000185.769810
2053;5000185.767676
2054;5000185.767676
2055;5000185.727539
2056;5000185.727539
2057;5000185.727539
2058;5000185.727539
2059;5000185.727539
2060;5000185.727539
2061;5000185.727539
2062;5000185.704913
2063;5000185.691297
2064;5000185.677681
2065;5000185.664065
2066;5000185.623038
2067;5000185.623038
2068;5000185.623038
2069;5000185.623038
2070;5000183.448628
2071;5000182.267568
2072;5000182.267568
2073;5000182.267568
2074;5000182.233029
2075;5000182.233029
2076;5000182.233029
2077;5000181.903406
2078;5000181.903406
2079;5000181.903406
2080;5000181.903406
2081;5000181.903406
2082;5000181.903406
2083;5000181.903406
2084;5000181.903406
2085;5000181.903406
2086;5000181.903406
2087;5000181.717695
2088;5000181.717695
2089;5000181.717695
2090;5000181.572231
2091;5000181.572231
2092;5000181.572231
2093;5000181.572231
2094;5000181.572231
2095;5000181.572231
2096;5000181.453211
2097;5000181.453211
2098;5000181.453211
2099;5000181.439421
2100;5000181.007148
2101;5000181.007148
2102;5000179.236394
2103;5000179.236394
2104;5000179.236394
2105;5000179.236394
2106;5000179.236394
2107;5000179.236394
2108;5000179.236394
2109;5000179.236394
2110;5000179.236394
2111;5000179.236394
2112;5000179.236394
2113;5000179.236394
2114;5000179.236394
2115;5000179.236394
2116;5000179.236394
2117;5000179.236394
2118;5000179.236394
2119;5000179.236394
2120;5000179.236394
2121;5000179.236394
2122;5000179.236394
2123;5000179.220957
2124;5000179.220957
2125;5000179.216695
2126;5000179.028843
2127;5000179.028843
2128;5000179.028843
2129;5000179.028843
2130;5000179.028843
2131;5000179.016622
2132;5000178.839150
2133;5000178.839150
2134;5000178.839150
2135;5000178.839150
2136;5000178.839150
2137;5000178.839150
2138;5000178.825354
2139;5000176.630145
2140;5000176.618592
2141;5000175.954374
2142;5000175.954374
2143;5000175.954374
2144;5000175.954374
2145;5000175.954374
2146;5000175.677412
2147;5000175.645262
2148;5000175.645262
2149;5000175.448416
2150;5000174.879654
2151;5000174.879654
2152;5000174.879654
2153;5000174.846678
2154;5000174.799266
2155;5000174.783461
2156;5000174.673129
2157;5000174.461846
2158;5000174.461846
2159;5000174.461846
2160;5000174.461846
2161;5000174.461846
2162;5000174.461846
2163;5000174.461846
2164;5000174.461846
2165;5000174.461846
2166;5000173.699589
2167;5000173.699589
2168;5000173.699589
2169;5000173.689280
2170;5000172.468341
2171;5000172.468341
2172;5000172.430158
2173;5000172.387508
2174;5000172.249750
2175;5000170.999604
2176;5000170.999604
2177;5000170.999604
2178;5000170.999604
2179;5000170.999604
2180;5000170.999604
2181;5000170.999604
2182;5000170.999604
2183;5000170.999604
2184;5000170.999604
2185;5000170.999604
2186;5000170.999604
2187;5000170.999604
2188;5000170.999604
2189;5000170.999604
2190;5000170.378628
2191;5000170.378628
2192;5000170.378628
2193;5000170.378628
2194;5000170.378628
2195;5000170.378628
2196;5000170.378628
2197;5000170.376119
2198;5000169.947280
2199;5000169.872325
2200;5000169.872325
2201;5000169.872325
2202;5000169.872325
2203;5000169.872325
2204;5000169.872325
2205;5000169.872325
2206;5000169.867328
2207;5000169.867328
2208;5000167.812173
2209;5000167.633076
2210;5000166.968859
2211;5000166.968859
2212;5000166.968859
2213;5000166.968859
2214;5000166.968859
2215;5000166.968859
2216;5000166.968859
2217;5000164.854784
2218;5000164.854784
2219;5000164.854784
2220;5000164.854784
2221;5000164.854784
2222;5000164.854784
2223;5000164.854784
2224;5000164.854784
2225;5000164.854784
2226;5000164.854784
2227;5000164.854784
2228;5000164.854784
2229;5000164.854784
2230;5000164.854784
2231;5000164.854784
2232;5000164.854784
2233;5000164.854784
2234;5000164.854784
2235;5000164.854784
2236;5000164.854784
2237;5000164.854784
2238;5000164.854784
2239;5000164.854784
2240;5000164.854784
2241;5000164.854784
2242;5000164.854784
2243;5000164.854784
2244;5000164.854784
2245;5000164.854784
2246;5000164.854784
2247;5000164.854784
2248;5000164.854784
2249;5000164.854784
2250;5000164.854784
2251;5000164.854784
2252;5000164.854784
2253;5000164.854784
2254;5000164.854784
2255;5000164.854784
2256;5000164.854784
2257;5000164.854784
2258;5000164.854784
2259;5000164.854784
2260;5000164.854784
2261;5000164.854784
2262;5000164.854784
2263;5000164.854784
2264;5000164.854784
2265;5000164.816340
2266;5000164.494008
2267;5000164.336186
2268;5000164.336186
2269;5000164.336186
2270;5000164.336186
2271;5000164.336186
2272;5000164.336186
2273;5000163.634130
2274;5000163.634130
2275;5000163.634130
2276;5000163.634130
2277;5000163.634130
2278;5000163.634130
2279;5000163.634130
2280;5000163.464734
2281;5000163.427400
2282;5000163.418019
2283;5000163.418019
2284;5000163.316548
2285;5000163.316548
2286;5000163.316548
2287;5000163.316548
2288;5000163.316548
2289;5000163.316548
2290;5000163.316548
2291;5000163.316548
2292;5000163.316548
2293;5000163.316548
2294;5000163.316548
2295;5000163.300894
2296;5000162.514596
2297;5000162.514596
2298;5000162.514596
2299;5000162.514596
2300;5000162.514596
2301;5000162.514596
2302;5000162.514596
2303;5000162.514596
2304;5000162.514596
2305;5000162.514596
2306;5000162.514596
2307;5000162.470590
2308;5000162.464710
2309;5000162.464710
2310;5000162.441683
2311;5000162.426054
2312;5000162.423628
2313;5000162.406179
2314;5000162.399710
2315;5000162.383297
2316;5000162.383297
2317;5000162.285714
2318;5000162.272037
2319;5000162.272037
2320;5000162.230871
2321;5000162.227712
2322;5000162.153137
2323;5000162.153137
2324;5000162.093014
2325;5000162.093014
2326;5000162.093014
2327;5000162.093014
2328;5000162.093014
2329;5000162.003345
2330;5000162.003345
2331;5000162.003345
2332;5000162.003345
2333;5000161.931747
2334;5000161.931747
2335;5000161.794379
2336;5000161.794379
2337;5000161.794379
2338;5000161.788004
2339;5000161.764235
2340;5000160.816689
2341;5000159.988502
2342;5000159.953804
2343;5000159.809020
2344;5000159.805965
2345;5000159.596019
2346;5000159.365451
2347;5000158.883146
2348;5000158.784933
2349;5000158.486322
2350;5000158.472828
2351;5000158.472735
2352;5000158.469793
2353;5000158.242180
2354;5000158.242180
2355;5000158.204714
2356;5000158.204714
2357;5000156.970028
2358;5000156.953638
2359;5000156.953638
2360;5000156.953638
2361;5000156.659840
2362;5000156.587588
2363;5000156.481884
2364;5000156.475064
2365;5000156.429618
2366;5000155.410744
2367;5000155.410744
2368;5000155.410744
2369;5000155.410744
2370;5000154.919620
2371;5000154.919620
2372;5000154.919620
2373;5000154.522092
2374;5000154.396538
2375;5000154.306020
2376;5000153.700776
2377;5000153.700776
2378;5000153.700776
2379;5000153.445059
2380;5000153.445059
2381;5000153.196538
2382;5000153.196538
2383;5000153.196538
2384;5000153.196538
2385;5000153.196538
2386;5000152.974104
2387;5000149.082365
2388;5000149.082365
2389;5000148.895297
2390;5000148.895297
2391;5000148.895297
2392;5000148.887587
2393;5000148.887587
2394;5000148.887587
2395;5000148.887587
2396;5000148.833017
2397;5000148.830564
2398;5000148.830564
2399;5000148.793890
2400;5000148.746787
2401;5000148.743882
2402;5000148.743882
2403;5000148.681417
2404;5000148.681417
2405;5000148.681417
2406;5000148.033037
2407;5000147.432384
2408;5000147.432384
2409;5000147.432384
2410;5000147.411992
2411;5000147.411323
2412;5000147.401796
2413;5000147.249962
2414;5000146.984364
2415;5000146.923465
2416;5000143.319495
2417;5000143.319495
2418;5000143.319495
2419;5000143.319495
2420;5000143.319495
2421;5000143.269856
2422;5000143.269856
2423;5000143.269856
2424;5000143.269856
2425;5000143.269856
2426;5000143.269856
2427;5000143.269856
2428;5000143.269856
2429;5000142.775331
2430;5000141.304604
2431;5000140.853547
2432;5000140.817614
2433;5000140.803993
2434;5000140.796058
2435;5000140.300098
2436;5000140.300098
2437;5000139.728450
2438;5000139.728450
2439;5000139.511898
2440;5000139.331702
2441;5000139.295411
2442;5000139.078858
2443;5000138.898662
2444;5000138.862371
2445;4737009.851366
2446;4737009.851366
2447;4737009.304072
2448;4737009.304072
2449;4737009.304072
2450;4737009.304072
2451;4737009.304072
2452;4737009.304072
2453;4737009.304072
2454;4737009.304072
2455;4737006.926969
2456;4737006.926969
2457;4737006.926969
2458;4737006.926969
2459;4737006.606160
2460;4737006.606160
2461;4737006.606160
2462;4737006.606160
2463;4737006.370089
2464;4737005.048818
2465;4737005.048818
2466;4737005.048818
2467;4737005.048818
2468;4737005.048818
2469;4737004.569641
2470;4737004.569641
2471;4737004.569641
2472;4737004.569641
2473;4737004.290361
2474;4737004.141354
2475;4737003.980526
2476;4737003.951284
2477;4737003.691059
2478;4737003.691059
2479;4737003.691059
2480;4737003.691059
2481;4737003.691059
2482;4737003.672672
2483;4737003.341206
2484;4737003.341206
2485;4737003.341206
2486;4737003.341206
2487;4737003.341206
2488;4737003.341206
2489;4737003.341206
2490;4737003.341206
2491;4737003.341206
2492;4737003.341206
2493;4737003.341206
2494;4737003.341206
2495;4737003.341206
2496;4736998.360817
2497;4736998.360817
2498;4736998.360817
2499;4736998.360817
2500;4736998.360817
2501;4736998.360817
2502;4736998.360817
2503;4736998.360817
2504;4736998.360817
2505;4736998.360817
2506;4736998.360817
2507;4736998.360817
2508;4736998.360817
2509;4736998.360817
2510;4736998.360817
2511;4736998.360817
2512;4736997.629561
2513;4736997.587652
2514;4736994.134291
2515;4736994.081054
2516;4736994.081054
2517;4736994.081054
2518;4736993.900489
2519;4736993.900489
2520;4736993.900489
2521;4736993.900489
2522;4736993.900489
2523;4736993.900489
2524;4736993.900489
2525;4736993.900489
2526;4736993.900489
2527;4736993.900489
2528;4736993.900489
2529;4736993.900489
2530;4736993.900489
2531;4736993.303144
2532;4736986.988401
2533;4736986.988401
2534;4736986.988401
2535;4736986.972147
2536;4736986.972147
2537;4736986.972147
2538;4736986.972147
2539;4736986.878995
2540;4736986.179819
2541;4736986.179819
2542;4736986.179819
2543;4473874.990679
2544;4473874.990679
2545;4472919.474894
2546;4472822.364366
2547;4472553.958721
2548;4472361.304626
2549;4472361.127347
2550;4472361.127347
2551;4472361.016491
2552;4471736.739707
2553;4471736.632739
2554;4471181.979353
2555;4471181.975571
2556;4471181.975571
2557;4470239.395655
2558;4470239.395655
2559;4470239.395655
2560;4468277.552238
2561;4468276.761351
2562;4468276.744396
2563;4468276.744396
2564;4467649.997308
2565;4467649.989413
2566;4467649.974002
2567;4467051.850413
2568;4467051.841107
2569;4467051.827905
2570;4467051.825799
2571;4466213.591385
2572;4466213.591385
2573;4466213.438420
2574;4464167.803137
2575;4460778.070623
2576;4460424.124690
2577;4457877.871275
2578;4457877.527664
2579;4455802.557487
2580;4455802.198518
2581;4455802.160664
2582;4444628.035573
2583;4444628.035573
2584;4444628.035573
2585;4444628.035573
2586;4444628.035573
2587;4444628.035573
2588;4444628.035573
2589;4444628.035573
2590;4444628.035573
2591;4444628.035573
2592;4444628.035573
2593;4444628.035573
2594;4444628.035573
2595;4444628.035573
2596;4444628.035573
2597;4444628.035573
2598;4444628.035573
2599;4444628.035573
2600;4444628.035573
2601;4444628.035573
2602;4444628.035573
2603;4444628.035573
2604;4444628.035573
2605;4444628.035573
2606;4444628.035573
2607;4444628.035573
2608;4444628.035573
2609;4444628.035573
2610;4444628.035573
2611;4444628.035573
2612;4444628.035573
2613;4444628.035573
2614;4444628.035573
2615;4444628.035573
2616;4444628.035573
2617;4444628.035573
2618;4444628.035573
2619;4444628.035573
2620;4444628.035573
2621;4444616.290786
2622;4444616.290786
2623;4444616.290786
2624;4444616.290786
2625;4444616.290786
2626;4444616.290786
2627;4444616.290786
2628;4444616.290786
2629;4444616.290786
2630;4444616.290786
2631;4444616.290786
2632;4444616.290786
2633;4444616.290786
2634;4444616.290786
2635;4444616.290786
2636;4444616.290786
2637;4444616.290786
2638;4444616.290786
2639;4444616.290786
2640;4444616.290786
2641;4444616.290786
2642;4444616.290786
2643;4444616.290786
2644;4444616.290786
2645;4444616.290786
2646;4444616.290786
2647;4444616.290786
2648;4444616.290786
2649;4444616.290786
2650;4444616.290786
2651;4444616.290786
2652;4444616.290786
2653;4444616.290786
2654;4444616.290786
2655;4444616.290786
2656;4444616.290786
2657;4444616.290786
2658;4444616.290786
2659;4444616.290786
2660;4444616.290786
2661;4444616.290786
2662;4444616.290786
2663;4444616.290786
2664;4444616.290786
2665;4444616.290786
2666;4444616.290786
2667;4444616.290786
2668;4444616.290786
2669;4444616.290786
2670;4444616.290786
2671;4444616.290786
2672;4444616.290786
2673;4444616.290786
2674;4444616.290786
2675;4444616.290786
2676;4444616.290786
2677;4444616.290786
2678;4444616.290786
2679;4444616.290786
2680;4444616.290786
2681;4444616.290786
2682;4444616.290786
2683;4444616.290786
2684;4444616.290786
2685;4444616.290786
2686;4444616.290786
2687;4444616.290786
2688;4444616.290786
2689;4444616.290786
2690;4444616.290786
2691;4444616.290786
2692;4444616.290786
2693;4444616.290786
2694;4444616.290786
2695;4444616.290786
2696;4444616.290786
2697;4444616.290786
2698;4444616.290786
2699;4444616.290786
2700;4444616.290786
2701;4444616.290786
2702;4444616.290786
2703;4444616.290786
2704;4444616.290786
2705;4444616.199119
2706;4444616.199119
2707;4444616.199119
2708;4444616.199119
2709;4444616.199119
2710;4444616.199119
2711;4444616.199119
2712;4444616.199119
2713;4444616.199119
2714;4444615.933869
2715;4444615.933869
2716;4444615.253337
2717;4444615.253337
2718;4444615.253337
2719;4444615.253337
2720;4444614.210901
2721;4444614.210901
2722;4444614.210901
2723;4444614.210901
2724;4444614.210901
2725;4444614.210901
2726;4444614.210901
2727;4444614.210901
2728;4444614.210901
2729;4444614.210901
2730;4444614.210901
2731;4444614.210901
2732;4444614.210901
2733;4444614.210901
2734;4444614.210901
2735;4444614.210901
2736;4444614.210901
2737;4444614.210901
2738;4444614.210901
2739;4444614.210901
2740;4444614.210901
2741;4444614.210901
2742;4366386.646641
2743;4366386.646641
2744;4366386.646641
2745;4366383.641473
2746;4366383.595283
2747;4366382.721774
2748;4366382.721774
2749;4366382.700192
2750;4366382.011414
2751;4366381.608650
2752;4366381.608650
2753;4339812.846004
2754;4339812.846004
2755;4339812.784126
2756;4339812.604107
2757;4339812.583895
2758;4339812.583895
2759;4339812.583895
2760;4339812.538477
2761;4339812.465956
2762;4339812.465956
2763;4339812.378180
2764;4339806.980584
2765;4339806.876063
2766;4339801.779282
2767;4339801.779282
2768;4339801.779282
2769;4318366.415878
2770;4309131.869911
2771;4309131.735433
2772;4303988.258093
2773;4285912.450881
2774;4285912.450881
2775;4285912.450881
2776;4285912.450881
2777;4285912.096071
2778;4285911.919815
2779;4285911.919815
2780;4285911.919815
2781;4285911.919815
2782;4285911.919815
2783;4285911.919815
2784;4259456.984210
2785;4259456.984210
2786;4259456.984210
2787;4259456.984210
2788;4259456.984210
2789;4259456.984210
2790;4259456.984210
2791;4259456.984210
2792;4259456.984210
2793;4259456.984210
2794;4259456.984210
2795;4255527.638102
2796;4255527.638102
2797;4253939.252481
2798;4253939.252481
2799;4253939.252481
2800;4253939.252481
2801;4253086.157822
2802;4253083.683265
2803;4253080.514250
2804;4253078.160067
2805;4253078.160067
2806;4253078.160067
2807;4253078.105719
2808;4253077.934141
2809;4253077.789757
2810;4253077.731212
2811;4253077.555852
2812;4253077.453463
2813;4253077.414786
2814;4253077.414786
2815;4253077.322425
2816;4253076.894303
2817;4253076.795794
2818;4253076.715724
2819;4253076.653520
2820;4253076.653520
2821;4253076.653520
2822;4253076.653520
2823;4253076.653520
2824;4253076.653520
2825;4253076.653520
2826;4253076.653520
2827;4253076.653520
2828;4253076.631521
2829;4253076.571153
2830;4253076.553775
2831;4253075.954203
2832;4253075.917897
2833;4253075.812397
2834;4253075.744019
2835;4253075.740664
2836;4253075.619791
2837;4253074.427380
2838;4253074.427380
2839;4253074.427380
2840;4253074.427380
2841;4253074.427380
2842;4253074.427380
2843;4253074.285718
2844;4253074.285718
2845;4253074.285718
2846;4253073.946571
2847;4253073.854218
2848;4253073.849989
2849;4253073.819874
2850;4253073.727521
2851;4253073.690471
2852;4253073.680976
2853;4253073.581584
2854;4253073.510677
2855;4253073.510677
2856;4253069.744424
2857;4253067.479825
2858;4253064.412758
2859;4253064.349084
2860;4253061.267224
2861;4253058.249037
2862;4230966.937949
2863;4230966.937949
2864;4230966.901609
2865;4230966.018531
2866;4230966.018531
2867;4230964.699255
2868;4203099.795092
2869;4203099.738478
2870;4203099.738478
2871;4203099.738478
2872;4203099.415688
2873;4203099.415688
2874;4203099.415688
2875;4203099.415688
2876;4203099.415688
2877;4203099.415688
2878;4203099.415688
2879;4203099.415688
2880;4203099.332115
2881;4203099.332115
2882;4203099.332115
2883;4203099.332115
2884;4203099.320836
2885;4203099.193266
2886;4203099.151794
2887;4203099.151794
2888;4203099.151794
2889;4203099.151794
2890;4203099.151794
2891;4203099.151794
2892;4203099.151794
2893;4203099.151794
2894;4203099.151794
2895;4203099.151794
2896;4203099.151794
2897;4203099.151794
2898;4203099.151794
2899;4203099.151794
2900;4203099.151794
2901;4203099.151794
2902;4203099.151794
2903;4203098.860763
2904;4203098.018190
2905;4203098.018190
2906;4203098.018190
2907;4203098.018190
2908;4203098.018190
2909;4203098.018190
2910;4203097.770849
2911;4203097.652981
2912;4203097.479802
2913;4203097.438743
2914;4203097.158379
2915;4203097.091340
2916;4203097.091340
2917;4203097.091340
2918;4203097.091340
2919;4203097.091340
2920;4203097.091340
2921;4203097.091340
2922;4203097.091340
2923;4203097.074979
2924;4203097.074979
2925;4203097.074979
2926;4203097.073495
2927;4203097.066417
2928;4203096.951907
2929;4203096.951907
2930;4203096.923834
2931;4203096.922192
2932;4203096.916125
2933;4203096.721422
2934;4203096.721422
2935;4203096.721422
2936;4203096.721422
2937;4203096.721422
2938;4203096.721422
2939;4196633.058073
2940;4196632.515820
2941;4196632.515820
2942;4196632.515820
2943;4196632.083475
2944;4196632.062215
2945;4193751.631943
2946;4186246.875803
2947;4186246.849252
2948;4186246.848535
2949;4186246.822700
2950;4186244.315738
2951;4186244.314164
2952;4186243.358748
2953;4186242.988655
2954;4174957.216496
2955;4174957.216496
2956;4174957.216496
2957;4174957.216496
2958;4174956.917892
2959;4174956.917892
2960;4174956.570890
2961;4174956.570890
2962;4174956.508812
2963;4174956.508812
2964;4174956.409072
2965;4174956.267240
2966;4174952.535421
2967;4174952.535421
2968;4174952.535421
2969;4174952.535421
2970;4174952.356515
2971;4174952.356515
2972;4174952.279428
2973;4154693.244815
2974;4154693.244815
2975;4154693.244815
2976;4154052.128965
2977;4154051.729557
2978;4154051.477153
2979;4154051.477153
2980;4154051.449129
2981;4154051.449129
2982;4154050.110603
2983;4152252.232561
2984;4152252.232561
2985;4149143.927066
2986;4146548.473590
2987;4117882.677662
2988;4117882.320197
2989;4117882.291822
2990;4117881.104131
2991;4117881.104131
2992;4117881.104131
2993;4117881.104131
2994;4117881.104131
2995;4117881.104131
2996;4117881.104131
2997;4117881.104131
2998;4117881.104131
2999;4117881.104131
3000;4117861.893511
3001;4117861.893511
3002;4117861.893511
3003;4117861.893511
3004;4117861.893511
3005;4117861.893511
3006;4117861.893511
3007;4117861.893511
3008;4117861.257533
3009;4117861.257533
3010;4117861.257533
3011;4117861.257533
3012;4117861.257533
3013;4117861.257533
3014;4117861.257533
3015;4117861.257533
3016;4117857.717609
3017;4117857.717609
3018;4117855.908418
3019;4117855.908418
3020;4117855.908418
3021;4117855.908418
3022;4117855.272440
3023;4117855.272440
3024;4117849.608815
3025;4117849.608815
3026;4117842.831969
3027;4117842.737393
3028;4117842.628553
3029;4117842.628553
3030;4117842.479765
3031;4117842.479765
3032;4117842.479765
3033;4117842.376398
3034;4117842.376398
3035;4117842.376398
3036;4117842.376398
3037;4117840.978920
3038;4117840.587496
3039;4117840.353623
3040;4117840.353623
3041;4117840.353623
3042;4117837.512173
3043;4117833.115442
3044;4117833.115442
3045;4117833.115442
3046;4117833.115442
3047;4117833.115442
3048;4117833.115442
3049;4117833.115442
3050;4117832.145868
3051;4117832.145868
3052;4117831.176295
3053;4117831.176295
3054;4117831.176295
3055;4117828.413677
3056;4117828.413677
3057;4117828.413677
3058;4117828.413677
3059;4117827.770556
3060;4117827.336419
3061;4117827.019724
3062;4117827.019724
3063;4117826.760444
3064;4117826.760444
3065;4117826.760444
3066;4117826.760444
3067;4117826.379525
3068;4117826.379525
3069;4117826.235470
3070;4117825.934994
3071;4117825.682232
3072;4117825.417238
3073;4117825.267429
3074;4117825.267429
3075;4117824.940464
3076;4117824.659856
3077;4117824.652682
3078;4030051.780694
3079;4030051.780694
3080;4030051.780694
3081;4030051.780694
3082;4030051.780694
3083;4030051.780694
3084;4030051.638580
3085;4030051.638580
3086;4030051.340215
3087;4030051.340215
3088;4030051.340215
3089;4030051.340215
3090;4030051.340215
3091;4030051.340215
3092;4030051.340215
3093;4030051.340215
3094;4030051.340215
3095;4030051.340215
3096;4030051.340215
3097;4030051.335121
3098;4030051.324618
3099;4030051.324618
3100;4030051.324618
3101;4030051.324618
3102;4030051.324618
3103;4030051.324618
3104;4030051.324618
3105;4030051.324618
3106;4030051.324618
3107;4030051.324618
3108;4030051.324618
3109;4030051.315023
3110;4030051.263710
3111;4030051.231730
3112;4030051.194340
3113;4030051.144849
3114;4030050.983718
3115;4030050.983718
3116;4030050.983718
3117;4030050.983718
3118;4030050.983718
3119;4030050.911138
3120;4030050.911138
3121;4030050.732477
3122;4030050.416245
3123;4030050.296386
3124;4030050.288449
3125;4030050.288449
3126;4030050.288449
3127;4030050.275401
3128;4030050.148827
3129;4030049.926271
3130;4030049.926271
3131;4030049.917170
3132;4030049.911709
3133;4000211.484925
3134;4000211.484925
3135;4000211.338871
3136;4000211.333992
3137;4000211.003177
3138;4000210.879798
3139;4000210.879798
3140;4000205.420120
3141;4000205.309327
3142;4000199.823909
3143;4000199.823909
3144;4000199.823909
3145;4000199.823909
3146;4000199.823909
3147;4000199.823909
3148;3990359.963980
3149;3990359.873458
3150;3990359.743439
3151;3990359.696775
3152;3990359.598935
3153;3989284.122209
3154;3989283.500711
3155;3987944.027059
3156;3987943.982557
3157;3987943.257171
3158;3986228.997898
3159;3986228.956503
3160;3986228.942353
3161;3986228.086679
3162;3986228.068566
3163;3986228.039237
3164;3986228.009614
3165;3986226.133085
3166;3983953.940536
3167;3983952.961237
3168;3983952.822083
3169;3983951.901457
3170;3982514.003722
3171;3982513.462301
3172;3980797.867076
3173;3980796.644790
3174;3980796.398259
3175;3980796.186366
3176;3980796.105460
3177;3980796.029275
3178;3980795.717067
3179;3980795.697421
3180;3980794.509448
3181;3980794.509448
3182;3980794.509448
3183;3980794.509448
3184;3980794.509448
3185;3980794.509448
3186;3980794.509448
3187;3980794.509448
3188;3980794.509448
3189;3980794.339114
3190;3980794.287110
3191;3980794.287110
3192;3980794.287110
3193;3980794.287110
3194;3980794.262390
3195;3980794.210385
3196;3980794.210385
3197;3980793.814833
3198;3980793.673044
3199;3980793.553779
3200;3976119.031732
3201;3976117.514920
3202;3976117.208983
3203;3976116.946032
3204;3976116.857662
3205;3976116.850602
3206;3976116.745525
3207;3976116.728540
3208;3976116.575571
3209;3976116.444096
3210;3976116.399911
3211;3976116.396381
3212;3976116.343843
3213;3976116.317273
3214;3976115.505863
3215;3976115.505863
3216;3939618.250559
3217;3939618.228606
3218;3939618.228606
3219;3939618.065086
3220;3939618.059756
3221;3939618.041005
3222;3939618.041005
3223;3939617.006684
3224;3939617.006684
3225;3939616.209660
3226;3939616.209660
3227;3939616.209660
3228;3939616.002796
3229;3939602.318595
3230;3919148.787820
3231;3919146.182871
3232;3902677.050394
3233;3902676.840727
3234;3902675.467684
3235;3902675.467684
3236;3902675.467684
3237;3902675.467684
3238;3902675.467684
3239;3902675.339297
3240;3902674.743380
3241;3902668.396989
3242;3877792.676035
3243;3877792.676035
3244;3877792.668837
3245;3877792.527091
3246;3877791.928038
3247;3877791.928038
3248;3877791.910602
3249;3877786.990751
3250;3877786.990751
3251;3877786.990751
3252;3877785.393160
3253;3877785.393160
3254;3877780.125343
3255;3877780.036578
3256;3877780.036578
3257;3877780.036578
3258;3877780.036578
3259;3877780.036578
3260;3877779.945010
3261;3877779.945010
3262;3877779.945010
3263;3877779.334824
3264;3855001.603020
3265;3855001.505824
3266;3854994.939390
3267;3846403.465610
3268;3839124.938614
3269;3839120.713209
3270;3839120.647649
3271;3839120.529111
3272;3839120.334848
3273;3839120.275776
3274;3839120.275776
3275;3839120.275776
3276;3839120.274796
3277;3839120.089890
3278;3839120.010438
3279;3837793.582979
3280;3837793.551523
3281;3837793.526336
3282;3837236.502938
3283;3835874.399151
3284;3835872.057799
3285;3827422.893940
3286;3827422.840243
3287;3827422.456033
3288;3827422.434953
3289;3827422.432911
3290;3827422.336684
3291;3827422.333891
3292;3827422.333891
3293;3827422.299436
3294;3827422.298674
3295;3827420.530001
3296;3827419.080518
3297;3827417.757063
3298;3827417.687104
3299;3827417.687104
3300;3827417.687104
3301;3827417.687104
3302;3827417.687104
3303;3827417.082692
3304;3827417.074153
3305;3827416.965221
3306;3827416.911524
3307;3827416.250744
3308;3827411.143326
3309;3827410.967568
3310;3827410.736457
3311;3827410.620722
3312;3827410.620722
3313;3827410.389752
3314;3827410.181026
3315;3827408.237535
3316;3827393.695669
3317;3827393.659208
3318;3827393.659208
3319;3827393.595445
3320;3827393.476033
3321;3827393.468741
3322;3827393.263569
3323;3827393.263569
3324;3827393.263569
3325;3827392.623127
3326;3827392.617970
3327;3827392.575098
3328;3827392.575098
3329;3827392.386113
3330;3827392.113515
3331;3827391.984854
3332;3779063.326793
3333;3779063.310389
3334;3778040.315145
3335;3776199.876163
3336;3776199.823938
3337;3776199.789051
3338;3776199.765570
3339;3776198.299270
3340;3776198.154629
3341;3774586.414474
3342;3759682.467584
3343;3759682.467584
3344;3757772.811277
3345;3750306.536486
3346;3750289.965148
3347;3750289.965148
3348;3750289.965148
3349;3750289.965148
3350;3750289.965148
3351;3750289.965148
3352;3750289.965148
3353;3750289.965148
3354;3750289.965148
3355;3750289.965148
3356;3750289.965148
3357;3750289.965148
3358;3750289.965148
3359;3750289.427876
3360;3750289.427876
3361;3750289.427876
3362;3750289.427876
3363;3750289.427876
3364;3750289.427876
3365;3750289.427876
3366;3750285.254909
3367;3750284.998228
3368;3750284.998228
3369;3750284.998228
3370;3750284.998228
3371;3750284.957038
3372;3750284.419767
3373;3750284.419767
3374;3750284.419767
3375;3750284.419767
3376;3750284.419767
3377;3750284.419767
3378;3750284.419767
3379;3750284.419767
3380;3750284.419767
3381;3750284.419767
3382;3750284.419767
3383;3750274.009174
3384;3750274.009174
3385;3750273.964497
3386;3750265.935343
3387;3750246.764955
3388;3750246.764955
3389;3750246.493111
3390;3750246.493111
3391;3750246.493111
3392;3750246.493111
3393;3750246.493111
3394;3750246.493111
3395;3750246.493111
3396;3750246.493111
3397;3750246.493111
3398;3750246.493111
3399;3750246.493111
3400;3750246.493111
3401;3750246.493111
3402;3750246.493111
3403;3750246.493111
3404;3750246.493111
3405;3750246.493111
3406;3750246.493111
3407;3750246.493111
3408;3750246.493111
3409;3750246.493111
3410;3750246.493111
3411;3750246.493111
3412;3750246.493111
3413;3750246.493111
3414;3750246.493111
3415;3750246.493111
3416;3750246.493111
3417;3750246.493111
3418;3750246.493111
3419;3750246.493111
3420;3750246.493111
3421;3750246.493111
3422;3750246.493111
3423;3750246.493111
3424;3750246.493111
3425;3750246.493111
3426;3750246.493111
3427;3750246.493111
3428;3750246.493111
3429;3750246.493111
3430;3750246.126688
3431;3750246.126688
3432;3750240.321704
3433;3750240.321704
3434;3750240.321704
3435;3750240.321704
3436;3750234.186692
3437;3750232.909712
3438;3750232.909712
3439;3750232.909712
3440;3750232.909712
3441;3750232.909712
3442;3750232.909712
3443;3750232.909712
3444;3750232.445433
3445;3750232.445433
3446;3722391.839138
3447;3722390.771849
3448;3722390.701360
3449;3722237.620821
3450;3722237.564127
3451;3722237.536737
3452;3722237.457374
3453;3722236.912023
3454;3722236.891725
3455;3722236.867255
3456;3722236.830530
3457;3722236.775750
3458;3717545.154569
3459;3717545.146977
3460;3717539.473535
3461;3717539.451768
3462;3717539.419573
3463;3717535.580493
3464;3717535.528735
3465;3717535.528735
3466;3717535.503380
3467;3717535.462963
3468;3717535.425937
3469;3717535.395067
3470;3717528.456518
3471;3717528.456518
3472;3717525.828938
3473;3717525.827502
3474;3717525.816634
3475;3717525.816634
3476;3717525.816634
3477;3717525.387338
3478;3717525.387338
3479;3717524.698555
3480;3717524.535306
3481;3717521.479738
3482;3717518.449242
3483;3717518.032530
3484;3717506.011411
3485;3717505.537488
3486;3717505.477852
3487;3717505.470596
3488;3717501.989561
3489;3717501.989561
3490;3717501.989561
3491;3717501.932828
3492;3717501.921669
3493;3717501.902127
3494;3717501.857222
3495;3717501.834091
3496;3717501.815578
3497;3717501.784483
3498;3717501.717126
3499;3717501.717126
3500;3717501.652872
3501;3717501.638370
3502;3717499.109857
3503;3717499.007726
3504;3717498.884238
3505;3717498.867500
3506;3717498.854495
3507;3717498.106816
3508;3717497.922136
3509;3717497.903623
3510;3684440.063530
3511;3684440.063530
3512;3684440.063530
3513;3684440.063530
3514;3684440.063530
3515;3684440.063530
3516;3684440.063530
3517;3684440.063530
3518;3684440.063530
3519;3684440.063530
3520;3684440.063530
3521;3684440.063530
3522;3684440.063530
3523;3684440.063530
3524;3684439.304832
3525;3684439.304832
3526;3684439.304832
3527;3684438.921605
3528;3684438.420497
3529;3684438.420497
3530;3684438.420497
3531;3684438.420497
3532;3684438.420497
3533;3684438.420497
3534;3684438.420497
3535;3684438.420497
3536;3684436.806163
3537;3684436.806163
3538;3684436.806163
3539;3684436.806163
3540;3684436.806163
3541;3684436.806163
3542;3684436.806163
3543;3684436.421028
3544;3684436.421028
3545;3684436.164271
3546;3684436.164271
3547;3684436.053666
3548;3684436.053666
3549;3684436.053666
3550;3684436.053666
3551;3684436.053666
3552;3684432.092007
3553;3684431.981358
3554;3684431.981358
3555;3684431.981358
3556;3684431.981358
3557;3684431.901029
3558;3684431.901029
3559;3684431.901029
3560;3684431.901029
3561;3684430.600265
3562;3684430.600265
3563;3684430.600265
3564;3684430.175895
3565;3684430.175895
3566;3684429.756335
3567;3684428.873772
3568;3684428.467255
3569;3684428.334653
3570;3684427.363911
3571;3684427.353990
3572;3684427.177571
3573;3684423.283131
3574;3684423.283131
3575;3684423.283131
3576;3684422.897332
3577;3684422.576386
3578;3684422.448008
3579;3684419.863477
3580;3684419.863477
3581;3684419.863477
3582;3684419.863477
3583;3684419.863477
3584;3684419.863477
3585;3684419.863477
3586;3684419.863477
3587;3684419.863477
3588;3684419.863477
3589;3684419.863477
3590;3684419.863477
3591;3684419.863477
3592;3684419.863477
3593;3684419.863477
3594;3684419.863477
3595;3684419.863477
3596;3684419.863477
3597;3684419.863477
3598;3684419.863477
3599;3684419.863477
3600;3684419.863477
3601;3684419.863477
3602;3684419.863477
3603;3684419.863477
3604;3684419.863477
3605;3684419.829641
3606;3684419.829641
3607;3684419.251939
3608;3684419.251939
3609;3684419.251939
3610;3684419.251939
3611;3684419.251939
3612;3684419.251939
3613;3684419.251939
3614;3684419.251939
3615;3684419.251939
3616;3684419.251939
3617;3684419.251939
3618;3684419.251939
3619;3684419.251939
3620;3684419.251939
3621;3684418.841244
3622;3684418.830878
3623;3684418.830878
3624;3684418.830878
3625;3684418.830878
3626;3684418.830878
3627;3684418.830878
3628;3684418.830878
3629;3684418.709988
3630;3684418.553305
3631;3684418.537825
3632;3684418.522346
3633;3684418.513747
3634;3684418.505147
3635;3684418.488808
3636;3684418.481068
3637;3684418.473227
3638;3684418.457748
3639;3684418.457748
3640;3684417.414951
3641;3684417.411575
3642;3684417.410239
3643;3684417.410107
3644;3684417.408789
3645;3684416.352588
3646;3684416.352588
3647;3684416.294276
3648;3684416.294276
3649;3684415.989498
3650;3684414.878306
3651;3684414.847959
3652;3684414.724194
3653;3684414.723477
3654;3684414.723053
3655;3684414.722894
3656;3684414.720179
3657;3684414.720154
3658;3684414.718909
3659;3684414.717995
3660;3684414.713264
3661;3684414.712325
3662;3684414.712124
3663;3684414.657624
3664;3684414.347206
3665;3684413.646276
3666;3684413.646276
3667;3684413.646276
3668;3684413.646276
3669;3684413.646276
3670;3684413.646276
3671;3684413.646276
3672;3684413.646276
3673;3684413.646276
3674;3684413.515173
3675;3684413.512595
3676;3684413.512595
3677;3684411.827489
3678;3684410.424742
3679;3684410.417445
3680;3684410.417445
3681;3684410.359136
3682;3684410.359136
3683;3684410.351839
3684;3684410.351839
3685;3684410.351839
3686;3684410.351839
3687;3684409.831858
3688;3684409.831858
3689;3684409.766252
3690;3684409.155116
3691;3684408.976822
3692;3684408.941509
3693;3684408.941509
3694;3684408.930736
3695;3684408.596114
3696;3684408.246894
3697;3684408.246894
3698;3684406.337879
3699;3684406.337879
3700;3684406.337879
3701;3684406.337879
3702;3684406.337879
3703;3684405.383786
3704;3684405.383786
3705;3684405.383786
3706;3684404.602393
3707;3684404.424767
3708;3684404.424767
3709;3684404.424767
3710;3684404.424767
3711;3684404.424767
3712;3684404.424767
3713;3684404.424767
3714;3684404.424767
3715;3684404.424767
3716;3684404.424767
3717;3684404.252895
3718;3684404.252895
3719;3684404.252895
3720;3684404.252895
3721;3684404.252895
3722;3684404.252895
3723;3684404.252024
3724;3684404.252024
3725;3684404.155937
3726;3684404.119034
3727;3684404.111161
3728;3684403.002026
3729;3684403.001244
3730;3684402.997335
3731;3684401.902096
3732;3684401.893454
3733;3684401.777149
3734;3684399.666564
3735;3684399.482230
3736;3684398.798591
3737;3684398.790211
3738;3684398.732950
3739;3684398.413282
3740;3684398.413282
3741;3684398.343050
3742;3684398.283856
3743;3684398.221694
3744;3684398.135031
3745;3684398.127321
3746;3684398.121520
3747;3684397.908712
3748;3684397.848424
3749;3684397.848424
3750;3684397.848424
3751;3684397.848424
3752;3684397.848424
3753;3684397.823606
3754;3684397.823606
3755;3684397.822900
3756;3684397.580538
3757;3684397.455053
3758;3684397.085847
3759;3684396.899392
3760;3684396.143458
3761;3684396.143458
3762;3684396.097405
3763;3684395.533154
3764;3684395.440365
3765;3684395.440365
3766;3684395.320555
3767;3684395.055319
3768;3684394.988103
3769;3684394.593328
3770;3684394.593328
3771;3684394.593328
3772;3684394.593328
3773;3684394.593328
3774;3684394.593328
3775;3684394.593328
3776;3684394.593328
3777;3684394.593328
3778;3684394.586801
3779;3684394.586801
3780;3684394.586801
3781;3684394.586801
3782;3684394.586801
3783;3684394.585990
3784;3684394.498765
3785;3684394.458915
3786;3684394.306157
3787;3684394.035311
3788;3684394.029389
3789;3684394.001236
3790;3684393.670642
3791;3684393.670642
3792;3684393.670642
3793;3684393.670642
3794;3684393.670642
3795;3684393.670642
3796;3684393.670642
3797;3684393.670642
3798;3684393.563573
3799;3684393.563573
3800;3684393.563573
3801;3684393.554221
3802;3684393.518557
3803;3684393.462804
3804;3684393.448305
3805;3684393.448305
3806;3684393.448305
3807;3684393.448305
3808;3684393.447218
3809;3684393.445888
3810;3684393.408184
3811;3684393.170650
3812;3684393.170356
3813;3684393.170356
3814;3684393.170356
3815;3684393.170356
3816;3684393.133226
3817;3684392.700562
3818;3684392.665148
3819;3684392.457056
3820;3684392.374106
3821;3684392.066469
3822;3684392.063598
3823;3684392.062917
3824;3684391.890734
3825;3684391.890734
3826;3684391.890734
3827;3684391.736975
3828;3684391.736975
3829;3684391.736975
3830;3684391.736975
3831;3684391.736975
3832;3684391.736975
3833;3684391.662706
3834;3684391.587297
3835;3684391.244074
3836;3684391.244074
3837;3684391.244074
3838;3684391.244074
3839;3684391.244074
3840;3684391.244074
3841;3684391.244074
3842;3684391.241583
3843;3684391.119547
3844;3684391.119547
3845;3684391.030865
3846;3684391.028919
3847;3684390.873968
3848;3684390.872034
3849;3684390.872034
3850;3684390.872034
3851;3684390.855646
3852;3684390.855646
3853;3684390.837057
3854;3684390.599927
3855;3684390.319690
3856;3684390.319690
3857;3684390.319690
3858;3684390.319690
3859;3684390.319690
3860;3684390.319690
3861;3684390.319690
3862;3684390.319690
3863;3684390.319690
3864;3684390.319690
3865;3684390.319690
3866;3684390.319690
3867;3684389.815842
3868;3684389.810637
3869;3684389.799684
3870;3684388.992162
3871;3684388.992162
3872;3684388.992162
3873;3684388.992162
3874;3684388.797742
3875;3684388.551724
3876;3684388.551724
3877;3684388.546711
3878;3684388.520318
3879;3684388.264391
3880;3684388.264391
3881;3684388.264391
3882;3684387.896574
3883;3684387.891604
3884;3684387.351029
3885;3684387.351029
3886;3684387.351029
3887;3684387.308852
3888;3684387.307146
3889;3684387.265556
3890;3684387.001401
3891;3684386.990566
3892;3684386.105095
3893;3684386.105095
3894;3684386.105095
3895;3684386.105095
3896;3684386.105095
3897;3684385.351885
3898;3684385.351885
3899;3684385.300885
3900;3684385.220587
3901;3684385.073912
3902;3684385.062673
3903;3684385.042200
3904;3684384.738998
3905;3684384.273507
3906;3684384.109324
3907;3684384.101853
3908;3684384.101853
3909;3684383.996727
3910;3684383.916130
3911;3684383.916130
3912;3684383.916130
3913;3684383.490432
3914;3684383.490432
3915;3684383.490432
3916;3684383.490432
3917;3684383.272421
3918;3684383.010266
3919;3684383.010266
3920;3684383.010266
3921;3684382.951335
3922;3684382.911176
3923;3684382.829258
3924;3684382.829258
3925;3684382.656370
3926;3684382.656370
3927;3684382.638416
3928;3684382.633471
3929;3684382.584818
3930;3684382.388020
3931;3684382.068630
3932;3684382.041904
3933;3684382.041625
3934;3684381.562978
3935;3684381.439994
3936;3684380.837426
3937;3684380.814386
3938;3684380.814386
3939;3684380.519508
3940;3684380.382019
3941;3684380.375927
3942;3684367.153623
3943;3684367.153623
3944;3684367.153623
3945;3684367.153623
3946;3684367.153623
3947;3684367.153623
3948;3684367.153623
3949;3684367.153623
3950;3684367.153623
3951;3684367.153623
3952;3684367.153623
3953;3684367.153623
3954;3684367.153623
3955;3684367.153623
3956;3684367.153623
3957;3684367.153623
3958;3684367.153623
3959;3684367.153623
3960;3684367.153623
3961;3684367.153623
3962;3684367.153623
3963;3684367.153623
3964;3684367.153623
3965;3684367.153623
3966;3684367.153623
3967;3684367.153623
3968;3684367.153623
3969;3684367.153623
3970;3684367.153623
3971;3684365.785923
3972;3684364.647843
3973;3684364.418636
3974;3390050.598946
3975;3390050.558359
3976;3390050.558359
3977;3390050.459491
3978;3390050.441099
3979;3390050.371215
3980;3390050.370878
3981;3390050.369191
3982;3390050.355951
3983;3390050.326876
3984;3390050.317849
3985;3390050.312150
3986;3390050.288891
3987;3390050.244301
3988;3390044.232152
3989;3390044.213271
3990;3390043.267305
3991;3390043.267305
3992;3390042.857649
3993;3390042.514356
3994;3390042.514356
3995;3386042.222740
3996;3386042.214540
3997;3386042.213127
3998;3386042.196721
3999;3386042.194841
4000;3386042.115631
4001;3386041.879978
4002;3386041.439864
4003;3386041.439864
4004;3386041.439864
4005;3386041.028608
4006;3379529.555851
4007;3379529.491685
4008;3379529.292756
4009;3379529.292756
4010;3379529.097997
4011;3379529.077647
4012;3379528.969595
4013;3379528.941622
4014;3379528.873106
4015;3379528.873106
4016;3379528.863549
4017;3379528.861637
4018;3379528.853992
4019;3379528.801240
4020;3374451.151727
4021;3374451.151727
4022;3374451.140446
4023;3374450.429223
4024;3370382.854477
4025;3370382.830328
4026;3370382.272884
4027;3370382.127243
4028;3367181.871562
4029;3367181.686935
4030;3367054.333324
4031;3366435.748394
4032;3366435.728216
4033;3366234.330197
4034;3366234.274252
4035;3366234.210951
4036;3366234.195735
4037;3364491.164623
4038;3364490.825010
4039;3364490.825010
4040;3364277.222727
4041;3364277.192762
4042;3364277.142390
4043;3364277.139068
4044;3364277.131146
4045;3364277.126376
4046;3364277.101608
4047;3364277.097056
4048;3364277.088696
4049;3364277.073408
4050;3364277.071147
4051;3364277.044543
4052;3364277.041389
4053;3364277.040751
4054;3364277.040751
4055;3364276.876917
4056;3361922.736801
4057;3361922.711282
4058;3361922.702760
4059;3361922.698279
4060;3361922.609046
4061;3361922.529466
4062;3361922.523792
4063;3361922.419278
4064;3361922.382297
4065;3361922.216316
4066;3361922.213331
4067;3361922.105509
4068;3361921.986137
4069;3361921.642878
4070;3361921.604585
4071;3361921.541838
4072;3361921.526796
4073;3361921.526796
4074;3361921.509638
4075;3361921.503994
4076;3361921.173049
4077;3361921.122782
4078;3361921.073532
4079;3361920.948476
4080;3360545.598036
4081;3360545.598036
4082;3360544.501956
4083;3360544.357228
4084;3359906.740260
4085;3359906.740260
4086;3359906.740260
4087;3359906.737581
4088;3359906.722218
4089;3359906.722135
4090;3359906.713991
4091;3359906.712784
4092;3359906.582451
4093;3359906.582451
4094;3359905.067089
4095;3359904.995989
4096;3359904.995989
4097;3359904.995989
4098;3359904.834625
4099;3359904.834625
4100;3359904.834625
4101;3359904.834625
4102;3359904.767159
4103;3359904.706900
4104;3359904.697324
4105;3359904.697324
4106;3359904.597192
4107;3359904.560384
4108;3359904.295836
4109;3359904.232477
4110;3359904.221870
4111;3359904.196194
4112;3357623.626222
4113;3357623.280230
4114;3357623.245245
4115;3357623.237488
4116;3357623.215211
4117;3357623.207705
4118;3356624.563089
4119;3356624.448992
4120;3355272.851143
4121;3354070.912944
4122;3354070.902773
4123;3354070.819929
4124;3354070.766733
4125;3354070.766669
4126;3354070.757635
4127;3333575.267843
4128;3333575.267843
4129;3333575.267843
4130;3333574.284417
4131;3333574.236614
4132;3333573.336393
4133;3333573.040218
4134;3333572.851344
4135;3333572.851344
4136;3333572.851344
4137;3333572.851344
4138;3333572.851344
4139;3333572.851344
4140;3333572.851344
4141;3333572.851344
4142;3333571.355439
4143;3333571.355439
4144;3333571.355439
4145;3333571.355439
4146;3333571.286850
4147;3333571.286850
4148;3333571.182858
4149;3333571.176025
4150;3333570.860587
4151;3333570.860587
4152;3333570.860587
4153;3333570.860587
4154;3333570.860587
4155;3333570.860587
4156;3333570.860587
4157;3333570.860587
4158;3333570.860587
4159;3333568.802089
4160;3333568.802089
4161;3333568.802089
4162;3333568.802089
4163;3333568.802089
4164;3333568.802089
4165;3333568.802089
4166;3333568.802089
4167;3333568.802089
4168;3333568.802089
4169;3333568.532749
4170;3333568.532749
4171;3333568.414305
4172;3333568.126533
4173;3333568.126533
4174;3333568.126533
4175;3333567.996549
4176;3333567.996549
4177;3333567.887884
4178;3333567.887884
4179;3333567.887884
4180;3333567.887884
4181;3333567.887884
4182;3333567.887884
4183;3333547.771851
4184;3333547.771851
4185;3333547.771851
4186;3333546.695087
4187;3333545.813536
4188;3333545.813536
4189;3333545.813536
4190;3333545.813536
4191;3333545.496588
4192;3333545.496588
4193;3333545.496588
4194;3333545.067258
4195;3333545.067258
4196;3333545.067258
4197;3333545.067258
4198;3333545.067258
4199;3333545.067258
4200;3333545.067258
4201;3333545.067258
4202;3333545.067258
4203;3333545.067258
4204;3333545.067258
4205;3333545.067258
4206;3333545.067258
4207;3333545.067258
4208;3333545.067258
4209;3333545.067258
4210;3333545.067258
4211;3333545.067258
4212;3333544.933242
4213;3333544.933242
4214;3333544.933242
4215;3333544.933242
4216;3333544.933242
4217;3333544.933242
4218;3333544.394915
4219;3333544.005602
4220;3333543.084518
4221;3333543.084518
4222;3333543.084518
4223;3333543.084518
4224;3333543.084518
4225;3333543.084518
4226;3333543.084518
4227;3333543.084518
4228;3333543.084518
4229;3333543.084518
4230;3333543.084518
4231;3333543.084518
4232;3333543.084518
4233;3333543.084518
4234;3333543.084518
4235;3333543.084518
4236;3333543.084518
4237;3333543.084518
4238;3333543.084518
4239;3333543.084518
4240;3333543.084518
4241;3333543.084518
4242;3333543.084518
4243;3333543.084518
4244;3333543.084518
4245;3333543.084518
4246;3333543.084518
4247;3333543.084518
4248;3333543.084518
4249;3333543.040612
4250;3333543.040612
4251;3333543.040612
4252;3333543.040612
4253;3333543.040612
4254;3333543.040612
4255;3333543.040612
4256;3333543.040612
4257;3333543.040612
4258;3333542.486214
4259;3333542.486214
4260;3333542.373847
4261;3333542.244216
4262;3333542.244216
4263;3333542.244216
4264;3333542.244216
4265;3333542.132502
4266;3333542.091811
4267;3333542.091811
4268;3333542.030780
4269;3333541.976547
4270;3333541.976547
4271;3333541.679698
4272;3333541.679698
4273;3333541.679698
4274;3333541.679698
4275;3333541.359550
4276;3333541.359550
4277;3333541.359550
4278;3333541.359550
4279;3333541.359550
4280;3333541.359550
4281;3333541.359550
4282;3333541.359550
4283;3333541.359550
4284;3333541.359550
4285;3333541.359550
4286;3333541.359550
4287;3333541.359550
4288;3333541.196606
4289;3333541.195990
4290;3333541.195990
4291;3333541.195990
4292;3333541.020931
4293;3333540.974423
4294;3333540.974423
4295;3333540.974423
4296;3333540.708267
4297;3333540.708267
4298;3333540.708267
4299;3333540.148748
4300;3333540.148748
4301;3333540.103898
4302;3333540.103898
4303;3333540.103898
4304;3333540.103898
4305;3333540.103898
4306;3333540.103898
4307;3333540.103898
4308;3333540.103898
4309;3333540.103898
4310;3333540.103898
4311;3333540.103898
4312;3333540.103898
4313;3333540.103898
4314;3333540.103898
4315;3333540.103898
4316;3333540.103898
4317;3333540.103898
4318;3333540.103898
4319;3333540.103898
4320;3333540.103898
4321;3333540.103898
4322;3333540.103898
4323;3333540.103898
4324;3333540.103898
4325;3333540.103898
4326;3333527.854458
4327;3333527.854458
4328;3333527.854458
4329;3333527.854458
4330;3333527.854458
4331;3333527.854458
4332;3333527.854458
4333;3333527.854458
4334;3333527.854458
4335;3333527.854458
4336;3333527.854458
4337;3333527.854458
4338;3333527.854458
4339;3333527.854458
4340;3333527.854458
4341;3333527.854458
4342;3333527.854458
4343;3333527.854458
4344;3333527.854458
4345;3333527.854458
4346;3333527.854458
4347;3333527.854458
4348;3333527.854458
4349;3333527.854458
4350;3333527.854458
4351;3333527.854458
4352;3333527.854458
4353;3333527.854458
4354;3333527.854458
4355;3333527.854458
4356;3333527.854458
4357;3333527.854458
4358;3333527.854458
4359;3333527.854458
4360;3333527.854458
4361;3333527.854458
4362;3333527.854458
4363;3333527.854458
4364;3333527.854458
4365;3333527.854458
4366;3333527.854458
4367;3333526.852667
4368;3333526.852667
4369;3333526.852667
4370;3333526.852667
4371;3333526.852667
4372;3333526.852667
4373;3333525.509000
4374;3333525.509000
4375;3333525.509000
4376;3333525.509000
4377;3333523.212818
4378;3333523.212818
4379;3333523.212818
4380;3333523.212818
4381;3333523.212818
4382;3333523.212818
4383;3333523.212818
4384;3333521.602133
4385;3333521.602133
4386;3333521.602133
4387;3333521.602133
4388;3333521.602133
4389;3333521.602133
4390;3333521.602133
4391;3333521.568651
4392;3333521.400987
4393;3333521.400987
4394;3333521.400987
4395;3333521.400987
4396;3333521.400987
4397;3333521.400987
4398;3333521.400987
4399;3333521.400987
4400;3333521.400987
4401;3333521.162279
4402;3333521.162279
4403;3333521.162279
4404;3333521.162279
4405;3333521.162279
4406;3333521.162279
4407;3333521.162279
4408;3333521.162279
4409;3333521.162279
4410;3333521.162279
4411;3333521.162279
4412;3333521.162279
4413;3333518.761403
4414;3333518.761403
4415;3333518.761403
4416;3333518.528258
4417;3333518.528258
4418;3333518.504077
4419;3333518.248654
4420;3333518.248654
4421;3333518.037629
4422;3333517.755771
4423;3333517.755771
4424;3333517.626899
4425;3333517.626899
4426;3333517.499813
4427;3333517.499813
4428;3333517.499813
4429;3333517.438100
4430;3333517.438100
4431;3333517.438100
4432;3333517.438100
4433;3333517.438100
4434;3333517.438100
4435;3333517.438100
COMPACTO;0.000000
COMPACTO;0.000000
COMPACTO;0.000000
COMPACTO;191.813620
COMPACTO;265.809666
COMPACTO;191.300000
COMPACTO;191.300000
COMPACTO;264.700000
