-1;0;22.360680;-9999977.639320;[0 13 14];2026-03-12 12:07:09
-1;1;22.360680;-9999977.639320;[0 13 14];2026-03-12 12:07:09
0;0;30.463092;-9999947.176228;[0 1 14];2026-03-12 12:07:09
0;1;30.463092;-9999947.176228;[0 1 14];2026-03-12 12:07:09
1;0;36.000000;-9999911.176228;[0 2 14];2026-03-12 12:07:09
1;1;36.000000;-9999911.176228;[0 2 14];2026-03-12 12:07:09
2;0;44.721360;-9999866.454868;[0 3 14];2026-03-12 12:07:09
2;1;44.721360;-9999866.454868;[0 3 14];2026-03-12 12:07:09
3;0;50.000000;-9999816.454868;[0 4 14];2026-03-12 12:07:09
3;1;50.000000;-9999816.454868;[0 4 14];2026-03-12 12:07:09
4;0;41.231056;-9999775.223812;[0 5 14];2026-03-12 12:07:09
4;1;41.231056;-9999775.223812;[0 5 14];2026-03-12 12:07:09
5;0;22.360680;-9999752.863132;[0 6 14];2026-03-12 12:07:09
5;1;22.360680;-9999752.863132;[0 6 14];2026-03-12 12:07:09
6;0;42.426407;-9999710.436725;[0 7 14];2026-03-12 12:07:09
6;1;42.426407;-9999710.436725;[0 7 14];2026-03-12 12:07:09
7;0;52.497619;-9999657.939106;[0 8 14];2026-03-12 12:07:09
7;1;52.497619;-9999657.939106;[0 8 14];2026-03-12 12:07:09
8;0;64.031242;-9999593.907864;[0 9 14];2026-03-12 12:07:09
8;1;64.031242;-9999593.907864;[0 9 14];2026-03-12 12:07:09
9;0;50.990195;-9999542.917669;[0 10 14];2026-03-12 12:07:09
9;1;50.990195;-9999542.917669;[0 10 14];2026-03-12 12:07:09
10;0;67.082039;-9999475.835630;[0 11 14];2026-03-12 12:07:09
10;1;67.082039;-9999475.835630;[0 11 14];2026-03-12 12:07:09
11;0;30.000000;-9999445.835630;[0 12 14];2026-03-12 12:07:09
11;1;30.000000;-9999445.835630;[0 12 14];2026-03-12 12:07:09
12;0;65.789187;-833287.826874;[0 1 2 14];2026-03-12 12:07:09
12;1;65.789187;-833287.826874;[0 1 2 14];2026-03-12 12:07:09
13;0;52.152446;-909063.623782;[0 1 3 14];2026-03-12 12:07:09
13;1;52.152446;-909063.623782;[0 1 3 14];2026-03-12 12:07:09
14;0;72.434031;-7.355157;[0 1 4 14];2026-03-12 12:07:09
14;1;72.434031;-7.355157;[0 1 4 14];2026-03-12 12:07:09
15;0;57.468546;-7.391892;[0 1 7 14];2026-03-12 12:07:09
15;1;57.468546;-7.391892;[0 1 7 14];2026-03-12 12:07:09
16;0;65.051661;-14.021720;[0 1 9 14];2026-03-12 12:07:09
16;1;65.051661;-14.021720;[0 1 9 14];2026-03-12 12:07:09
17;0;56.282993;-2.138288;[0 1 10 14];2026-03-12 12:07:09
17;1;56.282993;-2.138288;[0 1 10 14];2026-03-12 12:07:09
18;0;74.769981;-909049.158497;[0 2 3 14];2026-03-12 12:07:09
18;1;74.769981;-909049.158497;[0 2 3 14];2026-03-12 12:07:09
19;0;63.223748;-999970.899220;[0 2 4 14];2026-03-12 12:07:09
19;1;63.223748;-999970.899220;[0 2 4 14];2026-03-12 12:07:09
20;0;62.469249;-8.810429;[0 2 5 14];2026-03-12 12:07:09
20;1;62.469249;-8.810429;[0 2 5 14];2026-03-12 12:07:09
21;0;38.614321;-4.984552;[0 2 13 14];2026-03-12 12:07:09
21;1;38.614321;-4.984552;[0 2 13 14];2026-03-12 12:07:09
22;0;72.360680;-999969.136242;[0 3 4 14];2026-03-12 12:07:09
22;1;72.360680;-999969.136242;[0 3 4 14];2026-03-12 12:07:09
23;0;69.376301;-15.773135;[0 3 9 14];2026-03-12 12:07:09
23;1;69.376301;-15.773135;[0 3 9 14];2026-03-12 12:07:09
24;0;75.173323;-6.950855;[0 1 11 14];2026-03-12 12:07:09
24;1;75.173323;-6.950855;[0 1 11 14];2026-03-12 12:07:09
25;0;48.541020;-6.849553;[0 3 12 14];2026-03-12 12:07:09
25;1;48.541020;-6.849553;[0 3 12 14];2026-03-12 12:07:10
26;0;86.846584;-1111060.594410;[0 4 5 14];2026-03-12 12:07:10
26;1;86.846584;-1111060.594410;[0 4 5 14];2026-03-12 12:07:10
27;0;67.803116;-1249943.341802;[0 4 6 14];2026-03-12 12:07:10
27;1;67.803116;-1249943.341802;[0 4 6 14];2026-03-12 12:07:10
28;0;55.811388;-19.804140;[0 4 12 14];2026-03-12 12:07:10
28;1;55.811388;-19.804140;[0 4 12 14];2026-03-12 12:07:10
29;0;78.929222;-1.669253;[0 3 7 14];2026-03-12 12:07:10
29;1;78.929222;-1.669253;[0 3 7 14];2026-03-12 12:07:10
30;0;77.010537;-7.683987;[0 3 10 14];2026-03-12 12:07:10
30;1;77.010537;-7.683987;[0 3 10 14];2026-03-12 12:07:10
31;0;61.675437;-1.143128;[0 4 13 14];2026-03-12 12:07:10
31;1;61.675437;-1.143128;[0 4 13 14];2026-03-12 12:07:10
32;0;41.795868;-1249966.085517;[0 5 6 14];2026-03-12 12:07:10
32;1;41.795868;-1249966.085517;[0 5 6 14];2026-03-12 12:07:10
33;0;62.444260;-1428532.086498;[0 5 7 14];2026-03-12 12:07:10
33;1;62.444260;-1428532.086498;[0 5 7 14];2026-03-12 12:07:10
34;0;60.792726;-11.722746;[0 5 8 14];2026-03-12 12:07:10
34;1;60.792726;-11.722746;[0 5 8 14];2026-03-12 12:07:10
35;0;53.009071;-1428524.242750;[0 6 7 14];2026-03-12 12:07:10
35;1;53.009071;-1428524.242750;[0 6 7 14];2026-03-12 12:07:10
36;0;57.278583;-1666606.278161;[0 6 8 14];2026-03-12 12:07:10
36;1;57.278583;-1666606.278161;[0 6 8 14];2026-03-12 12:07:10
37;0;97.439244;-833263.118808;[0 2 9 14];2026-03-12 12:07:10
37;1;97.439244;-833263.118808;[0 2 9 14];2026-03-12 12:07:10
38;0;86.784819;-18.288661;[0 2 10 14];2026-03-12 12:07:10
38;1;86.784819;-18.288661;[0 2 10 14];2026-03-12 12:07:10
39;0;101.830184;-3.844966;[0 2 11 14];2026-03-12 12:07:10
39;1;101.830184;-3.844966;[0 2 11 14];2026-03-12 12:07:10
40;0;97.015621;-20.552503;[0 4 9 14];2026-03-12 12:07:10
40;1;97.015621;-20.552503;[0 4 9 14];2026-03-12 12:07:10
41;0;102.631149;-833279.864019;[0 5 9 14];2026-03-12 12:07:10
41;1;102.631149;-833279.864019;[0 5 9 14];2026-03-12 12:07:10
42;0;79.651645;-30.613740;[0 5 10 14];2026-03-12 12:07:10
42;1;79.651645;-30.613740;[0 5 10 14];2026-03-12 12:07:10
43;0;89.511887;-9.030089;[0 5 11 14];2026-03-12 12:07:10
43;1;89.511887;-9.030089;[0 5 11 14];2026-03-12 12:07:10
44;0;67.089250;-0.758649;[0 6 10 14];2026-03-12 12:07:10
44;1;67.089250;-0.758649;[0 6 10 14];2026-03-12 12:07:10
45;0;80.076699;-5.902882;[0 6 11 14];2026-03-12 12:07:10
45;1;80.076699;-5.902882;[0 6 11 14];2026-03-12 12:07:10
46;0;56.430749;-8.317395;[0 2 12 14];2026-03-12 12:07:10
46;1;56.430749;-8.317395;[0 2 12 14];2026-03-12 12:07:10
47;0;59.668569;-1666618.547249;[0 7 8 14];2026-03-12 12:07:10
47;1;59.668569;-1666618.547249;[0 7 8 14];2026-03-12 12:07:10
48;0;89.629374;-6.876936;[0 7 9 14];2026-03-12 12:07:10
48;1;89.629374;-6.876936;[0 7 9 14];2026-03-12 12:07:10
49;0;60.850437;-20.010269;[0 7 10 14];2026-03-12 12:07:11
49;1;60.850437;-20.010269;[0 7 10 14];2026-03-12 12:07:11
50;0;29.431748;-8.242120;[0 6 13 14];2026-03-12 12:07:11
50;1;29.431748;-8.242120;[0 6 13 14];2026-03-12 12:07:11
51;0;45.581559;-1.882739;[0 2 6 14];2026-03-12 12:07:11
51;1;45.581559;-1.882739;[0 2 6 14];2026-03-12 12:07:11
52;0;69.754223;-9.986544;[0 7 11 14];2026-03-12 12:07:11
52;1;69.754223;-9.986544;[0 7 11 14];2026-03-12 12:07:11
53;0;77.992717;-8.093391;[0 8 10 14];2026-03-12 12:07:11
53;1;77.992717;-8.093391;[0 8 10 14];2026-03-12 12:07:11
54;0;83.955921;-2.940582;[0 8 11 14];2026-03-12 12:07:11
54;1;83.955921;-2.940582;[0 8 11 14];2026-03-12 12:07:11
55;0;82.510719;-2.491952;[0 9 10 14];2026-03-12 12:07:11
55;1;82.510719;-2.491952;[0 9 10 14];2026-03-12 12:07:11
56;0;70.216457;-13.675356;[0 11 10 14];2026-03-12 12:07:11
56;1;70.216457;-13.675356;[0 11 10 14];2026-03-12 12:07:11
57;0;104.559168;-909033.211998;[0 1 2 3 14];2026-03-12 12:07:11
57;1;104.559168;-909033.211998;[0 1 2 3 14];2026-03-12 12:07:11
58;0;100.911980;-5.423857;[0 9 11 14];2026-03-12 12:07:11
58;1;100.911980;-5.423857;[0 9 11 14];2026-03-12 12:07:11
59;0;47.607256;-1.822874;[0 5 13 14];2026-03-12 12:07:11
59;1;47.607256;-1.822874;[0 5 13 14];2026-03-12 12:07:11
60;0;72.510719;-1.088962;[0 9 12 14];2026-03-12 12:07:11
60;1;72.510719;-1.088962;[0 9 12 14];2026-03-12 12:07:11
61;0;93.012936;-999938.373356;[0 1 2 4 14];2026-03-12 12:07:11
61;1;93.012936;-999938.373356;[0 1 2 4 14];2026-03-12 12:07:11
62;0;92.258436;-0.766518;[0 1 2 5 14];2026-03-12 12:07:11
62;1;92.258436;-0.766518;[0 1 2 5 14];2026-03-12 12:07:11
63;0;86.219936;-1.890530;[0 1 2 12 14];2026-03-12 12:07:11
63;1;86.219936;-1.890530;[0 1 2 12 14];2026-03-12 12:07:11
64;0;68.403508;-10.928801;[0 1 2 13 14];2026-03-12 12:07:11
64;1;68.403508;-10.928801;[0 1 2 13 14];2026-03-12 12:07:11
65;0;82.201067;-0.884452;[0 1 3 2 14];2026-03-12 12:07:11
65;1;82.201067;-0.884452;[0 1 3 2 14];2026-03-12 12:07:11
66;0;79.791766;-2.674392;[0 1 3 4 14];2026-03-12 12:07:11
66;1;79.791766;-2.674392;[0 1 3 4 14];2026-03-12 12:07:11
67;0;76.807387;-22.358101;[0 1 3 9 14];2026-03-12 12:07:12
67;1;76.807387;-22.358101;[0 1 3 9 14];2026-03-12 12:07:12
68;0;70.396720;-6.410667;[0 1 9 3 14];2026-03-12 12:07:12
68;1;70.396720;-6.410667;[0 1 9 3 14];2026-03-12 12:07:12
69;0;102.409301;-999947.210367;[0 2 3 4 14];2026-03-12 12:07:12
69;1;102.409301;-999947.210367;[0 2 3 4 14];2026-03-12 12:07:12
70;0;109.280615;-526252.127965;[0 1 4 5 14];2026-03-12 12:07:12
70;1;109.280615;-526252.127965;[0 1 4 5 14];2026-03-12 12:07:12
71;0;48.541020;-4.518544;[0 12 13 14];2026-03-12 12:07:12
71;1;48.541020;-4.518544;[0 12 13 14];2026-03-12 12:07:12
72;0;55.972106;-3.752799;[0 1 3 12 14];2026-03-12 12:07:12
72;1;55.972106;-3.752799;[0 1 3 12 14];2026-03-12 12:07:12
73;0;90.237147;-0.867959;[0 1 4 6 14];2026-03-12 12:07:12
73;1;90.237147;-0.867959;[0 1 4 6 14];2026-03-12 12:07:12
74;0;119.449652;-2.444982;[0 1 4 9 14];2026-03-12 12:07:12
74;1;119.449652;-2.444982;[0 1 4 9 14];2026-03-12 12:07:12
75;0;78.245419;-26.779619;[0 1 4 12 14];2026-03-12 12:07:12
75;1;78.245419;-26.779619;[0 1 4 12 14];2026-03-12 12:07:12
76;0;68.614370;-357110.906999;[0 1 5 6 14];2026-03-12 12:07:12
76;1;68.614370;-357110.906999;[0 1 5 6 14];2026-03-12 12:07:12
77;0;64.336397;-3.028939;[0 8 13 14];2026-03-12 12:07:12
77;1;64.336397;-3.028939;[0 8 13 14];2026-03-12 12:07:12
78;0;86.207587;-0.508726;[0 9 13 14];2026-03-12 12:07:13
78;1;86.207587;-0.508726;[0 9 13 14];2026-03-12 12:07:13
79;0;84.109468;-7.832820;[0 1 4 13 14];2026-03-12 12:07:13
79;1;84.109468;-7.832820;[0 1 4 13 14];2026-03-12 12:07:13
80;0;89.262762;-7.489920;[0 1 5 7 14];2026-03-12 12:07:13
80;1;89.262762;-7.489920;[0 1 5 7 14];2026-03-12 12:07:13
81;0;87.611228;-15.907792;[0 1 5 8 14];2026-03-12 12:07:13
81;1;87.611228;-15.907792;[0 1 5 8 14];2026-03-12 12:07:13
82;0;74.425759;-11.845436;[0 1 5 13 14];2026-03-12 12:07:13
82;1;74.425759;-11.845436;[0 1 5 13 14];2026-03-12 12:07:13
83;0;77.486399;-9.511894;[0 1 7 5 14];2026-03-12 12:07:13
83;1;77.486399;-9.511894;[0 1 7 5 14];2026-03-12 12:07:13
84;0;85.657779;-1.762457;[0 1 4 2 14];2026-03-12 12:07:13
84;1;85.657779;-1.762457;[0 1 4 2 14];2026-03-12 12:07:13
85;0;74.710707;-11.776364;[0 1 7 8 14];2026-03-12 12:07:13
85;1;74.710707;-11.776364;[0 1 7 8 14];2026-03-12 12:07:13
86;0;84.796362;-3.416167;[0 1 7 11 14];2026-03-12 12:07:13
86;1;84.796362;-3.416167;[0 1 7 11 14];2026-03-12 12:07:13
87;0;81.350769;-6.260459;[0 1 8 5 14];2026-03-12 12:07:13
87;1;81.350769;-6.260459;[0 1 8 5 14];2026-03-12 12:07:13
88;0;75.892575;-4.528940;[0 1 7 10 14];2026-03-12 12:07:13
88;1;75.892575;-4.528940;[0 1 7 10 14];2026-03-12 12:07:14
89;0;98.036040;-4.015535;[0 1 9 4 14];2026-03-12 12:07:14
89;1;98.036040;-4.015535;[0 1 9 4 14];2026-03-12 12:07:14
90;0;90.649793;-4.433063;[0 1 9 7 14];2026-03-12 12:07:14
90;1;90.649793;-4.433063;[0 1 9 7 14];2026-03-12 12:07:14
91;0;83.531138;-14.429364;[0 1 9 10 14];2026-03-12 12:07:14
91;1;83.531138;-14.429364;[0 1 9 10 14];2026-03-12 12:07:14
92;0;73.531138;-14.021720;[0 1 9 12 14];2026-03-12 12:07:14
92;1;73.531138;-14.021720;[0 1 9 12 14];2026-03-12 12:07:14
93;0;66.143234;-9.749341;[0 1 10 7 14];2026-03-12 12:07:14
93;1;66.143234;-9.749341;[0 1 10 7 14];2026-03-12 12:07:14
94;0;99.424922;-15.411330;[0 2 3 9 14];2026-03-12 12:07:14
94;1;99.424922;-15.411330;[0 2 3 9 14];2026-03-12 12:07:14
95;0;101.932399;-0.251866;[0 1 9 11 14];2026-03-12 12:07:14
95;1;101.932399;-0.251866;[0 1 9 11 14];2026-03-12 12:07:14
96;0;77.845507;-6.950855;[0 1 11 7 14];2026-03-12 12:07:14
96;1;77.845507;-6.950855;[0 1 11 7 14];2026-03-12 12:07:14
97;0;85.584428;-4.212029;[0 2 4 3 14];2026-03-12 12:07:15
97;1;85.584428;-4.212029;[0 2 4 3 14];2026-03-12 12:07:15
98;0;100.070333;-1111055.715046;[0 2 4 5 14];2026-03-12 12:07:15
98;1;100.070333;-1111055.715046;[0 2 4 5 14];2026-03-12 12:07:15
99;0;78.589641;-14.435845;[0 2 3 12 14];2026-03-12 12:07:15
99;1;78.589641;-14.435845;[0 2 3 12 14];2026-03-12 12:07:15
100;0;81.026865;-0.867959;[0 2 4 6 14];2026-03-12 12:07:15
100;1;81.026865;-0.867959;[0 2 4 6 14];2026-03-12 12:07:15
101;0;110.239370;-5.226750;[0 2 4 9 14];2026-03-12 12:07:15
101;1;110.239370;-5.226750;[0 2 4 9 14];2026-03-12 12:07:15
102;0;69.035137;-20.368952;[0 2 4 12 14];2026-03-12 12:07:15
102;1;69.035137;-20.368952;[0 2 4 12 14];2026-03-12 12:07:15
103;0;74.899186;-6.712318;[0 2 4 13 14];2026-03-12 12:07:15
103;1;74.899186;-6.712318;[0 2 4 13 14];2026-03-12 12:07:15
104;0;63.034061;-8.810429;[0 2 5 6 14];2026-03-12 12:07:16
104;1;63.034061;-8.810429;[0 2 5 6 14];2026-03-12 12:07:16
105;0;63.860898;-4.984552;[0 2 13 5 14];2026-03-12 12:07:16
105;1;63.860898;-4.984552;[0 2 13 5 14];2026-03-12 12:07:16
106;0;109.207264;-1111045.010578;[0 3 4 5 14];2026-03-12 12:07:16
106;1;109.207264;-1111045.010578;[0 3 4 5 14];2026-03-12 12:07:16
107;0;92.047205;-2.639331;[0 1 11 8 14];2026-03-12 12:07:16
107;1;92.047205;-2.639331;[0 1 11 8 14];2026-03-12 12:07:16
108;0;78.307741;-6.061423;[0 1 11 10 14];2026-03-12 12:07:16
108;1;78.307741;-6.061423;[0 1 11 10 14];2026-03-12 12:07:16
109;0;82.030919;-3.635820;[0 2 5 8 14];2026-03-12 12:07:16
109;1;82.030919;-3.635820;[0 2 5 8 14];2026-03-12 12:07:16
110;0;76.229951;-399964.373808;[0 2 6 7 14];2026-03-12 12:07:16
110;1;76.229951;-399964.373808;[0 2 6 7 14];2026-03-12 12:07:17
111;0;83.285514;-2.798486;[0 1 10 8 14];2026-03-12 12:07:17
111;1;83.285514;-2.798486;[0 1 10 8 14];2026-03-12 12:07:17
112;0;80.499462;-24.995615;[0 2 6 8 14];2026-03-12 12:07:17
112;1;80.499462;-24.995615;[0 2 6 8 14];2026-03-12 12:07:17
113;0;87.228006;-0.508726;[0 1 9 13 14];2026-03-12 12:07:17
113;1;87.228006;-0.508726;[0 1 9 13 14];2026-03-12 12:07:17
114;0;52.652627;-26.257052;[0 2 6 13 14];2026-03-12 12:07:17
114;1;52.652627;-26.257052;[0 2 6 13 14];2026-03-12 12:07:17
115;0;92.704503;-416633.035837;[0 2 7 8 14];2026-03-12 12:07:17
115;1;92.704503;-416633.035837;[0 2 7 8 14];2026-03-12 12:07:17
116;0;51.675437;-8.237865;[0 6 12 14];2026-03-12 12:07:17
116;1;51.675437;-8.237865;[0 6 12 14];2026-03-12 12:07:17
117;0;87.489137;-5.215366;[0 2 8 7 14];2026-03-12 12:07:17
117;1;87.489137;-5.215366;[0 2 8 7 14];2026-03-12 12:07:17
118;0;45.685389;-6.967238;[0 2 13 6 14];2026-03-12 12:07:18
118;1;45.685389;-6.967238;[0 2 13 6 14];2026-03-12 12:07:18
119;0;90.163796;-1249933.036984;[0 3 4 6 14];2026-03-12 12:07:18
119;1;90.163796;-1249933.036984;[0 3 4 6 14];2026-03-12 12:07:18
120;0;119.376301;-5.226750;[0 3 4 9 14];2026-03-12 12:07:18
120;1;119.376301;-5.226750;[0 3 4 9 14];2026-03-12 12:07:18
121;0;78.172068;-26.779619;[0 3 4 12 14];2026-03-12 12:07:18
121;1;78.172068;-26.779619;[0 3 4 12 14];2026-03-12 12:07:18
122;0;84.036117;-6.712318;[0 3 4 13 14];2026-03-12 12:07:18
122;1;84.036117;-6.712318;[0 3 4 13 14];2026-03-12 12:07:18
123;0;102.360680;-10.303304;[0 3 9 4 14];2026-03-12 12:07:19
123;1;102.360680;-10.303304;[0 3 9 4 14];2026-03-12 12:07:19
124;0;94.974433;-4.025231;[0 3 9 7 14];2026-03-12 12:07:19
124;1;94.974433;-4.025231;[0 3 9 7 14];2026-03-12 12:07:19
125;0;87.855777;-7.580889;[0 3 9 10 14];2026-03-12 12:07:19
125;1;87.855777;-7.580889;[0 3 9 10 14];2026-03-12 12:07:19
126;0;77.855777;-1.368529;[0 3 9 12 14];2026-03-12 12:07:19
126;1;77.855777;-1.368529;[0 3 9 12 14];2026-03-12 12:07:19
127;0;65.838069;-8.769242;[0 4 2 13 14];2026-03-12 12:07:19
127;1;65.838069;-8.769242;[0 4 2 13 14];2026-03-12 12:07:19
128;0;87.411396;-1249950.505515;[0 4 5 6 14];2026-03-12 12:07:19
128;1;87.411396;-1249950.505515;[0 4 5 6 14];2026-03-12 12:07:20
129;0;85.952416;-312457.541573;[0 11 13 14];2026-03-12 12:07:20
129;1;85.952416;-312457.541573;[0 11 13 14];2026-03-12 12:07:20
130;0;74.361506;-256373.167233;[0 1 7 13 14];2026-03-12 12:07:20
130;1;74.361506;-256373.167233;[0 1 7 13 14];2026-03-12 12:07:20
131;0;84.894441;-188644.388910;[0 1 8 13 14];2026-03-12 12:07:20
131;1;84.894441;-188644.388910;[0 1 8 13 14];2026-03-12 12:07:20
132;0;76.968235;-135112.301264;[0 1 10 13 14];2026-03-12 12:07:20
132;1;76.968235;-135112.301264;[0 1 10 13 14];2026-03-12 12:07:20
133;0;94.043700;-238065.342920;[0 1 11 13 14];2026-03-12 12:07:20
133;1;94.043700;-238065.342920;[0 1 11 13 14];2026-03-12 12:07:20
134;0;65.415883;-1.552352;[0 1 12 13 14];2026-03-12 12:07:20
134;1;65.415883;-1.552352;[0 1 12 13 14];2026-03-12 12:07:20
135;0;92.355302;-5.074416;[0 2 7 13 14];2026-03-12 12:07:20
135;1;92.355302;-5.074416;[0 2 7 13 14];2026-03-12 12:07:21
136;0;102.790158;-6.314997;[0 2 7 11 14];2026-03-12 12:07:21
136;1;102.790158;-6.314997;[0 2 7 11 14];2026-03-12 12:07:21
137;0;105.813285;-476110.573748;[0 2 8 10 14];2026-03-12 12:07:21
137;1;105.813285;-476110.573748;[0 2 8 10 14];2026-03-12 12:07:21
138;0;92.156966;-29.392278;[0 2 8 13 14];2026-03-12 12:07:21
138;1;92.156966;-29.392278;[0 2 8 13 14];2026-03-12 12:07:21
139;0;74.971769;-1.389819;[0 2 12 13 14];2026-03-12 12:07:21
139;1;74.971769;-1.389819;[0 2 12 13 14];2026-03-12 12:07:21
140;0;75.573009;-8.936526;[0 2 13 7 14];2026-03-12 12:07:22
140;1;75.573009;-8.936526;[0 2 13 7 14];2026-03-12 12:07:22
141;0;80.590039;-11.566927;[0 2 13 8 14];2026-03-12 12:07:22
141;1;80.590039;-11.566927;[0 2 13 8 14];2026-03-12 12:07:22
142;0;96.171384;-0.454684;[0 3 7 8 14];2026-03-12 12:07:22
142;1;96.171384;-0.454684;[0 3 7 8 14];2026-03-12 12:07:22
143;0;86.870778;-5.893367;[0 3 10 7 14];2026-03-12 12:07:22
143;1;86.870778;-5.893367;[0 3 10 7 14];2026-03-12 12:07:22
144;0;74.352408;-0.864471;[0 3 12 4 14];2026-03-12 12:07:22
144;1;74.352408;-0.864471;[0 3 12 4 14];2026-03-12 12:07:23
145;0;67.082039;-12.351515;[0 3 12 13 14];2026-03-12 12:07:23
145;1;67.082039;-12.351515;[0 3 12 13 14];2026-03-12 12:07:23
146;0;108.059788;-9.239228;[0 4 5 7 14];2026-03-12 12:07:23
146;1;108.059788;-9.239228;[0 4 5 7 14];2026-03-12 12:07:23
147;0;106.408254;-15.907792;[0 4 5 8 14];2026-03-12 12:07:23
147;1;106.408254;-15.907792;[0 4 5 8 14];2026-03-12 12:07:23
148;0;93.222784;-4.983735;[0 4 5 13 14];2026-03-12 12:07:23
148;1;93.222784;-4.983735;[0 4 5 13 14];2026-03-12 12:07:23
149;0;98.451508;-1428465.549822;[0 4 6 7 14];2026-03-12 12:07:23
149;1;98.451508;-1428465.549822;[0 4 6 7 14];2026-03-12 12:07:23
150;0;74.874184;-12.470707;[0 4 6 13 14];2026-03-12 12:07:23
150;1;74.874184;-12.470707;[0 4 6 13 14];2026-03-12 12:07:24
151;0;74.896317;-4.599689;[0 2 6 12 14];2026-03-12 12:07:24
151;1;74.896317;-4.599689;[0 2 6 12 14];2026-03-12 12:07:24
152;0;109.553087;-7.124845;[0 4 7 8 14];2026-03-12 12:07:24
152;1;109.553087;-7.124845;[0 4 7 8 14];2026-03-12 12:07:24
153;0;108.956874;-0.596213;[0 4 8 7 14];2026-03-12 12:07:24
153;1;108.956874;-0.596213;[0 4 8 7 14];2026-03-12 12:07:24
154;0;96.782255;-14.589619;[0 4 12 5 14];2026-03-12 12:07:24
154;1;96.782255;-14.589619;[0 4 12 5 14];2026-03-12 12:07:24
155;0;115.495098;-7.242442;[0 4 9 10 14];2026-03-12 12:07:24
155;1;115.495098;-7.242442;[0 4 9 10 14];2026-03-12 12:07:24
156;0;77.486826;-1.119921;[0 4 12 6 14];2026-03-12 12:07:24
156;1;77.486826;-1.119921;[0 4 12 6 14];2026-03-12 12:07:25
157;0;95.565611;-2.645343;[0 4 12 7 14];2026-03-12 12:07:25
157;1;95.565611;-2.645343;[0 4 12 7 14];2026-03-12 12:07:25
158;0;87.238305;-0.039746;[0 4 6 5 14];2026-03-12 12:07:25
158;1;87.238305;-0.039746;[0 4 6 5 14];2026-03-12 12:07:25
159;0;98.322107;-7.172991;[0 4 12 9 14];2026-03-12 12:07:25
159;1;98.322107;-7.172991;[0 4 12 9 14];2026-03-12 12:07:25
160;0;74.352408;-8.075107;[0 4 12 13 14];2026-03-12 12:07:25
160;1;74.352408;-8.075107;[0 4 12 13 14];2026-03-12 12:07:25
161;0;68.746505;-1.143128;[0 4 13 6 14];2026-03-12 12:07:25
161;1;68.746505;-1.143128;[0 4 13 6 14];2026-03-12 12:07:25
162;0;72.444260;-1428520.852351;[0 5 6 7 14];2026-03-12 12:07:26
162;1;72.444260;-1428520.852351;[0 5 6 7 14];2026-03-12 12:07:26
163;0;76.713771;-9.932187;[0 5 6 8 14];2026-03-12 12:07:26
163;1;76.713771;-9.932187;[0 5 6 8 14];2026-03-12 12:07:26
164;0;48.866936;-9.412340;[0 5 6 13 14];2026-03-12 12:07:26
164;1;48.866936;-9.412340;[0 5 6 13 14];2026-03-12 12:07:26
165;0;79.686421;-10.984262;[0 5 7 8 14];2026-03-12 12:07:26
165;1;79.686421;-10.984262;[0 5 7 8 14];2026-03-12 12:07:26
166;0;106.257038;-4.279089;[0 3 9 11 14];2026-03-12 12:07:26
166;1;106.257038;-4.279089;[0 3 9 11 14];2026-03-12 12:07:26
167;0;97.015621;-3.205514;[0 4 3 9 14];2026-03-12 12:07:27
167;1;97.015621;-3.205514;[0 4 3 9 14];2026-03-12 12:07:27
168;0;65.573690;-6.024144;[0 5 8 6 14];2026-03-12 12:07:27
168;1;65.573690;-6.024144;[0 5 8 6 14];2026-03-12 12:07:27
169;0;67.963675;-11.722746;[0 5 8 7 14];2026-03-12 12:07:27
169;1;67.963675;-11.722746;[0 5 8 7 14];2026-03-12 12:07:27
170;0;72.805308;-0.780245;[0 4 2 6 14];2026-03-12 12:07:27
170;1;72.805308;-0.780245;[0 4 2 6 14];2026-03-12 12:07:27
171;0;73.614505;-3.092076;[0 6 4 12 14];2026-03-12 12:07:27
171;1;73.614505;-3.092076;[0 6 4 12 14];2026-03-12 12:07:27
172;0;70.251233;-12.596627;[0 6 7 8 14];2026-03-12 12:07:28
172;1;70.251233;-12.596627;[0 6 7 8 14];2026-03-12 12:07:28
173;0;71.433101;-2.559326;[0 6 7 10 14];2026-03-12 12:07:28
173;1;71.433101;-2.559326;[0 6 7 10 14];2026-03-12 12:07:28
174;0;80.336888;-5.645773;[0 6 7 11 14];2026-03-12 12:07:28
174;1;80.336888;-5.645773;[0 6 7 11 14];2026-03-12 12:07:28
175;0;61.357538;-3.392240;[0 6 5 8 14];2026-03-12 12:07:28
175;1;61.357538;-3.392240;[0 6 5 8 14];2026-03-12 12:07:28
176;0;64.449532;-5.801701;[0 6 8 7 14];2026-03-12 12:07:29
176;1;64.449532;-5.801701;[0 6 8 7 14];2026-03-12 12:07:29
177;0;48.172068;-0.694868;[0 6 5 13 14];2026-03-12 12:07:29
177;1;48.172068;-0.694868;[0 6 5 13 14];2026-03-12 12:07:29
178;0;83.211116;-1.537658;[0 6 11 10 14];2026-03-12 12:07:29
178;1;83.211116;-1.537658;[0 6 11 10 14];2026-03-12 12:07:29
179;0;92.370960;-2.404604;[0 7 10 9 14];2026-03-12 12:07:29
179;1;92.370960;-2.404604;[0 7 10 9 14];2026-03-12 12:07:29
180;0;91.126871;-1.083390;[0 7 8 11 14];2026-03-12 12:07:29
180;1;91.126871;-1.083390;[0 7 8 11 14];2026-03-12 12:07:30
181;0;86.628105;-4.498766;[0 7 11 8 14];2026-03-12 12:07:30
181;1;86.628105;-4.498766;[0 7 11 8 14];2026-03-12 12:07:30
182;0;72.888641;-14.258923;[0 7 11 10 14];2026-03-12 12:07:30
182;1;72.888641;-14.258923;[0 7 11 10 14];2026-03-12 12:07:30
183;0;67.168926;-0.346839;[0 8 5 13 14];2026-03-12 12:07:30
183;1;67.168926;-0.346839;[0 8 5 13 14];2026-03-12 12:07:30
184;0;78.092598;-5.365389;[0 8 7 10 14];2026-03-12 12:07:31
184;1;78.092598;-5.365389;[0 8 7 10 14];2026-03-12 12:07:31
185;0;73.195961;-4.436836;[0 9 3 12 14];2026-03-12 12:07:31
185;1;73.195961;-4.436836;[0 9 3 12 14];2026-03-12 12:07:31
186;0;67.486826;-5.010189;[0 12 4 13 14];2026-03-12 12:07:31
186;1;67.486826;-5.010189;[0 12 4 13 14];2026-03-12 12:07:31
187;0;115.373616;-999939.330365;[0 1 2 4 3 14];2026-03-12 12:07:32
187;1;115.373616;-999939.330365;[0 1 2 4 3 14];2026-03-12 12:07:32
188;0;98.941468;-11.879805;[0 2 12 9 14];2026-03-12 12:07:32
188;1;98.941468;-11.879805;[0 2 12 9 14];2026-03-12 12:07:32
189;0;71.110626;-270210.879529;[0 5 6 12 14];2026-03-12 12:07:32
189;1;71.110626;-270210.879529;[0 5 6 12 14];2026-03-12 12:07:32
190;0;124.807494;-101978.303012;[0 5 9 13 14];2026-03-12 12:07:32
190;1;124.807494;-101978.303012;[0 5 9 13 14];2026-03-12 12:07:33
191;0;123.011833;-90820.492880;[0 5 12 8 14];2026-03-12 12:07:33
191;1;123.011833;-90820.492880;[0 5 12 8 14];2026-03-12 12:07:33
192;0;113.481586;-74613.841480;[0 5 12 9 14];2026-03-12 12:07:33
192;1;113.481586;-74613.841480;[0 5 12 9 14];2026-03-12 12:07:33
193;0;89.511887;-136923.902362;[0 5 12 13 14];2026-03-12 12:07:33
193;1;89.511887;-136923.902362;[0 5 12 13 14];2026-03-12 12:07:34
194;0;102.461229;-7.806148;[0 2 13 9 14];2026-03-12 12:07:34
194;1;102.461229;-7.806148;[0 2 13 9 14];2026-03-12 12:07:34
195;0;111.454164;-13.353330;[0 5 13 9 14];2026-03-12 12:07:34
195;1;111.454164;-13.353330;[0 5 13 9 14];2026-03-12 12:07:34
196;0;100.212039;-8.522732;[0 6 7 9 14];2026-03-12 12:07:34
196;1;100.212039;-8.522732;[0 6 7 9 14];2026-03-12 12:07:35
197;0;80.336888;-6.455605;[0 6 7 12 14];2026-03-12 12:07:35
197;1;80.336888;-6.455605;[0 6 7 12 14];2026-03-12 12:07:35
198;0;69.902032;-6.340308;[0 6 7 13 14];2026-03-12 12:07:35
198;1;69.902032;-6.340308;[0 6 7 13 14];2026-03-12 12:07:35
199;0;111.149448;-273903.326130;[0 6 8 9 14];2026-03-12 12:07:35
-1;0;22.360680;-9999977.639320;[0 13 14];2026-03-12 12:19:08
-1;1;22.360680;-9999977.639320;[0 13 14];2026-03-12 12:19:08
0;0;30.463092;-9999947.176228;[0 1 14];2026-03-12 12:19:08
0;1;30.463092;-9999947.176228;[0 1 14];2026-03-12 12:19:08
1;0;36.000000;-9999911.176228;[0 2 14];2026-03-12 12:19:08
1;1;36.000000;-9999911.176228;[0 2 14];2026-03-12 12:19:08
2;0;44.721360;-9999866.454868;[0 3 14];2026-03-12 12:19:08
2;1;44.721360;-9999866.454868;[0 3 14];2026-03-12 12:19:08
3;0;50.000000;-9999816.454868;[0 4 14];2026-03-12 12:19:08
3;1;50.000000;-9999816.454868;[0 4 14];2026-03-12 12:19:08
4;0;41.231056;-9999775.223812;[0 5 14];2026-03-12 12:19:08
4;1;41.231056;-9999775.223812;[0 5 14];2026-03-12 12:19:08
5;0;22.360680;-9999752.863132;[0 6 14];2026-03-12 12:19:08
5;1;22.360680;-9999752.863132;[0 6 14];2026-03-12 12:19:08
6;0;42.426407;-9999710.436725;[0 7 14];2026-03-12 12:19:08
6;1;42.426407;-9999710.436725;[0 7 14];2026-03-12 12:19:08
7;0;52.497619;-9999657.939106;[0 8 14];2026-03-12 12:19:08
7;1;52.497619;-9999657.939106;[0 8 14];2026-03-12 12:19:08
8;0;64.031242;-9999593.907864;[0 9 14];2026-03-12 12:19:08
8;1;64.031242;-9999593.907864;[0 9 14];2026-03-12 12:19:08
9;0;50.990195;-9999542.917669;[0 10 14];2026-03-12 12:19:08
9;1;50.990195;-9999542.917669;[0 10 14];2026-03-12 12:19:08
10;0;67.082039;-9999475.835630;[0 11 14];2026-03-12 12:19:08
10;1;67.082039;-9999475.835630;[0 11 14];2026-03-12 12:19:08
11;0;30.000000;-9999445.835630;[0 12 14];2026-03-12 12:19:08
11;1;30.000000;-9999445.835630;[0 12 14];2026-03-12 12:19:08
12;0;65.789187;-833287.826874;[0 1 2 14];2026-03-12 12:19:08
12;1;65.789187;-833287.826874;[0 1 2 14];2026-03-12 12:19:08
13;0;52.152446;-909063.623782;[0 1 3 14];2026-03-12 12:19:08
13;1;52.152446;-909063.623782;[0 1 3 14];2026-03-12 12:19:08
14;0;72.434031;-7.355157;[0 1 4 14];2026-03-12 12:19:08
14;1;72.434031;-7.355157;[0 1 4 14];2026-03-12 12:19:08
15;0;57.468546;-7.391892;[0 1 7 14];2026-03-12 12:19:08
15;1;57.468546;-7.391892;[0 1 7 14];2026-03-12 12:19:08
16;0;65.051661;-14.021720;[0 1 9 14];2026-03-12 12:19:08
16;1;65.051661;-14.021720;[0 1 9 14];2026-03-12 12:19:08
17;0;56.282993;-2.138288;[0 1 10 14];2026-03-12 12:19:08
17;1;56.282993;-2.138288;[0 1 10 14];2026-03-12 12:19:08
18;0;74.769981;-909049.158497;[0 2 3 14];2026-03-12 12:19:08
18;1;74.769981;-909049.158497;[0 2 3 14];2026-03-12 12:19:08
19;0;63.223748;-999970.899220;[0 2 4 14];2026-03-12 12:19:08
19;1;63.223748;-999970.899220;[0 2 4 14];2026-03-12 12:19:08
20;0;62.469249;-8.810429;[0 2 5 14];2026-03-12 12:19:08
20;1;62.469249;-8.810429;[0 2 5 14];2026-03-12 12:19:08
21;0;38.614321;-4.984552;[0 2 13 14];2026-03-12 12:19:08
21;1;38.614321;-4.984552;[0 2 13 14];2026-03-12 12:19:08
22;0;72.360680;-999969.136242;[0 3 4 14];2026-03-12 12:19:08
22;1;72.360680;-999969.136242;[0 3 4 14];2026-03-12 12:19:08
23;0;69.376301;-15.773135;[0 3 9 14];2026-03-12 12:19:08
23;1;69.376301;-15.773135;[0 3 9 14];2026-03-12 12:19:08
24;0;75.173323;-6.950855;[0 1 11 14];2026-03-12 12:19:08
24;1;75.173323;-6.950855;[0 1 11 14];2026-03-12 12:19:09
25;0;48.541020;-6.849553;[0 3 12 14];2026-03-12 12:19:09
25;1;48.541020;-6.849553;[0 3 12 14];2026-03-12 12:19:09
26;0;86.846584;-1111060.594410;[0 4 5 14];2026-03-12 12:19:09
26;1;86.846584;-1111060.594410;[0 4 5 14];2026-03-12 12:19:09
27;0;67.803116;-1249943.341802;[0 4 6 14];2026-03-12 12:19:09
27;1;67.803116;-1249943.341802;[0 4 6 14];2026-03-12 12:19:09
28;0;55.811388;-19.804140;[0 4 12 14];2026-03-12 12:19:09
28;1;55.811388;-19.804140;[0 4 12 14];2026-03-12 12:19:09
29;0;78.929222;-1.669253;[0 3 7 14];2026-03-12 12:19:09
29;1;78.929222;-1.669253;[0 3 7 14];2026-03-12 12:19:09
30;0;77.010537;-7.683987;[0 3 10 14];2026-03-12 12:19:09
30;1;77.010537;-7.683987;[0 3 10 14];2026-03-12 12:19:09
31;0;61.675437;-1.143128;[0 4 13 14];2026-03-12 12:19:09
31;1;61.675437;-1.143128;[0 4 13 14];2026-03-12 12:19:09
32;0;41.795868;-1249966.085517;[0 5 6 14];2026-03-12 12:19:09
32;1;41.795868;-1249966.085517;[0 5 6 14];2026-03-12 12:19:09
33;0;62.444260;-1428532.086498;[0 5 7 14];2026-03-12 12:19:09
33;1;62.444260;-1428532.086498;[0 5 7 14];2026-03-12 12:19:09
34;0;60.792726;-11.722746;[0 5 8 14];2026-03-12 12:19:09
34;1;60.792726;-11.722746;[0 5 8 14];2026-03-12 12:19:09
35;0;53.009071;-1428524.242750;[0 6 7 14];2026-03-12 12:19:09
35;1;53.009071;-1428524.242750;[0 6 7 14];2026-03-12 12:19:09
36;0;57.278583;-1666606.278161;[0 6 8 14];2026-03-12 12:19:09
36;1;57.278583;-1666606.278161;[0 6 8 14];2026-03-12 12:19:09
37;0;97.439244;-833263.118808;[0 2 9 14];2026-03-12 12:19:09
37;1;97.439244;-833263.118808;[0 2 9 14];2026-03-12 12:19:09
38;0;86.784819;-18.288661;[0 2 10 14];2026-03-12 12:19:09
38;1;86.784819;-18.288661;[0 2 10 14];2026-03-12 12:19:09
39;0;101.830184;-3.844966;[0 2 11 14];2026-03-12 12:19:09
39;1;101.830184;-3.844966;[0 2 11 14];2026-03-12 12:19:09
40;0;97.015621;-20.552503;[0 4 9 14];2026-03-12 12:19:09
40;1;97.015621;-20.552503;[0 4 9 14];2026-03-12 12:19:09
41;0;102.631149;-833279.864019;[0 5 9 14];2026-03-12 12:19:09
41;1;102.631149;-833279.864019;[0 5 9 14];2026-03-12 12:19:09
42;0;79.651645;-30.613740;[0 5 10 14];2026-03-12 12:19:09
42;1;79.651645;-30.613740;[0 5 10 14];2026-03-12 12:19:09
43;0;89.511887;-9.030089;[0 5 11 14];2026-03-12 12:19:09
43;1;89.511887;-9.030089;[0 5 11 14];2026-03-12 12:19:09
44;0;67.089250;-0.758649;[0 6 10 14];2026-03-12 12:19:09
44;1;67.089250;-0.758649;[0 6 10 14];2026-03-12 12:19:09
45;0;80.076699;-5.902882;[0 6 11 14];2026-03-12 12:19:09
45;1;80.076699;-5.902882;[0 6 11 14];2026-03-12 12:19:09
46;0;56.430749;-8.317395;[0 2 12 14];2026-03-12 12:19:09
46;1;56.430749;-8.317395;[0 2 12 14];2026-03-12 12:19:09
47;0;59.668569;-1666618.547249;[0 7 8 14];2026-03-12 12:19:09
47;1;59.668569;-1666618.547249;[0 7 8 14];2026-03-12 12:19:09
48;0;89.629374;-6.876936;[0 7 9 14];2026-03-12 12:19:10
48;1;89.629374;-6.876936;[0 7 9 14];2026-03-12 12:19:10
49;0;60.850437;-20.010269;[0 7 10 14];2026-03-12 12:19:10
49;1;60.850437;-20.010269;[0 7 10 14];2026-03-12 12:19:10
50;0;29.431748;-8.242120;[0 6 13 14];2026-03-12 12:19:10
50;1;29.431748;-8.242120;[0 6 13 14];2026-03-12 12:19:10
51;0;45.581559;-1.882739;[0 2 6 14];2026-03-12 12:19:10
51;1;45.581559;-1.882739;[0 2 6 14];2026-03-12 12:19:10
52;0;69.754223;-9.986544;[0 7 11 14];2026-03-12 12:19:10
52;1;69.754223;-9.986544;[0 7 11 14];2026-03-12 12:19:10
53;0;77.992717;-8.093391;[0 8 10 14];2026-03-12 12:19:10
53;1;77.992717;-8.093391;[0 8 10 14];2026-03-12 12:19:10
54;0;83.955921;-2.940582;[0 8 11 14];2026-03-12 12:19:10
54;1;83.955921;-2.940582;[0 8 11 14];2026-03-12 12:19:10
55;0;82.510719;-2.491952;[0 9 10 14];2026-03-12 12:19:10
55;1;82.510719;-2.491952;[0 9 10 14];2026-03-12 12:19:10
56;0;70.216457;-13.675356;[0 11 10 14];2026-03-12 12:19:10
56;1;70.216457;-13.675356;[0 11 10 14];2026-03-12 12:19:10
57;0;104.559168;-909033.211998;[0 1 2 3 14];2026-03-12 12:19:10
57;1;104.559168;-909033.211998;[0 1 2 3 14];2026-03-12 12:19:11
58;0;100.911980;-5.423857;[0 9 11 14];2026-03-12 12:19:11
58;1;100.911980;-5.423857;[0 9 11 14];2026-03-12 12:19:11
59;0;47.607256;-1.822874;[0 5 13 14];2026-03-12 12:19:11
59;1;47.607256;-1.822874;[0 5 13 14];2026-03-12 12:19:11
60;0;72.510719;-1.088962;[0 9 12 14];2026-03-12 12:19:11
60;1;72.510719;-1.088962;[0 9 12 14];2026-03-12 12:19:11
61;0;93.012936;-999938.373356;[0 1 2 4 14];2026-03-12 12:19:11
61;1;93.012936;-999938.373356;[0 1 2 4 14];2026-03-12 12:19:11
62;0;92.258436;-0.766518;[0 1 2 5 14];2026-03-12 12:19:11
62;1;92.258436;-0.766518;[0 1 2 5 14];2026-03-12 12:19:12
63;0;86.219936;-1.890530;[0 1 2 12 14];2026-03-12 12:19:12
63;1;86.219936;-1.890530;[0 1 2 12 14];2026-03-12 12:19:12
64;0;68.403508;-10.928801;[0 1 2 13 14];2026-03-12 12:19:12
64;1;68.403508;-10.928801;[0 1 2 13 14];2026-03-12 12:19:12
65;0;82.201067;-0.884452;[0 1 3 2 14];2026-03-12 12:19:12
65;1;82.201067;-0.884452;[0 1 3 2 14];2026-03-12 12:19:12
66;0;79.791766;-2.674392;[0 1 3 4 14];2026-03-12 12:19:12
66;1;79.791766;-2.674392;[0 1 3 4 14];2026-03-12 12:19:12
67;0;76.807387;-22.358101;[0 1 3 9 14];2026-03-12 12:19:13
67;1;76.807387;-22.358101;[0 1 3 9 14];2026-03-12 12:19:13
68;0;70.396720;-6.410667;[0 1 9 3 14];2026-03-12 12:19:13
68;1;70.396720;-6.410667;[0 1 9 3 14];2026-03-12 12:19:13
69;0;102.409301;-999947.210367;[0 2 3 4 14];2026-03-12 12:19:13
69;1;102.409301;-999947.210367;[0 2 3 4 14];2026-03-12 12:19:14
70;0;109.280615;-526252.127965;[0 1 4 5 14];2026-03-12 12:19:14
70;1;109.280615;-526252.127965;[0 1 4 5 14];2026-03-12 12:19:14
71;0;48.541020;-4.518544;[0 12 13 14];2026-03-12 12:19:14
71;1;48.541020;-4.518544;[0 12 13 14];2026-03-12 12:19:14
72;0;55.972106;-3.752799;[0 1 3 12 14];2026-03-12 12:19:14
72;1;55.972106;-3.752799;[0 1 3 12 14];2026-03-12 12:19:14
73;0;90.237147;-0.867959;[0 1 4 6 14];2026-03-12 12:19:14
73;1;90.237147;-0.867959;[0 1 4 6 14];2026-03-12 12:19:14
74;0;119.449652;-2.444982;[0 1 4 9 14];2026-03-12 12:19:15
74;1;119.449652;-2.444982;[0 1 4 9 14];2026-03-12 12:19:15
75;0;78.245419;-26.779619;[0 1 4 12 14];2026-03-12 12:19:15
75;1;78.245419;-26.779619;[0 1 4 12 14];2026-03-12 12:19:15
76;0;68.614370;-357110.906999;[0 1 5 6 14];2026-03-12 12:19:15
76;1;68.614370;-357110.906999;[0 1 5 6 14];2026-03-12 12:19:15
77;0;64.336397;-3.028939;[0 8 13 14];2026-03-12 12:19:16
77;1;64.336397;-3.028939;[0 8 13 14];2026-03-12 12:19:16
78;0;86.207587;-0.508726;[0 9 13 14];2026-03-12 12:19:16
78;1;86.207587;-0.508726;[0 9 13 14];2026-03-12 12:19:16
79;0;84.109468;-7.832820;[0 1 4 13 14];2026-03-12 12:19:16
79;1;84.109468;-7.832820;[0 1 4 13 14];2026-03-12 12:19:16
80;0;89.262762;-7.489920;[0 1 5 7 14];2026-03-12 12:19:16
80;1;89.262762;-7.489920;[0 1 5 7 14];2026-03-12 12:19:16
81;0;87.611228;-15.907792;[0 1 5 8 14];2026-03-12 12:19:16
81;1;87.611228;-15.907792;[0 1 5 8 14];2026-03-12 12:19:16
82;0;74.425759;-11.845436;[0 1 5 13 14];2026-03-12 12:19:17
82;1;74.425759;-11.845436;[0 1 5 13 14];2026-03-12 12:19:17
83;0;77.486399;-9.511894;[0 1 7 5 14];2026-03-12 12:19:17
83;1;77.486399;-9.511894;[0 1 7 5 14];2026-03-12 12:19:17
84;0;85.657779;-1.762457;[0 1 4 2 14];2026-03-12 12:19:17
84;1;85.657779;-1.762457;[0 1 4 2 14];2026-03-12 12:19:17
85;0;74.710707;-11.776364;[0 1 7 8 14];2026-03-12 12:19:17
85;1;74.710707;-11.776364;[0 1 7 8 14];2026-03-12 12:19:17
86;0;84.796362;-3.416167;[0 1 7 11 14];2026-03-12 12:19:17
86;1;84.796362;-3.416167;[0 1 7 11 14];2026-03-12 12:19:18
87;0;81.350769;-6.260459;[0 1 8 5 14];2026-03-12 12:19:18
87;1;81.350769;-6.260459;[0 1 8 5 14];2026-03-12 12:19:18
88;0;75.892575;-4.528940;[0 1 7 10 14];2026-03-12 12:19:18
88;1;75.892575;-4.528940;[0 1 7 10 14];2026-03-12 12:19:18
89;0;98.036040;-4.015535;[0 1 9 4 14];2026-03-12 12:19:18
89;1;98.036040;-4.015535;[0 1 9 4 14];2026-03-12 12:19:18
90;0;90.649793;-4.433063;[0 1 9 7 14];2026-03-12 12:19:18
90;1;90.649793;-4.433063;[0 1 9 7 14];2026-03-12 12:19:19
91;0;83.531138;-14.429364;[0 1 9 10 14];2026-03-12 12:19:19
91;1;83.531138;-14.429364;[0 1 9 10 14];2026-03-12 12:19:19
92;0;73.531138;-14.021720;[0 1 9 12 14];2026-03-12 12:19:19
92;1;73.531138;-14.021720;[0 1 9 12 14];2026-03-12 12:19:19
93;0;66.143234;-9.749341;[0 1 10 7 14];2026-03-12 12:19:19
93;1;66.143234;-9.749341;[0 1 10 7 14];2026-03-12 12:19:19
94;0;99.424922;-15.411330;[0 2 3 9 14];2026-03-12 12:19:19
94;1;99.424922;-15.411330;[0 2 3 9 14];2026-03-12 12:19:20
95;0;101.932399;-0.251866;[0 1 9 11 14];2026-03-12 12:19:20
95;1;101.932399;-0.251866;[0 1 9 11 14];2026-03-12 12:19:20
96;0;77.845507;-6.950855;[0 1 11 7 14];2026-03-12 12:19:20
96;1;77.845507;-6.950855;[0 1 11 7 14];2026-03-12 12:19:20
97;0;85.584428;-4.212029;[0 2 4 3 14];2026-03-12 12:19:20
97;1;85.584428;-4.212029;[0 2 4 3 14];2026-03-12 12:19:20
98;0;100.070333;-1111055.715046;[0 2 4 5 14];2026-03-12 12:19:20
98;1;100.070333;-1111055.715046;[0 2 4 5 14];2026-03-12 12:19:21
99;0;78.589641;-14.435845;[0 2 3 12 14];2026-03-12 12:19:21
99;1;78.589641;-14.435845;[0 2 3 12 14];2026-03-12 12:19:21
100;0;81.026865;-0.867959;[0 2 4 6 14];2026-03-12 12:19:21
100;1;81.026865;-0.867959;[0 2 4 6 14];2026-03-12 12:19:21
101;0;110.239370;-5.226750;[0 2 4 9 14];2026-03-12 12:19:21
101;1;110.239370;-5.226750;[0 2 4 9 14];2026-03-12 12:19:21
102;0;69.035137;-20.368952;[0 2 4 12 14];2026-03-12 12:19:21
102;1;69.035137;-20.368952;[0 2 4 12 14];2026-03-12 12:19:22
103;0;74.899186;-6.712318;[0 2 4 13 14];2026-03-12 12:19:22
103;1;74.899186;-6.712318;[0 2 4 13 14];2026-03-12 12:19:22
104;0;63.034061;-8.810429;[0 2 5 6 14];2026-03-12 12:19:22
104;1;63.034061;-8.810429;[0 2 5 6 14];2026-03-12 12:19:22
105;0;63.860898;-4.984552;[0 2 13 5 14];2026-03-12 12:19:22
105;1;63.860898;-4.984552;[0 2 13 5 14];2026-03-12 12:19:22
106;0;109.207264;-1111045.010578;[0 3 4 5 14];2026-03-12 12:19:22
106;1;109.207264;-1111045.010578;[0 3 4 5 14];2026-03-12 12:19:22
107;0;92.047205;-2.639331;[0 1 11 8 14];2026-03-12 12:19:22
107;1;92.047205;-2.639331;[0 1 11 8 14];2026-03-12 12:19:22
108;0;78.307741;-6.061423;[0 1 11 10 14];2026-03-12 12:19:23
108;1;78.307741;-6.061423;[0 1 11 10 14];2026-03-12 12:19:23
109;0;82.030919;-3.635820;[0 2 5 8 14];2026-03-12 12:19:23
109;1;82.030919;-3.635820;[0 2 5 8 14];2026-03-12 12:19:23
110;0;76.229951;-399964.373808;[0 2 6 7 14];2026-03-12 12:19:23
110;1;76.229951;-399964.373808;[0 2 6 7 14];2026-03-12 12:19:23
111;0;83.285514;-2.798486;[0 1 10 8 14];2026-03-12 12:19:23
111;1;83.285514;-2.798486;[0 1 10 8 14];2026-03-12 12:19:23
112;0;80.499462;-24.995615;[0 2 6 8 14];2026-03-12 12:19:23
112;1;80.499462;-24.995615;[0 2 6 8 14];2026-03-12 12:19:23
113;0;87.228006;-0.508726;[0 1 9 13 14];2026-03-12 12:19:23
113;1;87.228006;-0.508726;[0 1 9 13 14];2026-03-12 12:19:24
114;0;52.652627;-26.257052;[0 2 6 13 14];2026-03-12 12:19:24
114;1;52.652627;-26.257052;[0 2 6 13 14];2026-03-12 12:19:24
115;0;92.704503;-416633.035837;[0 2 7 8 14];2026-03-12 12:19:24
115;1;92.704503;-416633.035837;[0 2 7 8 14];2026-03-12 12:19:24
116;0;51.675437;-8.237865;[0 6 12 14];2026-03-12 12:19:24
116;1;51.675437;-8.237865;[0 6 12 14];2026-03-12 12:19:24
117;0;87.489137;-5.215366;[0 2 8 7 14];2026-03-12 12:19:24
117;1;87.489137;-5.215366;[0 2 8 7 14];2026-03-12 12:19:24
118;0;45.685389;-6.967238;[0 2 13 6 14];2026-03-12 12:19:24
118;1;45.685389;-6.967238;[0 2 13 6 14];2026-03-12 12:19:24
119;0;90.163796;-1249933.036984;[0 3 4 6 14];2026-03-12 12:19:25
119;1;90.163796;-1249933.036984;[0 3 4 6 14];2026-03-12 12:19:25
120;0;119.376301;-5.226750;[0 3 4 9 14];2026-03-12 12:19:25
120;1;119.376301;-5.226750;[0 3 4 9 14];2026-03-12 12:19:25
121;0;78.172068;-26.779619;[0 3 4 12 14];2026-03-12 12:19:25
121;1;78.172068;-26.779619;[0 3 4 12 14];2026-03-12 12:19:25
122;0;84.036117;-6.712318;[0 3 4 13 14];2026-03-12 12:19:25
122;1;84.036117;-6.712318;[0 3 4 13 14];2026-03-12 12:19:26
123;0;102.360680;-10.303304;[0 3 9 4 14];2026-03-12 12:19:26
123;1;102.360680;-10.303304;[0 3 9 4 14];2026-03-12 12:19:26
124;0;94.974433;-4.025231;[0 3 9 7 14];2026-03-12 12:19:26
124;1;94.974433;-4.025231;[0 3 9 7 14];2026-03-12 12:19:26
125;0;87.855777;-7.580889;[0 3 9 10 14];2026-03-12 12:19:27
125;1;87.855777;-7.580889;[0 3 9 10 14];2026-03-12 12:19:27
126;0;77.855777;-1.368529;[0 3 9 12 14];2026-03-12 12:19:27
126;1;77.855777;-1.368529;[0 3 9 12 14];2026-03-12 12:19:27
127;0;65.838069;-8.769242;[0 4 2 13 14];2026-03-12 12:19:27
127;1;65.838069;-8.769242;[0 4 2 13 14];2026-03-12 12:19:27
128;0;87.411396;-1249950.505515;[0 4 5 6 14];2026-03-12 12:19:27
128;1;87.411396;-1249950.505515;[0 4 5 6 14];2026-03-12 12:19:28
129;0;85.952416;-312457.541573;[0 11 13 14];2026-03-12 12:19:28
129;1;85.952416;-312457.541573;[0 11 13 14];2026-03-12 12:19:28
130;0;74.361506;-256373.167233;[0 1 7 13 14];2026-03-12 12:19:28
130;1;74.361506;-256373.167233;[0 1 7 13 14];2026-03-12 12:19:28
131;0;84.894441;-188644.388910;[0 1 8 13 14];2026-03-12 12:19:28
131;1;84.894441;-188644.388910;[0 1 8 13 14];2026-03-12 12:19:28
132;0;76.968235;-135112.301264;[0 1 10 13 14];2026-03-12 12:19:28
132;1;76.968235;-135112.301264;[0 1 10 13 14];2026-03-12 12:19:28
133;0;94.043700;-238065.342920;[0 1 11 13 14];2026-03-12 12:19:28
133;1;94.043700;-238065.342920;[0 1 11 13 14];2026-03-12 12:19:28
134;0;65.415883;-1.552352;[0 1 12 13 14];2026-03-12 12:19:29
134;1;65.415883;-1.552352;[0 1 12 13 14];2026-03-12 12:19:29
135;0;92.355302;-5.074416;[0 2 7 13 14];2026-03-12 12:19:29
135;1;92.355302;-5.074416;[0 2 7 13 14];2026-03-12 12:19:29
136;0;102.790158;-6.314997;[0 2 7 11 14];2026-03-12 12:19:29
136;1;102.790158;-6.314997;[0 2 7 11 14];2026-03-12 12:19:29
137;0;105.813285;-476110.573748;[0 2 8 10 14];2026-03-12 12:19:29
137;1;105.813285;-476110.573748;[0 2 8 10 14];2026-03-12 12:19:29
138;0;92.156966;-29.392278;[0 2 8 13 14];2026-03-12 12:19:30
138;1;92.156966;-29.392278;[0 2 8 13 14];2026-03-12 12:19:30
139;0;74.971769;-1.389819;[0 2 12 13 14];2026-03-12 12:19:30
139;1;74.971769;-1.389819;[0 2 12 13 14];2026-03-12 12:19:30
140;0;75.573009;-8.936526;[0 2 13 7 14];2026-03-12 12:19:30
140;1;75.573009;-8.936526;[0 2 13 7 14];2026-03-12 12:19:30
141;0;80.590039;-11.566927;[0 2 13 8 14];2026-03-12 12:19:30
141;1;80.590039;-11.566927;[0 2 13 8 14];2026-03-12 12:19:31
142;0;96.171384;-0.454684;[0 3 7 8 14];2026-03-12 12:19:31
142;1;96.171384;-0.454684;[0 3 7 8 14];2026-03-12 12:19:31
143;0;86.870778;-5.893367;[0 3 10 7 14];2026-03-12 12:19:31
143;1;86.870778;-5.893367;[0 3 10 7 14];2026-03-12 12:19:31
144;0;74.352408;-0.864471;[0 3 12 4 14];2026-03-12 12:19:31
144;1;74.352408;-0.864471;[0 3 12 4 14];2026-03-12 12:19:32
145;0;67.082039;-12.351515;[0 3 12 13 14];2026-03-12 12:19:32
145;1;67.082039;-12.351515;[0 3 12 13 14];2026-03-12 12:19:32
146;0;108.059788;-9.239228;[0 4 5 7 14];2026-03-12 12:19:32
146;1;108.059788;-9.239228;[0 4 5 7 14];2026-03-12 12:19:32
147;0;106.408254;-15.907792;[0 4 5 8 14];2026-03-12 12:19:32
147;1;106.408254;-15.907792;[0 4 5 8 14];2026-03-12 12:19:32
148;0;93.222784;-4.983735;[0 4 5 13 14];2026-03-12 12:19:33
148;1;93.222784;-4.983735;[0 4 5 13 14];2026-03-12 12:19:33
149;0;98.451508;-1428465.549822;[0 4 6 7 14];2026-03-12 12:19:33
149;1;98.451508;-1428465.549822;[0 4 6 7 14];2026-03-12 12:19:33
150;0;74.874184;-12.470707;[0 4 6 13 14];2026-03-12 12:19:33
150;1;74.874184;-12.470707;[0 4 6 13 14];2026-03-12 12:19:33
151;0;74.896317;-4.599689;[0 2 6 12 14];2026-03-12 12:19:33
151;1;74.896317;-4.599689;[0 2 6 12 14];2026-03-12 12:19:33
152;0;109.553087;-7.124845;[0 4 7 8 14];2026-03-12 12:19:34
152;1;109.553087;-7.124845;[0 4 7 8 14];2026-03-12 12:19:34
153;0;108.956874;-0.596213;[0 4 8 7 14];2026-03-12 12:19:34
153;1;108.956874;-0.596213;[0 4 8 7 14];2026-03-12 12:19:34
154;0;96.782255;-14.589619;[0 4 12 5 14];2026-03-12 12:19:34
154;1;96.782255;-14.589619;[0 4 12 5 14];2026-03-12 12:19:34
155;0;115.495098;-7.242442;[0 4 9 10 14];2026-03-12 12:19:34
155;1;115.495098;-7.242442;[0 4 9 10 14];2026-03-12 12:19:34
156;0;77.486826;-1.119921;[0 4 12 6 14];2026-03-12 12:19:34
156;1;77.486826;-1.119921;[0 4 12 6 14];2026-03-12 12:19:35
157;0;95.565611;-2.645343;[0 4 12 7 14];2026-03-12 12:19:35
157;1;95.565611;-2.645343;[0 4 12 7 14];2026-03-12 12:19:35
158;0;87.238305;-0.039746;[0 4 6 5 14];2026-03-12 12:19:35
158;1;87.238305;-0.039746;[0 4 6 5 14];2026-03-12 12:19:35
159;0;98.322107;-7.172991;[0 4 12 9 14];2026-03-12 12:19:35
159;1;98.322107;-7.172991;[0 4 12 9 14];2026-03-12 12:19:36
160;0;74.352408;-8.075107;[0 4 12 13 14];2026-03-12 12:19:36
160;1;74.352408;-8.075107;[0 4 12 13 14];2026-03-12 12:19:36
161;0;68.746505;-1.143128;[0 4 13 6 14];2026-03-12 12:19:36
161;1;68.746505;-1.143128;[0 4 13 6 14];2026-03-12 12:19:36
162;0;72.444260;-1428520.852351;[0 5 6 7 14];2026-03-12 12:19:36
162;1;72.444260;-1428520.852351;[0 5 6 7 14];2026-03-12 12:19:37
163;0;76.713771;-9.932187;[0 5 6 8 14];2026-03-12 12:19:37
163;1;76.713771;-9.932187;[0 5 6 8 14];2026-03-12 12:19:37
164;0;48.866936;-9.412340;[0 5 6 13 14];2026-03-12 12:19:37
164;1;48.866936;-9.412340;[0 5 6 13 14];2026-03-12 12:19:37
165;0;79.686421;-10.984262;[0 5 7 8 14];2026-03-12 12:19:37
165;1;79.686421;-10.984262;[0 5 7 8 14];2026-03-12 12:19:38
166;0;106.257038;-4.279089;[0 3 9 11 14];2026-03-12 12:19:38
166;1;106.257038;-4.279089;[0 3 9 11 14];2026-03-12 12:19:38
167;0;97.015621;-3.205514;[0 4 3 9 14];2026-03-12 12:19:38
167;1;97.015621;-3.205514;[0 4 3 9 14];2026-03-12 12:19:38
168;0;65.573690;-6.024144;[0 5 8 6 14];2026-03-12 12:19:38
168;1;65.573690;-6.024144;[0 5 8 6 14];2026-03-12 12:19:39
169;0;67.963675;-11.722746;[0 5 8 7 14];2026-03-12 12:19:39
169;1;67.963675;-11.722746;[0 5 8 7 14];2026-03-12 12:19:39
170;0;72.805308;-0.780245;[0 4 2 6 14];2026-03-12 12:19:39
170;1;72.805308;-0.780245;[0 4 2 6 14];2026-03-12 12:19:40
171;0;73.614505;-3.092076;[0 6 4 12 14];2026-03-12 12:19:40
171;1;73.614505;-3.092076;[0 6 4 12 14];2026-03-12 12:19:40
172;0;70.251233;-12.596627;[0 6 7 8 14];2026-03-12 12:19:40
172;1;70.251233;-12.596627;[0 6 7 8 14];2026-03-12 12:19:41
173;0;71.433101;-2.559326;[0 6 7 10 14];2026-03-12 12:19:41
173;1;71.433101;-2.559326;[0 6 7 10 14];2026-03-12 12:19:41
174;0;80.336888;-5.645773;[0 6 7 11 14];2026-03-12 12:19:42
174;1;80.336888;-5.645773;[0 6 7 11 14];2026-03-12 12:19:42
175;0;61.357538;-3.392240;[0 6 5 8 14];2026-03-12 12:19:43
175;1;61.357538;-3.392240;[0 6 5 8 14];2026-03-12 12:19:43
176;0;64.449532;-5.801701;[0 6 8 7 14];2026-03-12 12:19:43
176;1;64.449532;-5.801701;[0 6 8 7 14];2026-03-12 12:19:44
177;0;48.172068;-0.694868;[0 6 5 13 14];2026-03-12 12:19:44
177;1;48.172068;-0.694868;[0 6 5 13 14];2026-03-12 12:19:44
178;0;83.211116;-1.537658;[0 6 11 10 14];2026-03-12 12:19:44
178;1;83.211116;-1.537658;[0 6 11 10 14];2026-03-12 12:19:45
179;0;92.370960;-2.404604;[0 7 10 9 14];2026-03-12 12:19:45
179;1;92.370960;-2.404604;[0 7 10 9 14];2026-03-12 12:19:45
180;0;91.126871;-1.083390;[0 7 8 11 14];2026-03-12 12:19:46
180;1;91.126871;-1.083390;[0 7 8 11 14];2026-03-12 12:19:46
181;0;86.628105;-4.498766;[0 7 11 8 14];2026-03-12 12:19:46
181;1;86.628105;-4.498766;[0 7 11 8 14];2026-03-12 12:19:47
182;0;72.888641;-14.258923;[0 7 11 10 14];2026-03-12 12:19:47
182;1;72.888641;-14.258923;[0 7 11 10 14];2026-03-12 12:19:47
183;0;67.168926;-0.346839;[0 8 5 13 14];2026-03-12 12:19:47
183;1;67.168926;-0.346839;[0 8 5 13 14];2026-03-12 12:19:48
184;0;78.092598;-5.365389;[0 8 7 10 14];2026-03-12 12:19:48
184;1;78.092598;-5.365389;[0 8 7 10 14];2026-03-12 12:19:48
185;0;73.195961;-4.436836;[0 9 3 12 14];2026-03-12 12:19:48
185;1;73.195961;-4.436836;[0 9 3 12 14];2026-03-12 12:19:48
186;0;67.486826;-5.010189;[0 12 4 13 14];2026-03-12 12:19:49
186;1;67.486826;-5.010189;[0 12 4 13 14];2026-03-12 12:19:49
187;0;115.373616;-999939.330365;[0 1 2 4 3 14];2026-03-12 12:19:49
187;1;115.373616;-999939.330365;[0 1 2 4 3 14];2026-03-12 12:19:49
188;0;98.941468;-11.879805;[0 2 12 9 14];2026-03-12 12:19:50
188;1;98.941468;-11.879805;[0 2 12 9 14];2026-03-12 12:19:50
189;0;71.110626;-270210.879529;[0 5 6 12 14];2026-03-12 12:19:50
189;1;71.110626;-270210.879529;[0 5 6 12 14];2026-03-12 12:19:50
190;0;124.807494;-101978.303012;[0 5 9 13 14];2026-03-12 12:19:50
190;1;124.807494;-101978.303012;[0 5 9 13 14];2026-03-12 12:19:50
191;0;123.011833;-90820.492880;[0 5 12 8 14];2026-03-12 12:19:51
191;1;123.011833;-90820.492880;[0 5 12 8 14];2026-03-12 12:19:51
192;0;113.481586;-74613.841480;[0 5 12 9 14];2026-03-12 12:19:51
192;1;113.481586;-74613.841480;[0 5 12 9 14];2026-03-12 12:19:51
193;0;89.511887;-136923.902362;[0 5 12 13 14];2026-03-12 12:19:51
193;1;89.511887;-136923.902362;[0 5 12 13 14];2026-03-12 12:19:51
194;0;102.461229;-7.806148;[0 2 13 9 14];2026-03-12 12:19:51
194;1;102.461229;-7.806148;[0 2 13 9 14];2026-03-12 12:19:52
195;0;111.454164;-13.353330;[0 5 13 9 14];2026-03-12 12:19:52
195;1;111.454164;-13.353330;[0 5 13 9 14];2026-03-12 12:19:52
196;0;100.212039;-8.522732;[0 6 7 9 14];2026-03-12 12:19:52
196;1;100.212039;-8.522732;[0 6 7 9 14];2026-03-12 12:19:52
197;0;80.336888;-6.455605;[0 6 7 12 14];2026-03-12 12:19:52
197;1;80.336888;-6.455605;[0 6 7 12 14];2026-03-12 12:19:52
198;0;69.902032;-6.340308;[0 6 7 13 14];2026-03-12 12:19:53
198;1;69.902032;-6.340308;[0 6 7 13 14];2026-03-12 12:19:53
199;0;111.149448;-273903.326130;[0 6 8 9 14];2026-03-12 12:19:53
199;1;111.149448;-273903.326130;[0 6 8 9 14];2026-03-12 12:19:53
200;0;88.736885;-2.930244;[0 6 8 11 14];2026-03-12 12:19:53
200;1;88.736885;-2.930244;[0 6 8 11 14];2026-03-12 12:19:53
201;0;86.821929;-28.648453;[0 6 8 12 14];2026-03-12 12:19:54
201;1;86.821929;-28.648453;[0 6 8 12 14];2026-03-12 12:19:54
202;0;69.117361;-30.856435;[0 6 8 13 14];2026-03-12 12:19:54
202;1;69.117361;-30.856435;[0 6 8 13 14];2026-03-12 12:19:54
203;0;123.341827;-7.731860;[0 5 11 9 14];2026-03-12 12:19:54
203;1;123.341827;-7.731860;[0 5 11 9 14];2026-03-12 12:19:54
204;0;107.798713;-5.603886;[0 6 9 13 14];2026-03-12 12:19:54
204;1;107.798713;-5.603886;[0 6 9 13 14];2026-03-12 12:19:54
205;0;113.906639;-11.383623;[0 6 11 9 14];2026-03-12 12:19:55
205;1;113.906639;-11.383623;[0 6 11 9 14];2026-03-12 12:19:55
206;0;94.186156;-21.243865;[0 6 12 9 14];2026-03-12 12:19:55
206;1;94.186156;-21.243865;[0 6 12 9 14];2026-03-12 12:19:55
207;0;71.507347;-3.233094;[0 7 8 13 14];2026-03-12 12:19:56
207;1;71.507347;-3.233094;[0 7 8 13 14];2026-03-12 12:19:56
208;0;111.805719;-3.986866;[0 7 9 13 14];2026-03-12 12:19:56
208;1;111.805719;-3.986866;[0 7 9 13 14];2026-03-12 12:19:57
209;0;111.172169;-3.416413;[0 5 10 9 14];2026-03-12 12:19:57
209;1;111.172169;-3.416413;[0 5 10 9 14];2026-03-12 12:19:57
210;0;92.646305;-8.152035;[0 5 11 10 14];2026-03-12 12:19:57
210;1;92.646305;-8.152035;[0 5 11 10 14];2026-03-12 12:19:58
211;0;124.847961;-416568.340775;[0 8 9 10 14];2026-03-12 12:19:58
211;1;124.847961;-416568.340775;[0 8 9 10 14];2026-03-12 12:19:58
212;0;108.382263;-0.850107;[0 5 11 13 14];2026-03-12 12:19:58
212;1;108.382263;-0.850107;[0 5 11 13 14];2026-03-12 12:19:58
213;0;103.584164;-23.719199;[0 7 11 9 14];2026-03-12 12:19:59
213;1;103.584164;-23.719199;[0 7 11 9 14];2026-03-12 12:19:59
214;0;98.941468;-5.755182;[0 2 12 10 14];2026-03-12 12:19:59
214;1;98.941468;-5.755182;[0 2 12 10 14];2026-03-12 12:19:59
215;0;109.513240;-15.334721;[0 8 10 9 14];2026-03-12 12:20:00
215;1;109.513240;-15.334721;[0 8 10 9 14];2026-03-12 12:20:00
216;0;117.785862;-2.940582;[0 8 11 9 14];2026-03-12 12:20:01
216;1;117.785862;-2.940582;[0 8 11 9 14];2026-03-12 12:20:01
217;0;109.007349;-2.446815;[0 9 5 13 14];2026-03-12 12:20:02
217;1;109.007349;-2.446815;[0 9 5 13 14];2026-03-12 12:20:03
218;0;68.820460;-2.874206;[0 7 5 13 14];2026-03-12 12:20:04
218;1;68.820460;-2.874206;[0 7 5 13 14];2026-03-12 12:20:04
-1;0;22.360680;-9999977.639320;[0 13 14];2026-03-12 12:22:26
-1;1;22.360680;-9999977.639320;[0 13 14];2026-03-12 12:22:26
0;0;30.463092;-9999947.176228;[0 1 14];2026-03-12 12:22:26
0;1;30.463092;-9999947.176228;[0 1 14];2026-03-12 12:22:26
1;0;36.000000;-9999911.176228;[0 2 14];2026-03-12 12:22:26
1;1;36.000000;-9999911.176228;[0 2 14];2026-03-12 12:22:26
2;0;44.721360;-9999866.454868;[0 3 14];2026-03-12 12:22:26
2;1;44.721360;-9999866.454868;[0 3 14];2026-03-12 12:22:26
3;0;50.000000;-9999816.454868;[0 4 14];2026-03-12 12:22:26
3;1;50.000000;-9999816.454868;[0 4 14];2026-03-12 12:22:26
4;0;41.231056;-9999775.223812;[0 5 14];2026-03-12 12:22:26
4;1;41.231056;-9999775.223812;[0 5 14];2026-03-12 12:22:26
5;0;22.360680;-9999752.863132;[0 6 14];2026-03-12 12:22:26
5;1;22.360680;-9999752.863132;[0 6 14];2026-03-12 12:22:26
6;0;42.426407;-9999710.436725;[0 7 14];2026-03-12 12:22:26
6;1;42.426407;-9999710.436725;[0 7 14];2026-03-12 12:22:26
7;0;52.497619;-9999657.939106;[0 8 14];2026-03-12 12:22:26
7;1;52.497619;-9999657.939106;[0 8 14];2026-03-12 12:22:26
8;0;64.031242;-9999593.907864;[0 9 14];2026-03-12 12:22:26
8;1;64.031242;-9999593.907864;[0 9 14];2026-03-12 12:22:26
9;0;50.990195;-9999542.917669;[0 10 14];2026-03-12 12:22:26
9;1;50.990195;-9999542.917669;[0 10 14];2026-03-12 12:22:26
10;0;67.082039;-9999475.835630;[0 11 14];2026-03-12 12:22:26
10;1;67.082039;-9999475.835630;[0 11 14];2026-03-12 12:22:26
11;0;30.000000;-9999445.835630;[0 12 14];2026-03-12 12:22:26
11;1;30.000000;-9999445.835630;[0 12 14];2026-03-12 12:22:26
12;0;65.789187;-833287.826874;[0 1 2 14];2026-03-12 12:22:26
12;1;65.789187;-833287.826874;[0 1 2 14];2026-03-12 12:22:26
13;0;52.152446;-909063.623782;[0 1 3 14];2026-03-12 12:22:26
13;1;52.152446;-909063.623782;[0 1 3 14];2026-03-12 12:22:26
14;0;72.434031;-7.355157;[0 1 4 14];2026-03-12 12:22:26
14;1;72.434031;-7.355157;[0 1 4 14];2026-03-12 12:22:26
15;0;57.468546;-7.391892;[0 1 7 14];2026-03-12 12:22:26
15;1;57.468546;-7.391892;[0 1 7 14];2026-03-12 12:22:26
16;0;65.051661;-14.021720;[0 1 9 14];2026-03-12 12:22:26
16;1;65.051661;-14.021720;[0 1 9 14];2026-03-12 12:22:26
17;0;56.282993;-2.138288;[0 1 10 14];2026-03-12 12:22:26
17;1;56.282993;-2.138288;[0 1 10 14];2026-03-12 12:22:26
18;0;74.769981;-909049.158497;[0 2 3 14];2026-03-12 12:22:26
18;1;74.769981;-909049.158497;[0 2 3 14];2026-03-12 12:22:26
19;0;63.223748;-999970.899220;[0 2 4 14];2026-03-12 12:22:26
19;1;63.223748;-999970.899220;[0 2 4 14];2026-03-12 12:22:26
20;0;62.469249;-8.810429;[0 2 5 14];2026-03-12 12:22:26
20;1;62.469249;-8.810429;[0 2 5 14];2026-03-12 12:22:26
21;0;38.614321;-4.984552;[0 2 13 14];2026-03-12 12:22:26
21;1;38.614321;-4.984552;[0 2 13 14];2026-03-12 12:22:26
22;0;72.360680;-999969.136242;[0 3 4 14];2026-03-12 12:22:26
22;1;72.360680;-999969.136242;[0 3 4 14];2026-03-12 12:22:26
23;0;69.376301;-15.773135;[0 3 9 14];2026-03-12 12:22:26
23;1;69.376301;-15.773135;[0 3 9 14];2026-03-12 12:22:26
24;0;75.173323;-6.950855;[0 1 11 14];2026-03-12 12:22:26
24;1;75.173323;-6.950855;[0 1 11 14];2026-03-12 12:22:26
25;0;48.541020;-6.849553;[0 3 12 14];2026-03-12 12:22:26
25;1;48.541020;-6.849553;[0 3 12 14];2026-03-12 12:22:26
26;0;86.846584;-1111060.594410;[0 4 5 14];2026-03-12 12:22:26
26;1;86.846584;-1111060.594410;[0 4 5 14];2026-03-12 12:22:26
27;0;67.803116;-1249943.341802;[0 4 6 14];2026-03-12 12:22:26
27;1;67.803116;-1249943.341802;[0 4 6 14];2026-03-12 12:22:26
28;0;55.811388;-19.804140;[0 4 12 14];2026-03-12 12:22:26
28;1;55.811388;-19.804140;[0 4 12 14];2026-03-12 12:22:26
29;0;78.929222;-1.669253;[0 3 7 14];2026-03-12 12:22:26
29;1;78.929222;-1.669253;[0 3 7 14];2026-03-12 12:22:26
30;0;77.010537;-7.683987;[0 3 10 14];2026-03-12 12:22:26
30;1;77.010537;-7.683987;[0 3 10 14];2026-03-12 12:22:26
31;0;61.675437;-1.143128;[0 4 13 14];2026-03-12 12:22:26
31;1;61.675437;-1.143128;[0 4 13 14];2026-03-12 12:22:26
32;0;41.795868;-1249966.085517;[0 5 6 14];2026-03-12 12:22:26
32;1;41.795868;-1249966.085517;[0 5 6 14];2026-03-12 12:22:26
33;0;62.444260;-1428532.086498;[0 5 7 14];2026-03-12 12:22:26
33;1;62.444260;-1428532.086498;[0 5 7 14];2026-03-12 12:22:26
34;0;60.792726;-11.722746;[0 5 8 14];2026-03-12 12:22:26
34;1;60.792726;-11.722746;[0 5 8 14];2026-03-12 12:22:26
35;0;53.009071;-1428524.242750;[0 6 7 14];2026-03-12 12:22:26
35;1;53.009071;-1428524.242750;[0 6 7 14];2026-03-12 12:22:26
36;0;57.278583;-1666606.278161;[0 6 8 14];2026-03-12 12:22:26
36;1;57.278583;-1666606.278161;[0 6 8 14];2026-03-12 12:22:26
37;0;97.439244;-833263.118808;[0 2 9 14];2026-03-12 12:22:26
37;1;97.439244;-833263.118808;[0 2 9 14];2026-03-12 12:22:26
38;0;86.784819;-18.288661;[0 2 10 14];2026-03-12 12:22:26
38;1;86.784819;-18.288661;[0 2 10 14];2026-03-12 12:22:26
39;0;101.830184;-3.844966;[0 2 11 14];2026-03-12 12:22:27
39;1;101.830184;-3.844966;[0 2 11 14];2026-03-12 12:22:27
40;0;97.015621;-20.552503;[0 4 9 14];2026-03-12 12:22:27
40;1;97.015621;-20.552503;[0 4 9 14];2026-03-12 12:22:27
41;0;102.631149;-833279.864019;[0 5 9 14];2026-03-12 12:22:27
41;1;102.631149;-833279.864019;[0 5 9 14];2026-03-12 12:22:27
42;0;79.651645;-30.613740;[0 5 10 14];2026-03-12 12:22:27
42;1;79.651645;-30.613740;[0 5 10 14];2026-03-12 12:22:27
43;0;89.511887;-9.030089;[0 5 11 14];2026-03-12 12:22:27
43;1;89.511887;-9.030089;[0 5 11 14];2026-03-12 12:22:27
44;0;67.089250;-0.758649;[0 6 10 14];2026-03-12 12:22:27
44;1;67.089250;-0.758649;[0 6 10 14];2026-03-12 12:22:27
45;0;80.076699;-5.902882;[0 6 11 14];2026-03-12 12:22:27
45;1;80.076699;-5.902882;[0 6 11 14];2026-03-12 12:22:27
46;0;56.430749;-8.317395;[0 2 12 14];2026-03-12 12:22:27
46;1;56.430749;-8.317395;[0 2 12 14];2026-03-12 12:22:27
47;0;59.668569;-1666618.547249;[0 7 8 14];2026-03-12 12:22:27
47;1;59.668569;-1666618.547249;[0 7 8 14];2026-03-12 12:22:27
48;0;89.629374;-6.876936;[0 7 9 14];2026-03-12 12:22:27
48;1;89.629374;-6.876936;[0 7 9 14];2026-03-12 12:22:27
49;0;60.850437;-20.010269;[0 7 10 14];2026-03-12 12:22:27
49;1;60.850437;-20.010269;[0 7 10 14];2026-03-12 12:22:27
50;0;29.431748;-8.242120;[0 6 13 14];2026-03-12 12:22:27
50;1;29.431748;-8.242120;[0 6 13 14];2026-03-12 12:22:27
51;0;45.581559;-1.882739;[0 2 6 14];2026-03-12 12:22:27
51;1;45.581559;-1.882739;[0 2 6 14];2026-03-12 12:22:27
52;0;69.754223;-9.986544;[0 7 11 14];2026-03-12 12:22:27
52;1;69.754223;-9.986544;[0 7 11 14];2026-03-12 12:22:27
53;0;77.992717;-8.093391;[0 8 10 14];2026-03-12 12:22:27
53;1;77.992717;-8.093391;[0 8 10 14];2026-03-12 12:22:27
54;0;83.955921;-2.940582;[0 8 11 14];2026-03-12 12:22:27
54;1;83.955921;-2.940582;[0 8 11 14];2026-03-12 12:22:27
55;0;82.510719;-2.491952;[0 9 10 14];2026-03-12 12:22:28
55;1;82.510719;-2.491952;[0 9 10 14];2026-03-12 12:22:28
56;0;70.216457;-13.675356;[0 11 10 14];2026-03-12 12:22:28
56;1;70.216457;-13.675356;[0 11 10 14];2026-03-12 12:22:28
57;0;104.559168;-909033.211998;[0 1 2 3 14];2026-03-12 12:22:28
57;1;104.559168;-909033.211998;[0 1 2 3 14];2026-03-12 12:22:28
58;0;100.911980;-5.423857;[0 9 11 14];2026-03-12 12:22:28
58;1;100.911980;-5.423857;[0 9 11 14];2026-03-12 12:22:28
59;0;47.607256;-1.822874;[0 5 13 14];2026-03-12 12:22:28
59;1;47.607256;-1.822874;[0 5 13 14];2026-03-12 12:22:28
60;0;72.510719;-1.088962;[0 9 12 14];2026-03-12 12:22:28
60;1;72.510719;-1.088962;[0 9 12 14];2026-03-12 12:22:28
61;0;93.012936;-999938.373356;[0 1 2 4 14];2026-03-12 12:22:28
61;1;93.012936;-999938.373356;[0 1 2 4 14];2026-03-12 12:22:28
62;0;92.258436;-0.766518;[0 1 2 5 14];2026-03-12 12:22:28
62;1;92.258436;-0.766518;[0 1 2 5 14];2026-03-12 12:22:28
63;0;86.219936;-1.890530;[0 1 2 12 14];2026-03-12 12:22:28
63;1;86.219936;-1.890530;[0 1 2 12 14];2026-03-12 12:22:28
64;0;68.403508;-10.928801;[0 1 2 13 14];2026-03-12 12:22:28
64;1;68.403508;-10.928801;[0 1 2 13 14];2026-03-12 12:22:28
65;0;82.201067;-0.884452;[0 1 3 2 14];2026-03-12 12:22:28
65;1;82.201067;-0.884452;[0 1 3 2 14];2026-03-12 12:22:28
66;0;79.791766;-2.674392;[0 1 3 4 14];2026-03-12 12:22:28
66;1;79.791766;-2.674392;[0 1 3 4 14];2026-03-12 12:22:28
67;0;76.807387;-22.358101;[0 1 3 9 14];2026-03-12 12:22:28
67;1;76.807387;-22.358101;[0 1 3 9 14];2026-03-12 12:22:28
68;0;70.396720;-6.410667;[0 1 9 3 14];2026-03-12 12:22:28
68;1;70.396720;-6.410667;[0 1 9 3 14];2026-03-12 12:22:29
69;0;102.409301;-999947.210367;[0 2 3 4 14];2026-03-12 12:22:29
69;1;102.409301;-999947.210367;[0 2 3 4 14];2026-03-12 12:22:29
70;0;109.280615;-526252.127965;[0 1 4 5 14];2026-03-12 12:22:29
70;1;109.280615;-526252.127965;[0 1 4 5 14];2026-03-12 12:22:29
71;0;48.541020;-4.518544;[0 12 13 14];2026-03-12 12:22:29
71;1;48.541020;-4.518544;[0 12 13 14];2026-03-12 12:22:29
72;0;55.972106;-3.752799;[0 1 3 12 14];2026-03-12 12:22:29
72;1;55.972106;-3.752799;[0 1 3 12 14];2026-03-12 12:22:29
73;0;90.237147;-0.867959;[0 1 4 6 14];2026-03-12 12:22:29
73;1;90.237147;-0.867959;[0 1 4 6 14];2026-03-12 12:22:29
74;0;119.449652;-2.444982;[0 1 4 9 14];2026-03-12 12:22:29
74;1;119.449652;-2.444982;[0 1 4 9 14];2026-03-12 12:22:29
75;0;78.245419;-26.779619;[0 1 4 12 14];2026-03-12 12:22:29
75;1;78.245419;-26.779619;[0 1 4 12 14];2026-03-12 12:22:29
76;0;68.614370;-357110.906999;[0 1 5 6 14];2026-03-12 12:22:29
76;1;68.614370;-357110.906999;[0 1 5 6 14];2026-03-12 12:22:29
77;0;64.336397;-3.028939;[0 8 13 14];2026-03-12 12:22:29
77;1;64.336397;-3.028939;[0 8 13 14];2026-03-12 12:22:29
78;0;86.207587;-0.508726;[0 9 13 14];2026-03-12 12:22:29
78;1;86.207587;-0.508726;[0 9 13 14];2026-03-12 12:22:30
79;0;84.109468;-7.832820;[0 1 4 13 14];2026-03-12 12:22:30
79;1;84.109468;-7.832820;[0 1 4 13 14];2026-03-12 12:22:30
80;0;89.262762;-7.489920;[0 1 5 7 14];2026-03-12 12:22:30
80;1;89.262762;-7.489920;[0 1 5 7 14];2026-03-12 12:22:30
81;0;87.611228;-15.907792;[0 1 5 8 14];2026-03-12 12:22:31
81;1;87.611228;-15.907792;[0 1 5 8 14];2026-03-12 12:22:31
82;0;74.425759;-11.845436;[0 1 5 13 14];2026-03-12 12:22:31
82;1;74.425759;-11.845436;[0 1 5 13 14];2026-03-12 12:22:31
83;0;77.486399;-9.511894;[0 1 7 5 14];2026-03-12 12:22:31
83;1;77.486399;-9.511894;[0 1 7 5 14];2026-03-12 12:22:31
84;0;85.657779;-1.762457;[0 1 4 2 14];2026-03-12 12:22:31
84;1;85.657779;-1.762457;[0 1 4 2 14];2026-03-12 12:22:31
85;0;74.710707;-11.776364;[0 1 7 8 14];2026-03-12 12:22:32
85;1;74.710707;-11.776364;[0 1 7 8 14];2026-03-12 12:22:32
86;0;84.796362;-3.416167;[0 1 7 11 14];2026-03-12 12:22:32
86;1;84.796362;-3.416167;[0 1 7 11 14];2026-03-12 12:22:32
87;0;81.350769;-6.260459;[0 1 8 5 14];2026-03-12 12:22:32
87;1;81.350769;-6.260459;[0 1 8 5 14];2026-03-12 12:22:32
88;0;75.892575;-4.528940;[0 1 7 10 14];2026-03-12 12:22:32
88;1;75.892575;-4.528940;[0 1 7 10 14];2026-03-12 12:22:32
89;0;98.036040;-4.015535;[0 1 9 4 14];2026-03-12 12:22:33
89;1;98.036040;-4.015535;[0 1 9 4 14];2026-03-12 12:22:33
90;0;90.649793;-4.433063;[0 1 9 7 14];2026-03-12 12:22:33
90;1;90.649793;-4.433063;[0 1 9 7 14];2026-03-12 12:22:33
91;0;83.531138;-14.429364;[0 1 9 10 14];2026-03-12 12:22:33
91;1;83.531138;-14.429364;[0 1 9 10 14];2026-03-12 12:22:33
92;0;73.531138;-14.021720;[0 1 9 12 14];2026-03-12 12:22:33
92;1;73.531138;-14.021720;[0 1 9 12 14];2026-03-12 12:22:33
93;0;66.143234;-9.749341;[0 1 10 7 14];2026-03-12 12:22:33
93;1;66.143234;-9.749341;[0 1 10 7 14];2026-03-12 12:22:33
-1;0;22.360680;-9999977.639320;[0 13 14];2026-03-12 14:16:33
-1;1;22.360680;-9999977.639320;[0 13 14];2026-03-12 14:16:33
0;0;30.463092;-9999947.176228;[0 1 14];2026-03-12 14:16:33
0;1;30.463092;-9999947.176228;[0 1 14];2026-03-12 14:16:33
1;0;36.000000;-9999911.176228;[0 2 14];2026-03-12 14:16:33
1;1;36.000000;-9999911.176228;[0 2 14];2026-03-12 14:16:33
2;0;44.721360;-9999866.454868;[0 3 14];2026-03-12 14:16:33
2;1;44.721360;-9999866.454868;[0 3 14];2026-03-12 14:16:33
3;0;50.000000;-9999816.454868;[0 4 14];2026-03-12 14:16:33
3;1;50.000000;-9999816.454868;[0 4 14];2026-03-12 14:16:33
4;0;41.231056;-9999775.223812;[0 5 14];2026-03-12 14:16:33
4;1;41.231056;-9999775.223812;[0 5 14];2026-03-12 14:16:33
5;0;22.360680;-9999752.863132;[0 6 14];2026-03-12 14:16:33
5;1;22.360680;-9999752.863132;[0 6 14];2026-03-12 14:16:33
6;0;42.426407;-9999710.436725;[0 7 14];2026-03-12 14:16:33
6;1;42.426407;-9999710.436725;[0 7 14];2026-03-12 14:16:33
7;0;52.497619;-9999657.939106;[0 8 14];2026-03-12 14:16:33
7;1;52.497619;-9999657.939106;[0 8 14];2026-03-12 14:16:33
8;0;64.031242;-9999593.907864;[0 9 14];2026-03-12 14:16:33
8;1;64.031242;-9999593.907864;[0 9 14];2026-03-12 14:16:33
9;0;50.990195;-9999542.917669;[0 10 14];2026-03-12 14:16:33
9;1;50.990195;-9999542.917669;[0 10 14];2026-03-12 14:16:33
10;0;67.082039;-9999475.835630;[0 11 14];2026-03-12 14:16:33
10;1;67.082039;-9999475.835630;[0 11 14];2026-03-12 14:16:33
11;0;30.000000;-9999445.835630;[0 12 14];2026-03-12 14:16:33
11;1;30.000000;-9999445.835630;[0 12 14];2026-03-12 14:16:33
12;0;65.789187;-833287.826874;[0 1 2 14];2026-03-12 14:16:33
12;1;65.789187;-833287.826874;[0 1 2 14];2026-03-12 14:16:33
13;0;52.152446;-909063.623782;[0 1 3 14];2026-03-12 14:16:33
13;1;52.152446;-909063.623782;[0 1 3 14];2026-03-12 14:16:33
14;0;72.434031;-7.355157;[0 1 4 14];2026-03-12 14:16:33
14;1;72.434031;-7.355157;[0 1 4 14];2026-03-12 14:16:33
15;0;57.468546;-7.391892;[0 1 7 14];2026-03-12 14:16:33
15;1;57.468546;-7.391892;[0 1 7 14];2026-03-12 14:16:33
16;0;65.051661;-14.021720;[0 1 9 14];2026-03-12 14:16:33
16;1;65.051661;-14.021720;[0 1 9 14];2026-03-12 14:16:33
17;0;56.282993;-2.138288;[0 1 10 14];2026-03-12 14:16:33
17;1;56.282993;-2.138288;[0 1 10 14];2026-03-12 14:16:33
18;0;74.769981;-909049.158497;[0 2 3 14];2026-03-12 14:16:33
18;1;74.769981;-909049.158497;[0 2 3 14];2026-03-12 14:16:33
19;0;63.223748;-999970.899220;[0 2 4 14];2026-03-12 14:16:33
19;1;63.223748;-999970.899220;[0 2 4 14];2026-03-12 14:16:33
20;0;62.469249;-8.810429;[0 2 5 14];2026-03-12 14:16:33
20;1;62.469249;-8.810429;[0 2 5 14];2026-03-12 14:16:33
21;0;38.614321;-4.984552;[0 2 13 14];2026-03-12 14:16:33
21;1;38.614321;-4.984552;[0 2 13 14];2026-03-12 14:16:33
22;0;72.360680;-999969.136242;[0 3 4 14];2026-03-12 14:16:33
22;1;72.360680;-999969.136242;[0 3 4 14];2026-03-12 14:16:33
23;0;69.376301;-15.773135;[0 3 9 14];2026-03-12 14:16:33
23;1;69.376301;-15.773135;[0 3 9 14];2026-03-12 14:16:33
24;0;75.173323;-6.950855;[0 1 11 14];2026-03-12 14:16:33
24;1;75.173323;-6.950855;[0 1 11 14];2026-03-12 14:16:33
25;0;48.541020;-6.849553;[0 3 12 14];2026-03-12 14:16:33
25;1;48.541020;-6.849553;[0 3 12 14];2026-03-12 14:16:33
26;0;86.846584;-1111060.594410;[0 4 5 14];2026-03-12 14:16:33
26;1;86.846584;-1111060.594410;[0 4 5 14];2026-03-12 14:16:33
27;0;67.803116;-1249943.341802;[0 4 6 14];2026-03-12 14:16:33
27;1;67.803116;-1249943.341802;[0 4 6 14];2026-03-12 14:16:33
28;0;55.811388;-19.804140;[0 4 12 14];2026-03-12 14:16:33
28;1;55.811388;-19.804140;[0 4 12 14];2026-03-12 14:16:33
29;0;78.929222;-1.669253;[0 3 7 14];2026-03-12 14:16:33
29;1;78.929222;-1.669253;[0 3 7 14];2026-03-12 14:16:33
30;0;77.010537;-7.683987;[0 3 10 14];2026-03-12 14:16:33
30;1;77.010537;-7.683987;[0 3 10 14];2026-03-12 14:16:33
31;0;61.675437;-1.143128;[0 4 13 14];2026-03-12 14:16:33
31;1;61.675437;-1.143128;[0 4 13 14];2026-03-12 14:16:34
32;0;41.795868;-1249966.085517;[0 5 6 14];2026-03-12 14:16:34
32;1;41.795868;-1249966.085517;[0 5 6 14];2026-03-12 14:16:34
33;0;62.444260;-1428532.086498;[0 5 7 14];2026-03-12 14:16:34
33;1;62.444260;-1428532.086498;[0 5 7 14];2026-03-12 14:16:34
34;0;60.792726;-11.722746;[0 5 8 14];2026-03-12 14:16:34
34;1;60.792726;-11.722746;[0 5 8 14];2026-03-12 14:16:34
35;0;53.009071;-1428524.242750;[0 6 7 14];2026-03-12 14:16:34
35;1;53.009071;-1428524.242750;[0 6 7 14];2026-03-12 14:16:34
36;0;57.278583;-1666606.278161;[0 6 8 14];2026-03-12 14:16:34
36;1;57.278583;-1666606.278161;[0 6 8 14];2026-03-12 14:16:34
37;0;97.439244;-833263.118808;[0 2 9 14];2026-03-12 14:16:34
37;1;97.439244;-833263.118808;[0 2 9 14];2026-03-12 14:16:34
38;0;86.784819;-18.288661;[0 2 10 14];2026-03-12 14:16:34
38;1;86.784819;-18.288661;[0 2 10 14];2026-03-12 14:16:34
39;0;101.830184;-3.844966;[0 2 11 14];2026-03-12 14:16:34
39;1;101.830184;-3.844966;[0 2 11 14];2026-03-12 14:16:34
40;0;97.015621;-20.552503;[0 4 9 14];2026-03-12 14:16:34
40;1;97.015621;-20.552503;[0 4 9 14];2026-03-12 14:16:34
41;0;102.631149;-833279.864019;[0 5 9 14];2026-03-12 14:16:34
41;1;102.631149;-833279.864019;[0 5 9 14];2026-03-12 14:16:34
42;0;79.651645;-30.613740;[0 5 10 14];2026-03-12 14:16:34
42;1;79.651645;-30.613740;[0 5 10 14];2026-03-12 14:16:34
43;0;89.511887;-9.030089;[0 5 11 14];2026-03-12 14:16:34
43;1;89.511887;-9.030089;[0 5 11 14];2026-03-12 14:16:34
44;0;67.089250;-0.758649;[0 6 10 14];2026-03-12 14:16:34
44;1;67.089250;-0.758649;[0 6 10 14];2026-03-12 14:16:34
45;0;80.076699;-5.902882;[0 6 11 14];2026-03-12 14:16:34
45;1;80.076699;-5.902882;[0 6 11 14];2026-03-12 14:16:34
46;0;56.430749;-8.317395;[0 2 12 14];2026-03-12 14:16:34
46;1;56.430749;-8.317395;[0 2 12 14];2026-03-12 14:16:34
47;0;59.668569;-1666618.547249;[0 7 8 14];2026-03-12 14:16:34
47;1;59.668569;-1666618.547249;[0 7 8 14];2026-03-12 14:16:34
48;0;89.629374;-6.876936;[0 7 9 14];2026-03-12 14:16:34
48;1;89.629374;-6.876936;[0 7 9 14];2026-03-12 14:16:34
49;0;60.850437;-20.010269;[0 7 10 14];2026-03-12 14:16:34
49;1;60.850437;-20.010269;[0 7 10 14];2026-03-12 14:16:34
50;0;29.431748;-8.242120;[0 6 13 14];2026-03-12 14:16:34
50;1;29.431748;-8.242120;[0 6 13 14];2026-03-12 14:16:34
51;0;45.581559;-1.882739;[0 2 6 14];2026-03-12 14:16:34
51;1;45.581559;-1.882739;[0 2 6 14];2026-03-12 14:16:35
52;0;69.754223;-9.986544;[0 7 11 14];2026-03-12 14:16:35
52;1;69.754223;-9.986544;[0 7 11 14];2026-03-12 14:16:35
53;0;77.992717;-8.093391;[0 8 10 14];2026-03-12 14:16:35
53;1;77.992717;-8.093391;[0 8 10 14];2026-03-12 14:16:35
54;0;83.955921;-2.940582;[0 8 11 14];2026-03-12 14:16:35
54;1;83.955921;-2.940582;[0 8 11 14];2026-03-12 14:16:35
55;0;82.510719;-2.491952;[0 9 10 14];2026-03-12 14:16:35
55;1;82.510719;-2.491952;[0 9 10 14];2026-03-12 14:16:35
56;0;70.216457;-13.675356;[0 11 10 14];2026-03-12 14:16:35
56;1;70.216457;-13.675356;[0 11 10 14];2026-03-12 14:16:35
57;0;104.559168;-909033.211998;[0 1 2 3 14];2026-03-12 14:16:35
57;1;104.559168;-909033.211998;[0 1 2 3 14];2026-03-12 14:16:35
58;0;100.911980;-5.423857;[0 9 11 14];2026-03-12 14:16:36
58;1;100.911980;-5.423857;[0 9 11 14];2026-03-12 14:16:36
59;0;47.607256;-1.822874;[0 5 13 14];2026-03-12 14:16:36
59;1;47.607256;-1.822874;[0 5 13 14];2026-03-12 14:16:36
60;0;72.510719;-1.088962;[0 9 12 14];2026-03-12 14:16:36
60;1;72.510719;-1.088962;[0 9 12 14];2026-03-12 14:16:36
61;0;93.012936;-999938.373356;[0 1 2 4 14];2026-03-12 14:16:36
61;1;93.012936;-999938.373356;[0 1 2 4 14];2026-03-12 14:16:36
62;0;92.258436;-0.766518;[0 1 2 5 14];2026-03-12 14:16:36
62;1;92.258436;-0.766518;[0 1 2 5 14];2026-03-12 14:16:36
63;0;86.219936;-1.890530;[0 1 2 12 14];2026-03-12 14:16:36
63;1;86.219936;-1.890530;[0 1 2 12 14];2026-03-12 14:16:36
64;0;68.403508;-10.928801;[0 1 2 13 14];2026-03-12 14:16:37
64;1;68.403508;-10.928801;[0 1 2 13 14];2026-03-12 14:16:37
65;0;82.201067;-0.884452;[0 1 3 2 14];2026-03-12 14:16:37
65;1;82.201067;-0.884452;[0 1 3 2 14];2026-03-12 14:16:37
66;0;79.791766;-2.674392;[0 1 3 4 14];2026-03-12 14:16:37
66;1;79.791766;-2.674392;[0 1 3 4 14];2026-03-12 14:16:37
67;0;76.807387;-22.358101;[0 1 3 9 14];2026-03-12 14:16:37
67;1;76.807387;-22.358101;[0 1 3 9 14];2026-03-12 14:16:37
68;0;70.396720;-6.410667;[0 1 9 3 14];2026-03-12 14:16:37
68;1;70.396720;-6.410667;[0 1 9 3 14];2026-03-12 14:16:37
69;0;102.409301;-999947.210367;[0 2 3 4 14];2026-03-12 14:16:37
69;1;102.409301;-999947.210367;[0 2 3 4 14];2026-03-12 14:16:37
70;0;109.280615;-526252.127965;[0 1 4 5 14];2026-03-12 14:16:37
70;1;109.280615;-526252.127965;[0 1 4 5 14];2026-03-12 14:16:37
71;0;48.541020;-4.518544;[0 12 13 14];2026-03-12 14:16:37
71;1;48.541020;-4.518544;[0 12 13 14];2026-03-12 14:16:37
72;0;55.972106;-3.752799;[0 1 3 12 14];2026-03-12 14:16:37
72;1;55.972106;-3.752799;[0 1 3 12 14];2026-03-12 14:16:37
73;0;90.237147;-0.867959;[0 1 4 6 14];2026-03-12 14:16:37
73;1;90.237147;-0.867959;[0 1 4 6 14];2026-03-12 14:16:37
74;0;119.449652;-2.444982;[0 1 4 9 14];2026-03-12 14:16:37
74;1;119.449652;-2.444982;[0 1 4 9 14];2026-03-12 14:16:37
75;0;78.245419;-26.779619;[0 1 4 12 14];2026-03-12 14:16:37
75;1;78.245419;-26.779619;[0 1 4 12 14];2026-03-12 14:16:37
76;0;68.614370;-357110.906999;[0 1 5 6 14];2026-03-12 14:16:37
76;1;68.614370;-357110.906999;[0 1 5 6 14];2026-03-12 14:16:37
77;0;64.336397;-3.028939;[0 8 13 14];2026-03-12 14:16:37
77;1;64.336397;-3.028939;[0 8 13 14];2026-03-12 14:16:37
78;0;86.207587;-0.508726;[0 9 13 14];2026-03-12 14:16:38
78;1;86.207587;-0.508726;[0 9 13 14];2026-03-12 14:16:38
79;0;84.109468;-7.832820;[0 1 4 13 14];2026-03-12 14:16:38
79;1;84.109468;-7.832820;[0 1 4 13 14];2026-03-12 14:16:38
80;0;89.262762;-7.489920;[0 1 5 7 14];2026-03-12 14:16:38
80;1;89.262762;-7.489920;[0 1 5 7 14];2026-03-12 14:16:38
81;0;87.611228;-15.907792;[0 1 5 8 14];2026-03-12 14:16:38
81;1;87.611228;-15.907792;[0 1 5 8 14];2026-03-12 14:16:38
82;0;74.425759;-11.845436;[0 1 5 13 14];2026-03-12 14:16:38
82;1;74.425759;-11.845436;[0 1 5 13 14];2026-03-12 14:16:38
83;0;77.486399;-9.511894;[0 1 7 5 14];2026-03-12 14:16:38
83;1;77.486399;-9.511894;[0 1 7 5 14];2026-03-12 14:16:38
84;0;85.657779;-1.762457;[0 1 4 2 14];2026-03-12 14:16:38
84;1;85.657779;-1.762457;[0 1 4 2 14];2026-03-12 14:16:38
85;0;74.710707;-11.776364;[0 1 7 8 14];2026-03-12 14:16:38
85;1;74.710707;-11.776364;[0 1 7 8 14];2026-03-12 14:16:38
86;0;84.796362;-3.416167;[0 1 7 11 14];2026-03-12 14:16:38
86;1;84.796362;-3.416167;[0 1 7 11 14];2026-03-12 14:16:38
87;0;81.350769;-6.260459;[0 1 8 5 14];2026-03-12 14:16:38
87;1;81.350769;-6.260459;[0 1 8 5 14];2026-03-12 14:16:38
88;0;75.892575;-4.528940;[0 1 7 10 14];2026-03-12 14:16:38
88;1;75.892575;-4.528940;[0 1 7 10 14];2026-03-12 14:16:38
89;0;98.036040;-4.015535;[0 1 9 4 14];2026-03-12 14:16:38
89;1;98.036040;-4.015535;[0 1 9 4 14];2026-03-12 14:16:38
90;0;90.649793;-4.433063;[0 1 9 7 14];2026-03-12 14:16:38
90;1;90.649793;-4.433063;[0 1 9 7 14];2026-03-12 14:16:38
91;0;83.531138;-14.429364;[0 1 9 10 14];2026-03-12 14:16:38
91;1;83.531138;-14.429364;[0 1 9 10 14];2026-03-12 14:16:38
92;0;73.531138;-14.021720;[0 1 9 12 14];2026-03-12 14:16:39
92;1;73.531138;-14.021720;[0 1 9 12 14];2026-03-12 14:16:39
93;0;66.143234;-9.749341;[0 1 10 7 14];2026-03-12 14:16:39
93;1;66.143234;-9.749341;[0 1 10 7 14];2026-03-12 14:16:39
94;0;99.424922;-15.411330;[0 2 3 9 14];2026-03-12 14:16:39
94;1;99.424922;-15.411330;[0 2 3 9 14];2026-03-12 14:16:39
95;0;101.932399;-0.251866;[0 1 9 11 14];2026-03-12 14:16:39
95;1;101.932399;-0.251866;[0 1 9 11 14];2026-03-12 14:16:39
96;0;77.845507;-6.950855;[0 1 11 7 14];2026-03-12 14:16:39
96;1;77.845507;-6.950855;[0 1 11 7 14];2026-03-12 14:16:39
97;0;85.584428;-4.212029;[0 2 4 3 14];2026-03-12 14:16:39
97;1;85.584428;-4.212029;[0 2 4 3 14];2026-03-12 14:16:39
98;0;100.070333;-1111055.715046;[0 2 4 5 14];2026-03-12 14:16:39
98;1;100.070333;-1111055.715046;[0 2 4 5 14];2026-03-12 14:16:39
99;0;78.589641;-14.435845;[0 2 3 12 14];2026-03-12 14:16:39
99;1;78.589641;-14.435845;[0 2 3 12 14];2026-03-12 14:16:39
100;0;81.026865;-0.867959;[0 2 4 6 14];2026-03-12 14:16:39
100;1;81.026865;-0.867959;[0 2 4 6 14];2026-03-12 14:16:39
101;0;110.239370;-5.226750;[0 2 4 9 14];2026-03-12 14:16:39
101;1;110.239370;-5.226750;[0 2 4 9 14];2026-03-12 14:16:39
102;0;69.035137;-20.368952;[0 2 4 12 14];2026-03-12 14:16:39
102;1;69.035137;-20.368952;[0 2 4 12 14];2026-03-12 14:16:40
103;0;74.899186;-6.712318;[0 2 4 13 14];2026-03-12 14:16:40
103;1;74.899186;-6.712318;[0 2 4 13 14];2026-03-12 14:16:40
104;0;63.034061;-8.810429;[0 2 5 6 14];2026-03-12 14:16:40
104;1;63.034061;-8.810429;[0 2 5 6 14];2026-03-12 14:16:40
105;0;63.860898;-4.984552;[0 2 13 5 14];2026-03-12 14:16:40
105;1;63.860898;-4.984552;[0 2 13 5 14];2026-03-12 14:16:40
106;0;109.207264;-1111045.010578;[0 3 4 5 14];2026-03-12 14:16:40
106;1;109.207264;-1111045.010578;[0 3 4 5 14];2026-03-12 14:16:40
107;0;92.047205;-2.639331;[0 1 11 8 14];2026-03-12 14:16:40
107;1;92.047205;-2.639331;[0 1 11 8 14];2026-03-12 14:16:40
108;0;78.307741;-6.061423;[0 1 11 10 14];2026-03-12 14:16:40
108;1;78.307741;-6.061423;[0 1 11 10 14];2026-03-12 14:16:40
109;0;82.030919;-3.635820;[0 2 5 8 14];2026-03-12 14:16:40
109;1;82.030919;-3.635820;[0 2 5 8 14];2026-03-12 14:16:40
110;0;76.229951;-399964.373808;[0 2 6 7 14];2026-03-12 14:16:41
110;1;76.229951;-399964.373808;[0 2 6 7 14];2026-03-12 14:16:41
111;0;83.285514;-2.798486;[0 1 10 8 14];2026-03-12 14:16:41
111;1;83.285514;-2.798486;[0 1 10 8 14];2026-03-12 14:16:41
112;0;80.499462;-24.995615;[0 2 6 8 14];2026-03-12 14:16:41
112;1;80.499462;-24.995615;[0 2 6 8 14];2026-03-12 14:16:41
113;0;87.228006;-0.508726;[0 1 9 13 14];2026-03-12 14:16:41
113;1;87.228006;-0.508726;[0 1 9 13 14];2026-03-12 14:16:41
114;0;52.652627;-26.257052;[0 2 6 13 14];2026-03-12 14:16:41
114;1;52.652627;-26.257052;[0 2 6 13 14];2026-03-12 14:16:41
115;0;92.704503;-416633.035837;[0 2 7 8 14];2026-03-12 14:16:41
115;1;92.704503;-416633.035837;[0 2 7 8 14];2026-03-12 14:16:41
116;0;51.675437;-8.237865;[0 6 12 14];2026-03-12 14:16:41
116;1;51.675437;-8.237865;[0 6 12 14];2026-03-12 14:16:41
117;0;87.489137;-5.215366;[0 2 8 7 14];2026-03-12 14:16:41
117;1;87.489137;-5.215366;[0 2 8 7 14];2026-03-12 14:16:41
118;0;45.685389;-6.967238;[0 2 13 6 14];2026-03-12 14:16:41
118;1;45.685389;-6.967238;[0 2 13 6 14];2026-03-12 14:16:41
119;0;90.163796;-1249933.036984;[0 3 4 6 14];2026-03-12 14:16:41
119;1;90.163796;-1249933.036984;[0 3 4 6 14];2026-03-12 14:16:42
120;0;119.376301;-5.226750;[0 3 4 9 14];2026-03-12 14:16:42
120;1;119.376301;-5.226750;[0 3 4 9 14];2026-03-12 14:16:42
121;0;78.172068;-26.779619;[0 3 4 12 14];2026-03-12 14:16:42
121;1;78.172068;-26.779619;[0 3 4 12 14];2026-03-12 14:16:42
122;0;84.036117;-6.712318;[0 3 4 13 14];2026-03-12 14:16:42
122;1;84.036117;-6.712318;[0 3 4 13 14];2026-03-12 14:16:42
123;0;102.360680;-10.303304;[0 3 9 4 14];2026-03-12 14:16:42
123;1;102.360680;-10.303304;[0 3 9 4 14];2026-03-12 14:16:42
124;0;94.974433;-4.025231;[0 3 9 7 14];2026-03-12 14:16:42
124;1;94.974433;-4.025231;[0 3 9 7 14];2026-03-12 14:16:42
125;0;87.855777;-7.580889;[0 3 9 10 14];2026-03-12 14:16:42
125;1;87.855777;-7.580889;[0 3 9 10 14];2026-03-12 14:16:42
126;0;77.855777;-1.368529;[0 3 9 12 14];2026-03-12 14:16:42
126;1;77.855777;-1.368529;[0 3 9 12 14];2026-03-12 14:16:43
127;0;65.838069;-8.769242;[0 4 2 13 14];2026-03-12 14:16:43
127;1;65.838069;-8.769242;[0 4 2 13 14];2026-03-12 14:16:43
128;0;87.411396;-1249950.505515;[0 4 5 6 14];2026-03-12 14:16:43
128;1;87.411396;-1249950.505515;[0 4 5 6 14];2026-03-12 14:16:43
129;0;85.952416;-312457.541573;[0 11 13 14];2026-03-12 14:16:43
129;1;85.952416;-312457.541573;[0 11 13 14];2026-03-12 14:16:43
130;0;74.361506;-256373.167233;[0 1 7 13 14];2026-03-12 14:16:43
130;1;74.361506;-256373.167233;[0 1 7 13 14];2026-03-12 14:16:43
131;0;84.894441;-188644.388910;[0 1 8 13 14];2026-03-12 14:16:43
131;1;84.894441;-188644.388910;[0 1 8 13 14];2026-03-12 14:16:43
132;0;76.968235;-135112.301264;[0 1 10 13 14];2026-03-12 14:16:43
132;1;76.968235;-135112.301264;[0 1 10 13 14];2026-03-12 14:16:43
133;0;94.043700;-238065.342920;[0 1 11 13 14];2026-03-12 14:16:43
133;1;94.043700;-238065.342920;[0 1 11 13 14];2026-03-12 14:16:43
134;0;65.415883;-1.552352;[0 1 12 13 14];2026-03-12 14:16:43
134;1;65.415883;-1.552352;[0 1 12 13 14];2026-03-12 14:16:43
135;0;92.355302;-5.074416;[0 2 7 13 14];2026-03-12 14:16:43
135;1;92.355302;-5.074416;[0 2 7 13 14];2026-03-12 14:16:43
136;0;102.790158;-6.314997;[0 2 7 11 14];2026-03-12 14:16:44
136;1;102.790158;-6.314997;[0 2 7 11 14];2026-03-12 14:16:44
137;0;105.813285;-476110.573748;[0 2 8 10 14];2026-03-12 14:16:44
137;1;105.813285;-476110.573748;[0 2 8 10 14];2026-03-12 14:16:44
138;0;92.156966;-29.392278;[0 2 8 13 14];2026-03-12 14:16:44
138;1;92.156966;-29.392278;[0 2 8 13 14];2026-03-12 14:16:44
139;0;74.971769;-1.389819;[0 2 12 13 14];2026-03-12 14:16:44
139;1;74.971769;-1.389819;[0 2 12 13 14];2026-03-12 14:16:44
140;0;75.573009;-8.936526;[0 2 13 7 14];2026-03-12 14:16:44
140;1;75.573009;-8.936526;[0 2 13 7 14];2026-03-12 14:16:44
141;0;80.590039;-11.566927;[0 2 13 8 14];2026-03-12 14:16:44
141;1;80.590039;-11.566927;[0 2 13 8 14];2026-03-12 14:16:44
142;0;96.171384;-0.454684;[0 3 7 8 14];2026-03-12 14:16:45
142;1;96.171384;-0.454684;[0 3 7 8 14];2026-03-12 14:16:45
143;0;86.870778;-5.893367;[0 3 10 7 14];2026-03-12 14:16:45
143;1;86.870778;-5.893367;[0 3 10 7 14];2026-03-12 14:16:45
144;0;74.352408;-0.864471;[0 3 12 4 14];2026-03-12 14:16:45
144;1;74.352408;-0.864471;[0 3 12 4 14];2026-03-12 14:16:45
145;0;67.082039;-12.351515;[0 3 12 13 14];2026-03-12 14:16:46
145;1;67.082039;-12.351515;[0 3 12 13 14];2026-03-12 14:16:46
146;0;108.059788;-9.239228;[0 4 5 7 14];2026-03-12 14:16:46
146;1;108.059788;-9.239228;[0 4 5 7 14];2026-03-12 14:16:46
147;0;106.408254;-15.907792;[0 4 5 8 14];2026-03-12 14:16:46
147;1;106.408254;-15.907792;[0 4 5 8 14];2026-03-12 14:16:46
148;0;93.222784;-4.983735;[0 4 5 13 14];2026-03-12 14:16:46
148;1;93.222784;-4.983735;[0 4 5 13 14];2026-03-12 14:16:46
149;0;98.451508;-1428465.549822;[0 4 6 7 14];2026-03-12 14:16:46
149;1;98.451508;-1428465.549822;[0 4 6 7 14];2026-03-12 14:16:46
150;0;74.874184;-12.470707;[0 4 6 13 14];2026-03-12 14:16:47
150;1;74.874184;-12.470707;[0 4 6 13 14];2026-03-12 14:16:47
151;0;74.896317;-4.599689;[0 2 6 12 14];2026-03-12 14:16:47
151;1;74.896317;-4.599689;[0 2 6 12 14];2026-03-12 14:16:47
152;0;109.553087;-7.124845;[0 4 7 8 14];2026-03-12 14:16:47
152;1;109.553087;-7.124845;[0 4 7 8 14];2026-03-12 14:16:47
153;0;108.956874;-0.596213;[0 4 8 7 14];2026-03-12 14:16:47
153;1;108.956874;-0.596213;[0 4 8 7 14];2026-03-12 14:16:47
154;0;96.782255;-14.589619;[0 4 12 5 14];2026-03-12 14:16:47
154;1;96.782255;-14.589619;[0 4 12 5 14];2026-03-12 14:16:47
155;0;115.495098;-7.242442;[0 4 9 10 14];2026-03-12 14:16:48
