run_id;arquivo_instancia;ninst;tem_janelas;heuristica_retirada;tamanho_clientes;nos_rede;veiculos;capacidade;tabu;tipo_geracao;tempo_exato;tempo_bp;fo_exato;fo_bp;gap_pct;igual_exato;nos_bp;colunas_bp;seq_exato;seq_bp;timestamp
tam25_cap200_tabu0_inst0_cons10;instancias/c101N,txt;0;1;10;25;27;3;200;0;PD;0,2858;205,2841;191,8136;191,8136;0;1;1;423;"V0: [0,13,17,18,19,15,16,14,12,26] ; V1: [0,20,24,25,23,22,21,26] ; V2: [0,5,3,7,8,10,11,9,6,4,2,1,26]";"V0: [0,13,17,18,19,15,16,14,12,26] ; V1: [0,5,3,7,8,10,11,9,6,4,2,1,26] ; V2: [0,20,24,25,23,22,21,26]";25/03/2026 18:27
tam25_cap200_tabu0_inst0_cons0;instancias/c101N,txt;0;1;0;25;27;3;200;0;PD;0,2858;222,3433;191,8136;191,8136;0;1;1;273;"V0: [0,13,17,18,19,15,16,14,12,26] ; V1: [0,20,24,25,23,22,21,26] ; V2: [0,5,3,7,8,10,11,9,6,4,2,1,26]";"V0: [0,13,17,18,19,15,16,14,12,26] ; V1: [0,20,24,25,23,22,21,26] ; V2: [0,5,3,7,8,10,11,9,6,4,2,1,26]";25/03/2026 18:38
tam25_cap200_tabu0_inst0_cons1;instancias/c101N,txt;0;1;1;25;27;3;200;0;PD;0,2858;377,9364;191,8136;191,8136;0;1;1;393;"V0: [0,13,17,18,19,15,16,14,12,26] ; V1: [0,20,24,25,23,22,21,26] ; V2: [0,5,3,7,8,10,11,9,6,4,2,1,26]";"V0: [0,13,17,18,19,15,16,14,12,26] ; V1: [0,5,3,7,8,10,11,9,6,4,2,1,26] ; V2: [0,20,24,25,23,22,21,26]";25/03/2026 18:44
tam25_cap200_tabu0_inst0_cons2;instancias/c101N,txt;0;1;2;25;27;3;200;0;PD;0,2858;539,4902;191,8136;191,8136;0;1;1;509;"V0: [0,13,17,18,19,15,16,14,12,26] ; V1: [0,20,24,25,23,22,21,26] ; V2: [0,5,3,7,8,10,11,9,6,4,2,1,26]";"V0: [0,5,3,7,8,10,11,9,6,4,2,1,26] ; V1: [0,13,17,18,19,15,16,14,12,26] ; V2: [0,20,24,25,23,22,21,26]";25/03/2026 18:53
tam25_cap200_tabu0_inst0_cons3;instancias/c101N,txt;0;1;3;25;27;3;200;0;PD;0,2858;803,6397;191,8136;211,5798;10,3049;0;45;1050;"V0: [0,13,17,18,19,15,16,14,12,26] ; V1: [0,20,24,25,23,22,21,26] ; V2: [0,5,3,7,8,10,11,9,6,4,2,1,26]";"V0: [0,20,24,25,23,22,26] ; V1: [0,13,17,18,19,15,16,14,12,1,26] ; V2: [0,5,3,7,8,10,11,9,6,4,2,21,26]";25/03/2026 19:07
tam25_cap200_tabu0_inst0_cons3;instancias/c101N,txt;0;1;22;25;27;3;200;0;PD;0,2858;3365;191,8136;191,8136;0;0;1;354;"V0: [0,13,17,18,19,15,16,14,12,26] ; V1: [0,20,24,25,23,22,21,26] ; V2: [0,5,3,7,8,10,11,9,6,4,2,1,26]";"V0: [0,20,24,25,23,22,26] ; V1: [0,13,17,18,19,15,16,14,12,1,26] ; V2: [0,5,3,7,8,10,11,9,6,4,2,21,26]";25/03/2026 19:07
tam25_cap200_tabu0_inst1_cons10;instancias/c101_multpJan_open,txt;1;0;10;25;27;3;200;0;PD;1203,0711;3766,1899;188,0493;189,3041;0,6673;0;4;742;"V0: [0,11,12,14,16,15,19,18,17,13,26] ; V1: [0,10,8,9,6,4,2,1,3,5,7,26] ; V2: [0,21,22,23,25,24,20,26]";"V0: [0,7,8,10,11,9,6,4,2,1,3,5,26] ; V1: [0,21,22,25,24,20,26] ; V2: [0,13,15,12,14,16,19,18,17,23,26]";25/03/2026 20:29
tam25_cap200_tabu0_inst1_cons0;instancias/c101_multpJan_open,txt;1;0;0;25;27;3;200;0;PD;1203,0711;4701,9394;188,0493;219,4;16,6715;0;7;1071;"V0: [0,11,12,14,16,15,19,18,17,13,26] ; V1: [0,10,8,9,6,4,2,1,3,5,7,26] ; V2: [0,21,22,23,25,24,20,26]";"V0: [0,25,23,10,26] ; V1: [0,13,17,18,19,15,16,14,12,11,26] ; V2: [0,20,24,22,21,8,9,6,7,4,2,1,3,5,26]";25/03/2026 21:48
tam25_cap200_tabu0_inst1_cons1;instancias/c101_multpJan_open,txt;1;0;1;25;27;3;200;0;PD;1203,0711;3618,8218;188,0493;204,3185;8,6516;0;30;1519;"V0: [0,11,12,14,16,15,19,18,17,13,26] ; V1: [0,10,8,9,6,4,2,1,3,5,7,26] ; V2: [0,21,22,23,25,24,20,26]";"V0: [0,13,15,12,14,16,19,18,17,24,26] ; V1: [0,22,25,26] ; V2: [0,20,21,23,10,11,9,8,6,4,2,1,3,5,7,26]";25/03/2026 22:48
tam25_cap200_tabu0_inst1_cons2;instancias/c101_multpJan_open,txt;1;0;2;25;27;3;200;0;PD;1203,0711;4049,2914;188,0493;220,2763;17,1375;0;36;2106;"V0: [0,11,12,14,16,15,19,18,17,13,26] ; V1: [0,10,8,9,6,4,2,1,3,5,7,26] ; V2: [0,21,22,23,25,24,20,26]";"V0: [0,11,12,14,16,15,19,18,17,13,26] ; V1: [0,9,6,8,23,26] ; V2: [0,20,21,22,24,25,10,7,4,2,1,3,5,26]";25/03/2026 23:56
tam25_cap200_tabu0_inst1_cons3;instancias/c101_multpJan_open,txt;1;0;3;25;27;3;200;0;PD;1203,0711;1269,6313;188,0493;189,0022;0,5067;0;43;1855;"V0: [0,11,12,14,16,15,19,18,17,13,26] ; V1: [0,10,8,9,6,4,2,1,3,5,7,26] ; V2: [0,21,22,23,25,24,20,26]";"V0: [0,20,24,25,22,21,26] ; V1: [0,23,13,17,18,19,15,16,14,12,26] ; V2: [0,7,5,3,1,2,4,6,8,9,11,10,26]";26/03/2026 00:17
tam25_cap200_tabu0_inst0_cons10;instancias/c102,txt;0;0;10;25;27;3;200;0;PD;209,893;765;1,907,376;1,907,376;0,0;1;1;615;"V0: [0,7,8,10,11,9,6,4,2,1,3,5,26] ; V1: [0,20,24,25,23,22,21,26] ; V2: [0,13,17,18,19,15,16,14,12,26]";"V0: [0,20,24,25,23,22,21,26] ; V1: [0,7,8,10,11,9,6,4,2,1,3,5,26] ; V2: [0,13,17,18,19,15,16,14,12,26]";26/03/2026 09:03
tam25_cap200_tabu0_inst0_cons0;instancias/c102,txt;0;0;0;25;27;3;200;0;PD;209,893;914;1,907,376;1,907,376;0,0;1;1;525;"V0: [0,7,8,10,11,9,6,4,2,1,3,5,26] ; V1: [0,20,24,25,23,22,21,26] ; V2: [0,13,17,18,19,15,16,14,12,26]";"V0: [0,20,24,25,23,22,21,26] ; V1: [0,7,8,10,11,9,6,4,2,1,3,5,26] ; V2: [0,13,17,18,19,15,16,14,12,26]";26/03/2026 09:18
tam25_cap200_tabu0_inst0_cons1;instancias/c102,txt;0;0;1;25;27;3;200;0;PD;273,237;842;1,907,376;1,907,376;0,0;1;1;596;"V0: [0,7,8,10,11,9,6,4,2,1,3,5,26] ; V1: [0,20,24,25,23,22,21,26] ; V2: [0,13,17,18,19,15,16,14,12,26]";"V0: [0,13,17,18,19,15,16,14,12,26] ; V1: [0,7,8,10,11,9,6,4,2,1,3,5,26] ; V2: [0,20,24,25,23,22,21,26]";26/03/2026 10:40
tam25_cap200_tabu0_inst0_cons10;instancias/c101N,txt;0;0;10;25;27;3;200;0;PD;0,2755;188,9574;191,8136;191,8136;0,0;1;1;975;"V0: [0,13,17,18,19,15,16,14,12,26] ; V1: [0,20,24,25,23,22,21,26] ; V2: [0,5,3,7,8,10,11,9,6,4,2,1,26]";"V0: [0,5,3,7,8,10,11,9,6,4,2,1,26] ; V1: [0,20,24,25,23,22,21,26] ; V2: [0,13,17,18,19,15,16,14,12,26]";2026-03-26 11:50:48
tam25_cap200_tabu0_inst0_cons10;instancias/c101N,txt;0;0;10;25;27;3;200;0;PD;0,2873;174,7843;191,8136;191,8136;0,0;1;1;921;"V0: [0,13,17,18,19,15,16,14,12,26] ; V1: [0,20,24,25,23,22,21,26] ; V2: [0,5,3,7,8,10,11,9,6,4,2,1,26]";"V0: [0,5,3,7,8,10,11,9,6,4,2,1,26] ; V1: [0,13,17,18,19,15,16,14,12,26] ; V2: [0,20,24,25,23,22,21,26]";2026-03-26 12:03:08
tam25_cap200_tabu0_inst0_cons10;instancias/c101N,txt;0;0;10;25;27;3;200;0;PD;0,2821;208,6635;191,8136;191,8136;0,0;1;1;921;"V0: [0,13,17,18,19,15,16,14,12,26] ; V1: [0,20,24,25,23,22,21,26] ; V2: [0,5,3,7,8,10,11,9,6,4,2,1,26]";"V0: [0,5,3,7,8,10,11,9,6,4,2,1,26] ; V1: [0,13,17,18,19,15,16,14,12,26] ; V2: [0,20,24,25,23,22,21,26]";2026-03-26 12:07:09
tam25_cap200_tabu0_inst0_cons10;instancias/c101N,txt;0;0;10;25;27;3;200;0;PD;0,282;189,4249;191,8136;191,8136;0,0;1;1;921;"V0: [0,13,17,18,19,15,16,14,12,26] ; V1: [0,20,24,25,23,22,21,26] ; V2: [0,5,3,7,8,10,11,9,6,4,2,1,26]";"V0: [0,5,3,7,8,10,11,9,6,4,2,1,26] ; V1: [0,13,17,18,19,15,16,14,12,26] ; V2: [0,20,24,25,23,22,21,26]";2026-03-26 12:10:57
tam25_cap200_tabu0_inst0_cons10;instancias/c101N,txt;0;0;10;25;27;3;200;0;PD;0,2787;110,8011;191,8136;191,8136;0,0;1;1;975;"V0: [0,13,17,18,19,15,16,14,12,26] ; V1: [0,20,24,25,23,22,21,26] ; V2: [0,5,3,7,8,10,11,9,6,4,2,1,26]";"V0: [0,5,3,7,8,10,11,9,6,4,2,1,26] ; V1: [0,20,24,25,23,22,21,26] ; V2: [0,13,17,18,19,15,16,14,12,26]";2026-03-26 12:16:32
tam25_cap200_tabu0_inst0_cons0;instancias/c101N,txt;0;0;0;25;27;3;200;0;PD;0,2787;157,9332;191,8136;191,8136;0,0;1;1;795;"V0: [0,13,17,18,19,15,16,14,12,26] ; V1: [0,20,24,25,23,22,21,26] ; V2: [0,5,3,7,8,10,11,9,6,4,2,1,26]";"V0: [0,5,3,7,8,10,11,9,6,4,2,1,26] ; V1: [0,13,17,18,19,15,16,14,12,26] ; V2: [0,20,24,25,23,22,21,26]";2026-03-26 12:19:10
tam25_cap200_tabu0_inst0_cons1;instancias/c101N,txt;0;0;1;25;27;3;200;0;PD;0,2787;146,1569;191,8136;191,8136;0,0;1;1;1161;"V0: [0,13,17,18,19,15,16,14,12,26] ; V1: [0,20,24,25,23,22,21,26] ; V2: [0,5,3,7,8,10,11,9,6,4,2,1,26]";"V0: [0,13,17,18,19,15,16,14,12,26] ; V1: [0,20,24,25,23,22,21,26] ; V2: [0,5,3,7,8,10,11,9,6,4,2,1,26]";2026-03-26 12:21:36
tam25_cap200_tabu0_inst0_cons2;instancias/c101N,txt;0;0;2;25;27;3;200;0;PD;0,2787;94,0417;191,8136;191,8136;0,0;1;1;999;"V0: [0,13,17,18,19,15,16,14,12,26] ; V1: [0,20,24,25,23,22,21,26] ; V2: [0,5,3,7,8,10,11,9,6,4,2,1,26]";"V0: [0,13,17,18,19,15,16,14,12,26] ; V1: [0,5,3,7,8,10,11,9,6,4,2,1,26] ; V2: [0,20,24,25,23,22,21,26]";2026-03-26 12:23:10
tam25_cap200_tabu0_inst0_cons3;instancias/c101N,txt;0;0;3;25;27;3;200;0;PD;0,2787;1224,6114;191,8136;264,7235;38,0108;0;17955;1551;"V0: [0,13,17,18,19,15,16,14,12,26] ; V1: [0,20,24,25,23,22,21,26] ; V2: [0,5,3,7,8,10,11,9,6,4,2,1,26]";"V0: [0,13,17,18,15,16,14,12,21,26] ; V1: [0,20,24,25,8,10,11,9,6,4,2,1,26] ; V2: [0,5,3,7,19,23,22,26]";2026-03-26 12:43:35
tam25_cap200_tabu0_inst0_cons22;instancias/c101N,txt;0;0;22;25;27;3;200;0;PD;0,2787;279,2704;191,8136;191,8136;0,0;1;1;354;"V0: [0,13,17,18,19,15,16,14,12,26] ; V1: [0,20,24,25,23,22,21,26] ; V2: [0,5,3,7,8,10,11,9,6,4,2,1,26]";"V0: [0,20,24,25,23,22,21,26] ; V1: [0,13,17,18,19,15,16,14,12,26] ; V2: [0,5,3,7,8,10,11,9,6,4,2,1,26]";2026-03-26 12:48:14
tam25_cap200_tabu0_inst0_cons10;instancias/c102,txt;0;0;10;25;27;3;200;0;PD;21,396;165,5973;190,7376;190,7376;0,0;1;1;1506;"V0: [0,7,8,10,11,9,6,4,2,1,3,5,26] ; V1: [0,20,24,25,23,22,21,26] ; V2: [0,13,17,18,19,15,16,14,12,26]";"V0: [0,13,17,18,19,15,16,14,12,26] ; V1: [0,7,8,10,11,9,6,4,2,1,3,5,26] ; V2: [0,20,24,25,23,22,21,26]";2026-03-26 12:51:21
tam25_cap200_tabu0_inst0_cons0;instancias/c102,txt;0;0;0;25;27;3;200;0;PD;21,396;352,8247;190,7376;190,7376;0,0;1;1;1389;"V0: [0,7,8,10,11,9,6,4,2,1,3,5,26] ; V1: [0,20,24,25,23,22,21,26] ; V2: [0,13,17,18,19,15,16,14,12,26]";"V0: [0,13,17,18,19,15,16,14,12,26] ; V1: [0,7,8,10,11,9,6,4,2,1,3,5,26] ; V2: [0,20,24,25,23,22,21,26]";2026-03-26 12:57:14
tam25_cap200_tabu0_inst0_cons1;instancias/c102,txt;0;0;1;25;27;3;200;0;PD;21,396;103,186;190,7376;202,1078;5,9612;0;1;1506;"V0: [0,7,8,10,11,9,6,4,2,1,3,5,26] ; V1: [0,20,24,25,23,22,21,26] ; V2: [0,13,17,18,19,15,16,14,12,26]";"V0: [0,21,7,8,10,11,9,6,4,2,1,3,5,26] ; V1: [0,20,24,25,23,22,26] ; V2: [0,13,17,18,19,15,16,14,12,26]";2026-03-26 12:58:57
tam25_cap200_tabu0_inst0_cons2;instancias/c102,txt;0;0;2;25;27;3;200;0;PD;21,396;311,5942;190,7376;190,7376;0,0;1;1;1506;"V0: [0,7,8,10,11,9,6,4,2,1,3,5,26] ; V1: [0,20,24,25,23,22,21,26] ; V2: [0,13,17,18,19,15,16,14,12,26]";"V0: [0,13,17,18,19,15,16,14,12,26] ; V1: [0,20,24,25,23,22,21,26] ; V2: [0,7,8,10,11,9,6,4,2,1,3,5,26]";2026-03-26 13:04:09
tam25_cap200_tabu0_inst0_cons3;instancias/c102,txt;0;0;3;25;27;3;200;0;PD;21,396;409,2563;190,7376;233,9557;22,6584;0;111;3474;"V0: [0,7,8,10,11,9,6,4,2,1,3,5,26] ; V1: [0,20,24,25,23,22,21,26] ; V2: [0,13,17,18,19,15,16,14,12,26]";"V0: [0,7,12,8,10,11,9,6,4,2,1,3,5,26] ; V1: [0,20,24,25,21,26] ; V2: [0,13,17,18,19,15,16,14,23,22,26]";2026-03-26 13:10:58
tam25_cap200_tabu0_inst0_cons22;instancias/c102,txt;0;0;22;25;27;3;200;0;PD;21,396;872,3952;190,7376;190,7376;0,0;1;1;657;"V0: [0,7,8,10,11,9,6,4,2,1,3,5,26] ; V1: [0,20,24,25,23,22,21,26] ; V2: [0,13,17,18,19,15,16,14,12,26]";"V0: [0,20,24,25,23,22,21,26] ; V1: [0,13,17,18,19,15,16,14,12,26] ; V2: [0,7,8,10,11,9,6,4,2,1,3,5,26]";2026-03-26 13:25:30
tam25_cap200_tabu0_inst0_cons10;instancias/c103,txt;0;0;10;25;27;3;200;0;PD;1202,3031;493,5129;190,7376;190,7376;0,0;1;7;1734;"V0: [0,20,24,25,23,22,21,26] ; V1: [0,13,17,18,19,15,16,14,12,26] ; V2: [0,7,8,10,11,9,6,4,2,1,3,5,26]";"V0: [0,13,17,18,19,15,16,14,12,26] ; V1: [0,20,24,25,23,22,21,26] ; V2: [0,7,8,10,11,9,6,4,2,1,3,5,26]";2026-03-26 13:53:46
tam25_cap200_tabu0_inst0_cons0;instancias/c103,txt;0;0;0;25;27;3;200;0;PD;1202,3031;3510,2113;190,7376;190,7376;0,0;1;1;1365;"V0: [0,20,24,25,23,22,21,26] ; V1: [0,13,17,18,19,15,16,14,12,26] ; V2: [0,7,8,10,11,9,6,4,2,1,3,5,26]";"V0: [0,13,17,18,19,15,16,14,12,26] ; V1: [0,7,8,10,11,9,6,4,2,1,3,5,26] ; V2: [0,20,24,25,23,22,21,26]";2026-03-26 14:52:16
tam25_cap200_tabu0_inst0_cons1;instancias/c103,txt;0;0;1;25;27;3;200;0;PD;1202,3031;274,7297;190,7376;199,4971;4,5924;0;1;1506;"V0: [0,20,24,25,23,22,21,26] ; V1: [0,13,17,18,19,15,16,14,12,26] ; V2: [0,7,8,10,11,9,6,4,2,1,3,5,26]";"V0: [0,7,8,10,11,9,6,4,2,1,3,5,26] ; V1: [0,13,17,15,12,14,16,19,18,24,26] ; V2: [0,20,25,23,22,21,26]";2026-03-26 14:56:51
tam25_cap200_tabu0_inst0_cons2;instancias/c103,txt;0;0;2;25;27;3;200;0;PD;1202,3031;3600,119;190,7376;-1;;;0;0;"V0: [0,20,24,25,23,22,21,26] ; V1: [0,13,17,18,19,15,16,14,12,26] ; V2: [0,7,8,10,11,9,6,4,2,1,3,5,26]";SEM_SEQUENCIA_BP;2026-03-26 15:56:51
tam25_cap200_tabu0_inst0_cons3;instancias/c103,txt;0;0;3;25;27;3;200;0;PD;1202,3031;2709,9453;190,7376;212,788;11,5606;0;271;5781;"V0: [0,20,24,25,23,22,21,26] ; V1: [0,13,17,18,19,15,16,14,12,26] ; V2: [0,7,8,10,11,9,6,4,2,1,3,5,26]";"V0: [0,13,17,19,18,15,16,14,12,5,26] ; V1: [0,21,23,22,20,26] ; V2: [0,24,25,8,10,11,9,6,4,2,1,3,7,26]";2026-03-26 16:42:01
tam25_cap200_tabu0_inst0_cons10;instancias/c101N,txt;0;0;10;25;27;3;200;0;PD;0,2704;99,733;191,8136;191,8136;0,0;1;1;975;"V0: [0,13,17,18,19,15,16,14,12,26] ; V1: [0,20,24,25,23,22,21,26] ; V2: [0,5,3,7,8,10,11,9,6,4,2,1,26]";"V0: [0,5,3,7,8,10,11,9,6,4,2,1,26] ; V1: [0,20,24,25,23,22,21,26] ; V2: [0,13,17,18,19,15,16,14,12,26]";2026-03-26 16:51:36
tam25_cap200_tabu0_inst0_cons0;instancias/c101N,txt;0;0;0;25;27;3;200;0;PD;0,2704;144,1426;191,8136;191,8136;0,0;1;1;795;"V0: [0,13,17,18,19,15,16,14,12,26] ; V1: [0,20,24,25,23,22,21,26] ; V2: [0,5,3,7,8,10,11,9,6,4,2,1,26]";"V0: [0,5,3,7,8,10,11,9,6,4,2,1,26] ; V1: [0,13,17,18,19,15,16,14,12,26] ; V2: [0,20,24,25,23,22,21,26]";2026-03-26 16:54:00
tam25_cap200_tabu0_inst0_cons1;instancias/c101N,txt;0;0;1;25;27;3;200;0;PD;0,2704;222,6229;191,8136;191,8136;0,0;1;1;1161;"V0: [0,13,17,18,19,15,16,14,12,26] ; V1: [0,20,24,25,23,22,21,26] ; V2: [0,5,3,7,8,10,11,9,6,4,2,1,26]";"V0: [0,13,17,18,19,15,16,14,12,26] ; V1: [0,20,24,25,23,22,21,26] ; V2: [0,5,3,7,8,10,11,9,6,4,2,1,26]";2026-03-26 16:57:43
tam25_cap200_tabu0_inst0_cons2;instancias/c101N,txt;0;0;2;25;27;3;200;0;PD;0,2704;135,4966;191,8136;191,8136;0,0;1;1;999;"V0: [0,13,17,18,19,15,16,14,12,26] ; V1: [0,20,24,25,23,22,21,26] ; V2: [0,5,3,7,8,10,11,9,6,4,2,1,26]";"V0: [0,13,17,18,19,15,16,14,12,26] ; V1: [0,5,3,7,8,10,11,9,6,4,2,1,26] ; V2: [0,20,24,25,23,22,21,26]";2026-03-26 16:59:58
tam25_cap200_tabu0_inst0_cons10;instancias/r101,txt;0;0;10;25;27;8;200;0;PD;0,7315;24,9706;618,3299;618,3299;0,0;1;1;1176;"V0: [0,12,9,20,1,26] ; V1: [0,11,19,10,26] ; V2: [0,18,26] ; V3: [0,23,22,4,26] ; V4: [0,7,8,17,26] ; V5: [0,5,16,6,26] ; V6: [0,2,21,3,24,25,26] ; V7: [0,14,15,13,26]";"V0: [0,12,9,20,1,26] ; V1: [0,7,8,17,26] ; V2: [0,23,22,4,26] ; V3: [0,2,21,3,24,25,26] ; V4: [0,14,15,13,26] ; V5: [0,18,26] ; V6: [0,11,19,10,26] ; V7: [0,5,16,6,26]";2026-03-26 17:06:40
tam25_cap200_tabu0_inst0_cons0;instancias/r101,txt;0;0;0;25;27;8;200;0;PD;0,7315;68,9391;618,3299;618,3299;-0,0;1;1;848;"V0: [0,12,9,20,1,26] ; V1: [0,11,19,10,26] ; V2: [0,18,26] ; V3: [0,23,22,4,26] ; V4: [0,7,8,17,26] ; V5: [0,5,16,6,26] ; V6: [0,2,21,3,24,25,26] ; V7: [0,14,15,13,26]";"V0: [0,14,15,13,26] ; V1: [0,18,26] ; V2: [0,23,22,4,25,26] ; V3: [0,2,21,3,24,26] ; V4: [0,12,9,20,1,26] ; V5: [0,5,16,6,26] ; V6: [0,11,19,10,26] ; V7: [0,7,8,17,26]";2026-03-26 17:07:49
tam25_cap200_tabu0_inst0_cons1;instancias/r101,txt;0;0;1;25;27;8;200;0;PD;0,7315;21,856;618,3299;618,3299;-0,0;1;1;1064;"V0: [0,12,9,20,1,26] ; V1: [0,11,19,10,26] ; V2: [0,18,26] ; V3: [0,23,22,4,26] ; V4: [0,7,8,17,26] ; V5: [0,5,16,6,26] ; V6: [0,2,21,3,24,25,26] ; V7: [0,14,15,13,26]";"V0: [0,2,21,3,24,25,26] ; V1: [0,12,9,20,1,26] ; V2: [0,11,19,10,26] ; V3: [0,18,26] ; V4: [0,23,22,4,26] ; V5: [0,14,15,13,26] ; V6: [0,5,16,6,26] ; V7: [0,7,8,17,26]";2026-03-26 17:08:11
tam25_cap200_tabu0_inst0_cons2;instancias/r101,txt;0;0;2;25;27;8;200;0;PD;0,7315;35,8466;618,3299;618,3299;0,0;1;1;1184;"V0: [0,12,9,20,1,26] ; V1: [0,11,19,10,26] ; V2: [0,18,26] ; V3: [0,23,22,4,26] ; V4: [0,7,8,17,26] ; V5: [0,5,16,6,26] ; V6: [0,2,21,3,24,25,26] ; V7: [0,14,15,13,26]";"V0: [0,2,21,3,24,25,26] ; V1: [0,12,9,20,1,26] ; V2: [0,11,19,10,26] ; V3: [0,23,22,4,26] ; V4: [0,7,8,17,26] ; V5: [0,18,26] ; V6: [0,5,16,6,26] ; V7: [0,14,15,13,26]";2026-03-26 17:08:47
tam25_cap200_tabu0_inst0_cons3;instancias/r101,txt;0;0;3;25;27;8;200;0;PD;0,7315;2,7226;618,3299;646,8649;4,6148;0;1;976;"V0: [0,12,9,20,1,26] ; V1: [0,11,19,10,26] ; V2: [0,18,26] ; V3: [0,23,22,4,26] ; V4: [0,7,8,17,26] ; V5: [0,5,16,6,26] ; V6: [0,2,21,3,24,25,26] ; V7: [0,14,15,13,26]";"V0: [0,14,15,22,4,25,26] ; V1: [0,18,6,13,26] ; V2: [0,7,8,26] ; V3: [0,5,16,17,26] ; V4: [0,2,21,3,1,26] ; V5: [0,11,19,10,26] ; V6: [0,12,9,20,26] ; V7: [0,23,24,26]";2026-03-26 17:08:49
tam25_cap200_tabu0_inst0_cons22;instancias/r101,txt;0;0;22;25;27;8;200;0;PD;0,7315;105,4837;618,3299;618,3299;-0,0;1;1;480;"V0: [0,12,9,20,1,26] ; V1: [0,11,19,10,26] ; V2: [0,18,26] ; V3: [0,23,22,4,26] ; V4: [0,7,8,17,26] ; V5: [0,5,16,6,26] ; V6: [0,2,21,3,24,25,26] ; V7: [0,14,15,13,26]";"V0: [0,5,16,6,26] ; V1: [0,14,15,13,26] ; V2: [0,12,9,20,1,26] ; V3: [0,7,8,17,26] ; V4: [0,18,26] ; V5: [0,11,19,10,26] ; V6: [0,2,21,3,24,26] ; V7: [0,23,22,4,25,26]";2026-03-26 17:10:35
tam25_cap200_tabu0_inst0_cons10;instancias/r101,txt;0;0;10;25;27;8;200;0;PD;0,7396;25,3171;618,3299;618,3299;0,0;1;1;1176;"V0: [0,12,9,20,1,26] ; V1: [0,11,19,10,26] ; V2: [0,18,26] ; V3: [0,23,22,4,26] ; V4: [0,7,8,17,26] ; V5: [0,5,16,6,26] ; V6: [0,2,21,3,24,25,26] ; V7: [0,14,15,13,26]";"V0: [0,12,9,20,1,26] ; V1: [0,7,8,17,26] ; V2: [0,23,22,4,26] ; V3: [0,2,21,3,24,25,26] ; V4: [0,14,15,13,26] ; V5: [0,18,26] ; V6: [0,11,19,10,26] ; V7: [0,5,16,6,26]";2026-03-26 19:40:32
tam25_cap200_tabu0_inst0_cons10;instancias/r102,txt;0;0;10;25;27;7;200;0;PD;1200,9863;1620,0409;548,1078;548,1078;0,0;1;2585;2170;"V0: [0,14,16,6,13,26] ; V1: [0,3,9,20,1,26] ; V2: [0,7,11,19,10,26] ; V3: [0,2,15,22,4,25,26] ; V4: [0,18,26] ; V5: [0,8,17,5,26] ; V6: [0,21,23,24,12,26]";"V0: [0,3,9,20,1,26] ; V1: [0,8,17,5,26] ; V2: [0,21,23,24,12,26] ; V3: [0,7,11,19,10,26] ; V4: [0,18,26] ; V5: [0,14,16,6,13,26] ; V6: [0,2,15,22,4,25,26]";2026-03-26 20:27:33
tam25_cap200_tabu0_inst0_cons10;instancias/r103,txt;0;0;10;25;27;5;200;0;PD;1201,1936;185,2481;468,2479;455,6982;-2,6801;0;1;1525;"V0: [0,7,19,11,10,26] ; V1: [0,2,21,23,22,4,25,26] ; V2: [0,14,15,6,13,26] ; V3: [0,1,20,9,3,24,12,26] ; V4: [0,18,8,17,16,5,26]";"V0: [0,12,24,3,9,10,20,1,26] ; V1: [0,21,23,22,4,25,26] ; V2: [0,7,19,11,8,18,26] ; V3: [0,2,15,14,16,17,5,26] ; V4: [0,6,13,26]";2026-03-26 20:50:39
tam25_cap200_tabu0_inst0_cons10;instancias/r104,txt;0;0;10;25;27;4;200;0;PD;1201,6167;162,7161;453,6869;417,9612;-7,8745;0;3;1732;"V0: [0,15,16,14,13,26] ; V1: [0,21,22,23,4,2,6,26] ; V2: [0,7,19,11,8,17,5,18,26] ; V3: [0,1,10,20,9,3,24,25,12,26]";"V0: [0,12,24,3,9,20,10,1,26] ; V1: [0,2,15,14,16,17,5,26] ; V2: [0,7,19,11,8,18,6,13,26] ; V3: [0,21,22,23,4,25,26]";2026-03-26 21:13:23
tam25_cap200_tabu0_inst0_cons10;instancias/r105,txt;0;0;10;25;27;6;200;0;PD;17,6753;45,5649;531,5386;531,5386;0,0;1;1;1242;"V0: [0,5,14,16,6,26] ; V1: [0,12,9,3,24,25,26] ; V2: [0,2,15,13,26] ; V3: [0,21,23,22,4,26] ; V4: [0,7,18,8,17,26] ; V5: [0,19,11,10,20,1,26]";"V0: [0,19,11,10,20,1,26] ; V1: [0,21,23,22,4,26] ; V2: [0,7,18,8,17,26] ; V3: [0,2,15,13,26] ; V4: [0,12,9,3,24,25,26] ; V5: [0,5,14,16,6,26]";2026-03-26 21:14:27
tam25_cap200_tabu0_inst0_cons10;instancias/r106,txt;0;0;10;25;27;5;200;0;PD;1096,8556;896,2332;466,4802;466,4802;-0,0;1;135;2515;"V0: [0,2,15,23,22,4,25,21,26] ; V1: [0,14,16,6,13,26] ; V2: [0,7,19,11,10,26] ; V3: [0,18,8,17,5,26] ; V4: [0,1,9,20,3,24,12,26]";"V0: [0,2,15,23,22,4,25,21,26] ; V1: [0,7,19,11,10,26] ; V2: [0,1,9,20,3,24,12,26] ; V3: [0,14,16,6,13,26] ; V4: [0,18,8,17,5,26]";2026-03-26 21:47:40
tam25_cap200_tabu0_inst0_cons10;instancias/r107,txt;0;0;10;25;27;4;200;0;PD;1201,4687;191,867;429,2004;425,2685;-0,9161;0;1;1816;"V0: [0,6,16,14,13,26] ; V1: [0,18,7,11,19,8,17,5,26] ; V2: [0,2,15,23,22,4,25,21,26] ; V3: [0,12,24,3,9,20,10,1,26]";"V0: [0,2,15,14,6,13,26] ; V1: [0,21,23,22,4,25,24,26] ; V2: [0,18,7,11,19,8,17,16,5,26] ; V3: [0,12,3,9,20,10,1,26]";2026-03-26 22:10:53
tam25_cap200_tabu0_inst0_cons10;instancias/r108,txt;0;0;10;25;27;4;200;0;PD;1201,4432;545,2921;398,2947;398,2947;0,0;1;25;1920;"V0: [0,21,22,23,4,25,24,26] ; V1: [0,7,10,11,19,8,18,26] ; V2: [0,12,3,9,20,1,26] ; V3: [0,2,15,14,16,17,5,6,13,26]";"V0: [0,7,10,11,19,8,18,26] ; V1: [0,2,15,14,16,17,5,6,13,26] ; V2: [0,12,3,9,20,1,26] ; V3: [0,21,22,23,4,25,24,26]";2026-03-26 22:40:00
tam25_cap200_tabu0_inst0_cons10;instancias/r109,txt;0;0;10;25;27;5;200;0;PD;69,6229;64,655;442,6252;442,6252;-0,0;1;1;1730;"V0: [0,2,15,14,16,17,13,26] ; V1: [0,5,8,18,6,26] ; V2: [0,21,22,23,4,25,24,26] ; V3: [0,12,3,9,20,1,26] ; V4: [0,7,19,11,10,26]";"V0: [0,21,22,23,4,25,24,26] ; V1: [0,12,3,9,20,1,26] ; V2: [0,2,15,14,16,17,13,26] ; V3: [0,5,8,18,6,26] ; V4: [0,7,19,11,10,26]";2026-03-26 22:42:14
tam25_cap200_tabu0_inst0_cons10;instancias/r110,txt;0;0;10;25;27;4;200;0;PD;1201,7543;1085,352;-1;445,8722;;;91;2664;SEM_SEQUENCIA_EXATO;"V0: [0,11,19,7,10,20,9,1,26] ; V1: [0,18,8,17,6,26] ; V2: [0,2,21,12,3,24,25,4,26] ; V3: [0,5,16,14,15,22,23,13,26]";2026-03-26 23:20:21
tam25_cap200_tabu0_inst0_cons10;instancias/r111,txt;0;0;10;25;27;4;200;0;PD;1201,4562;313,9361;440,9024;429,6968;-2,5415;0;29;1988;"V0: [0,6,14,16,17,5,26] ; V1: [0,2,15,23,22,21,4,25,24,26] ; V2: [0,3,9,20,10,1,12,26] ; V3: [0,7,11,19,8,18,13,26]";"V0: [0,7,11,19,8,18,17,5,26] ; V1: [0,12,3,9,20,10,1,26] ; V2: [0,2,15,14,16,6,13,26] ; V3: [0,21,23,22,4,25,24,26]";2026-03-26 23:45:37
tam25_cap200_tabu0_inst0_cons10;instancias/r112,txt;0;0;10;25;27;4;200;0;PD;1201,4874;3346,43;394,1013;396,9838;0,7314;0;559;3936;"V0: [0,18,8,7,19,11,10,26] ; V1: [0,21,22,23,4,25,24,26] ; V2: [0,2,15,14,16,17,5,6,13,26] ; V3: [0,12,3,9,20,1,26]";"V0: [0,18,8,7,19,11,10,26] ; V1: [0,2,15,14,16,17,5,6,26] ; V2: [0,12,24,3,9,20,1,26] ; V3: [0,13,21,22,23,25,4,26]";2026-03-27 01:01:25
tam25_cap200_tabu0_inst0_cons10;instancias/c201,txt;0;0;10;25;27;3;200;0;PD;3,8125;3605,2733;268,5325;278,6961;3,7849;0;212;5661;"V0: [0,20,22,24,6,25,9,11,10,8,21,26] ; V1: [0,23,18,19,16,14,12,15,17,13,26] ; V2: [0,5,2,1,7,3,4,26]";"V0: [0,22,18,19,16,14,12,9,11,10,8,26] ; V1: [0,20,24,6,23,15,17,13,25,21,26] ; V2: [0,5,2,1,7,3,4,26]";2026-03-27 02:01:34
tam25_cap200_tabu0_inst0_cons10;instancias/c202,txt;0;0;10;25;27;3;200;0;PD;1201,3277;3647,1527;268,8531;303,7789;12,9906;0;165;5613;"V0: [0,19,16,14,12,15,13,9,11,10,8,26] ; V1: [0,4,3,7,1,2,5,26] ; V2: [0,20,22,24,6,23,18,17,25,21,26]";"V0: [0,7,3,4,11,10,26] ; V1: [0,20,22,24,6,23,18,19,17,25,21,8,26] ; V2: [0,5,1,2,12,16,14,15,13,9,26]";2026-03-27 03:22:22
tam25_cap200_tabu0_inst0_cons10;instancias/c203,txt;0;0;10;25;27;3;200;0;PD;1202,2618;3715,3124;268,5325;277,1327;3,2026;0;40;5499;"V0: [0,5,2,1,7,3,4,26] ; V1: [0,23,18,19,16,14,12,15,17,13,26] ; V2: [0,20,22,24,6,25,9,11,10,8,21,26]";"V0: [0,20,22,24,6,23,19,18,17,25,21,26] ; V1: [0,4,3,7,1,12,14,16,15,13,9,26] ; V2: [0,5,2,11,10,8,26]";2026-03-27 04:44:20
tam25_cap200_tabu0_inst0_cons10;instancias/c204,txt;0;0;10;25;27;3;200;0;PD;1202,3225;3622,8786;268,5947;291,5318;8,5397;0;727;6333;"V0: [0,17,18,19,16,14,12,15,13,26] ; V1: [0,20,22,24,6,23,25,9,11,10,8,21,26] ; V2: [0,5,2,1,7,3,4,26]";"V0: [0,12,14,16,9,26] ; V1: [0,4,3,7,1,2,5,11,10,8,21,22,20,26] ; V2: [0,24,6,23,17,18,19,15,13,25,26]";2026-03-27 06:04:45
tam25_cap200_tabu0_inst0_cons10;instancias/c205,txt;0;0;10;25;27;3;200;0;PD;326,6654;3600,2022;268,5325;281,4628;4,8151;0;252;4818;"V0: [0,23,18,19,16,14,12,15,17,13,26] ; V1: [0,20,22,24,6,25,9,11,10,8,21,26] ; V2: [0,5,2,1,7,3,4,26]";"V0: [0,23,18,19,16,14,12,15,10,11,26] ; V1: [0,20,22,24,6,25,17,13,9,8,21,26] ; V2: [0,5,2,1,7,3,4,26]";2026-03-27 07:10:12
tam25_cap200_tabu0_inst0_cons10;instancias/c206,txt;0;0;10;25;27;3;200;0;PD;1202,2047;3616,8991;266,5696;278,4903;4,4719;0;51;1425;"V0: [0,5,2,1,7,3,4,26] ; V1: [0,20,22,24,6,23,18,19,17,25,21,26] ; V2: [0,12,14,16,15,13,9,11,10,8,26]";"V0: [0,2,12,14,16,15,13,9,11,10,26] ; V1: [0,20,22,24,6,23,18,19,17,25,21,8,26] ; V2: [0,5,1,7,3,4,26]";2026-03-27 08:30:31
tam25_cap200_tabu0_inst0_cons10;instancias/c207,txt;0;0;10;25;27;3;200;0;PD;1203,0579;3632,0883;264,6319;266,7108;0,7856;0;59;2862;"V0: [0,5,2,1,7,3,4,26] ; V1: [0,8,9,15,19,16,14,12,11,10,26] ; V2: [0,20,22,24,6,23,18,17,13,25,21,26]";"V0: [0,10,9,13,15,17,25,21,26] ; V1: [0,20,22,24,6,23,18,19,16,14,12,11,8,26] ; V2: [0,5,2,1,7,3,4,26]";2026-03-27 09:51:06
tam25_cap200_tabu0_inst0_cons10;instancias/c208,txt;0;0;10;25;27;3;200;0;PD;1202,6677;3738,814;265,8097;265,8097;0,0;1;136;2850;"V0: [0,12,14,16,19,15,13,9,11,10,8,26] ; V1: [0,5,2,1,7,3,4,26] ; V2: [0,20,22,24,6,23,18,17,25,21,26]";"V0: [0,20,22,24,6,23,18,17,25,21,26] ; V1: [0,12,14,16,19,15,13,9,11,10,8,26] ; V2: [0,5,2,1,7,3,4,26]";2026-03-27 11:13:28
tam25_cap200_tabu0_inst0_cons10;instancias/r101,txt;0;0;10;25;27;3;200;0;PD;0,7696;226,6928;-1;-1;;;0;0;SEM_SEQUENCIA_EXATO;SEM_SEQUENCIA_BP;2026-03-27 11:17:15
tam25_cap200_tabu0_inst0_cons10;instancias/r102,txt;0;0;10;25;27;3;200;0;PD;514,1908;3600,0634;-1;-1;;;0;0;SEM_SEQUENCIA_EXATO;SEM_SEQUENCIA_BP;2026-03-27 12:25:49
tam25_cap200_tabu0_inst0_cons10;instancias/c101.txt;0;0;10;25;27;3;200;0;PD;0.1801;28.9022;-1;-1;;;0;0;SEM_SEQUENCIA_EXATO;SEM_SEQUENCIA_BP;2026-03-27 15:41:31
tam25_cap200_tabu0_inst0_cons10;instancias/c102.txt;0;0;10;25;27;3;200;0;PD;23.5499;104.8482;190.7376;202.1078;5.9612;0;1;1506;"V0: [0,7,8,10,11,9,6,4,2,1,3,5,26] ; V1: [0,20,24,25,23,22,21,26] ; V2: [0,13,17,18,19,15,16,14,12,26]";"V0: [0,13,17,18,19,15,16,14,12,26] ; V1: [0,20,24,25,23,22,26] ; V2: [0,21,7,8,10,11,9,6,4,2,1,3,5,26]";2026-03-27 15:43:39
tam25_cap200_tabu0_inst0_cons10;instancias/c103.txt;0;0;10;25;27;3;200;0;PD;1201.2299;206.7045;190.7376;196.9836;3.2746;0;1;1506;"V0: [0,20,24,25,23,22,21,26] ; V1: [0,13,17,18,19,15,16,14,12,26] ; V2: [0,7,8,10,11,9,6,4,2,1,3,5,26]";"V0: [0,20,24,25,23,22,21,26] ; V1: [0,13,17,18,19,15,16,14,12,1,26] ; V2: [0,7,8,10,11,9,6,4,2,3,5,26]";2026-03-27 16:07:07
tam25_cap200_tabu0_inst0_cons10;instancias/c101N.txt;0;0;10;25;27;3;200;0;PD;137.8427;108.4146;191.8136;191.8136;0.0;1;1;975;"V0: [0,13,17,18,19,15,16,14,12,26] ; V1: [0,20,24,25,23,22,21,26] ; V2: [0,5,3,7,8,10,11,9,6,4,2,1,26]";"V0: [0,5,3,7,8,10,11,9,6,4,2,1,26] ; V1: [0,20,24,25,23,22,21,26] ; V2: [0,13,17,18,19,15,16,14,12,26]";2026-03-27 16:37:56
tam25_cap200_tabu0_inst0_cons10;instancias/c102.txt;0;0;10;25;27;3;200;0;PD;23.4754;257.8523;190.7376;190.7376;0.0;1;1;1506;"V0: [0,7,8,10,11,9,6,4,2,1,3,5,26] ; V1: [0,20,24,25,23,22,21,26] ; V2: [0,13,17,18,19,15,16,14,12,26]";"V0: [0,13,17,18,19,15,16,14,12,26] ; V1: [0,20,24,25,23,22,21,26] ; V2: [0,7,8,10,11,9,6,4,2,1,3,5,26]";2026-03-27 16:42:37
tam25_cap200_tabu0_inst0_cons10;instancias/c103.txt;0;0;10;25;27;3;200;0;PD;1202.204;639.0834;190.7376;190.7376;0.0;1;1;1506;"V0: [0,20,24,25,23,22,21,26] ; V1: [0,13,17,18,19,15,16,14,12,26] ; V2: [0,7,8,10,11,9,6,4,2,1,3,5,26]";"V0: [0,13,17,18,19,15,16,14,12,26] ; V1: [0,7,8,10,11,9,6,4,2,1,3,5,26] ; V2: [0,20,24,25,23,22,21,26]";2026-03-27 17:13:19
tam25_cap200_tabu0_inst0_cons10;instancias/c104.txt;0;0;10;25;27;3;200;0;PD;1202.261;737.4562;187.4495;187.4495;0.0;1;1;1506;"V0: [0,7,8,11,9,6,4,2,1,3,5,26] ; V1: [0,20,24,25,23,22,21,26] ; V2: [0,13,17,18,19,15,16,14,12,10,26]";"V0: [0,7,8,11,9,6,4,2,1,3,5,26] ; V1: [0,20,24,25,23,22,21,26] ; V2: [0,13,17,18,19,15,16,14,12,10,26]";2026-03-27 17:45:38
tam25_cap200_tabu0_inst0_cons10;instancias/c105.txt;0;0;10;25;27;3;200;0;PD;1.2136;273.0153;191.8136;191.8136;0.0;1;1;1422;"V0: [0,13,17,18,19,15,16,14,12,26] ; V1: [0,5,3,7,8,10,11,9,6,4,2,1,26] ; V2: [0,20,24,25,23,22,21,26]";"V0: [0,13,17,18,19,15,16,14,12,26] ; V1: [0,20,24,25,23,22,21,26] ; V2: [0,5,3,7,8,10,11,9,6,4,2,1,26]";2026-03-27 17:50:13
tam25_cap200_tabu0_inst0_cons10;instancias/c106.txt;0;0;10;25;27;3;200;0;PD;0.6906;186.0802;191.8136;191.8136;0.0;1;1;1077;"V0: [0,20,24,25,23,22,21,26] ; V1: [0,5,3,7,8,10,11,9,6,4,2,1,26] ; V2: [0,13,17,18,19,15,16,14,12,26]";"V0: [0,5,3,7,8,10,11,9,6,4,2,1,26] ; V1: [0,13,17,18,19,15,16,14,12,26] ; V2: [0,20,24,25,23,22,21,26]";2026-03-27 17:53:19
tam25_cap200_tabu0_inst0_cons10;instancias/c107.txt;0;0;10;25;27;3;200;0;PD;1.2505;240.0923;191.8136;191.8136;0.0;1;1;1506;"V0: [0,5,3,7,8,10,11,9,6,4,2,1,26] ; V1: [0,13,17,18,19,15,16,14,12,26] ; V2: [0,20,24,25,23,22,21,26]";"V0: [0,13,17,18,19,15,16,14,12,26] ; V1: [0,20,24,25,23,22,21,26] ; V2: [0,5,3,7,8,10,11,9,6,4,2,1,26]";2026-03-27 17:57:21
tam25_cap200_tabu0_inst0_cons10;instancias/c108.txt;0;0;10;25;27;3;200;0;PD;23.6169;375.6112;191.8136;191.8136;-0.0;1;1;1506;"V0: [0,20,24,25,23,22,21,26] ; V1: [0,13,17,18,19,15,16,14,12,26] ; V2: [0,5,3,7,8,10,11,9,6,4,2,1,26]";"V0: [0,13,17,18,19,15,16,14,12,26] ; V1: [0,5,3,7,8,10,11,9,6,4,2,1,26] ; V2: [0,20,24,25,23,22,21,26]";2026-03-27 18:04:00
tam25_cap200_tabu0_inst0_cons10;instancias/c109.txt;0;0;10;25;27;3;200;0;PD;1201.467;152.2066;191.8136;198.3001;3.3816;0;1;1506;"V0: [0,5,3,7,8,10,11,9,6,4,2,1,26] ; V1: [0,20,24,25,23,22,21,26] ; V2: [0,13,17,18,19,15,16,14,12,26]";"V0: [0,3,13,17,18,19,15,16,14,12,26] ; V1: [0,20,24,25,23,22,21,26] ; V2: [0,5,7,8,10,11,9,6,4,2,1,26]";2026-03-27 18:26:34
tam25_cap200_tabu0_inst0_cons0;instancias/r101.txt;0;0;0;25;27;8;200;0;PD;0.7642;67.9489;618.3299;618.3299;0.0;1;1;872;"V0: [0,12,9,20,1,26] ; V1: [0,11,19,10,26] ; V2: [0,18,26] ; V3: [0,23,22,4,26] ; V4: [0,7,8,17,26] ; V5: [0,5,16,6,26] ; V6: [0,2,21,3,24,25,26] ; V7: [0,14,15,13,26]";"V0: [0,23,22,4,25,26] ; V1: [0,5,16,6,26] ; V2: [0,12,9,20,1,26] ; V3: [0,2,21,3,24,26] ; V4: [0,11,19,10,26] ; V5: [0,7,8,17,26] ; V6: [0,18,26] ; V7: [0,14,15,13,26]";2026-03-27 20:47:12
tam25_cap200_tabu0_inst0_cons1;instancias/r101.txt;0;0;1;25;27;8;200;0;PD;0.7642;20.2125;618.3299;618.3299;0.0;1;1;992;"V0: [0,12,9,20,1,26] ; V1: [0,11,19,10,26] ; V2: [0,18,26] ; V3: [0,23,22,4,26] ; V4: [0,7,8,17,26] ; V5: [0,5,16,6,26] ; V6: [0,2,21,3,24,25,26] ; V7: [0,14,15,13,26]";"V0: [0,2,21,3,24,25,26] ; V1: [0,12,9,20,1,26] ; V2: [0,11,19,10,26] ; V3: [0,23,22,4,26] ; V4: [0,18,26] ; V5: [0,5,16,6,26] ; V6: [0,14,15,13,26] ; V7: [0,7,8,17,26]";2026-03-27 20:47:32
tam25_cap200_tabu0_inst0_cons2;instancias/r101.txt;0;0;2;25;27;8;200;0;PD;0.7642;23.3106;618.3299;618.3299;-0.0;1;1;1208;"V0: [0,12,9,20,1,26] ; V1: [0,11,19,10,26] ; V2: [0,18,26] ; V3: [0,23,22,4,26] ; V4: [0,7,8,17,26] ; V5: [0,5,16,6,26] ; V6: [0,2,21,3,24,25,26] ; V7: [0,14,15,13,26]";"V0: [0,12,9,20,1,26] ; V1: [0,23,22,4,26] ; V2: [0,11,19,10,26] ; V3: [0,7,8,17,26] ; V4: [0,14,15,13,26] ; V5: [0,18,26] ; V6: [0,5,16,6,26] ; V7: [0,2,21,3,24,25,26]";2026-03-27 20:47:55
tam25_cap200_tabu0_inst0_cons3;instancias/r101.txt;0;0;3;25;27;8;200;0;PD;0.7642;2.2683;618.3299;630.3804;1.9489;0;1;952;"V0: [0,12,9,20,1,26] ; V1: [0,11,19,10,26] ; V2: [0,18,26] ; V3: [0,23,22,4,26] ; V4: [0,7,8,17,26] ; V5: [0,5,16,6,26] ; V6: [0,2,21,3,24,25,26] ; V7: [0,14,15,13,26]";"V0: [0,12,9,20,26] ; V1: [0,7,8,26] ; V2: [0,18,26] ; V3: [0,14,15,6,13,26] ; V4: [0,5,16,17,26] ; V5: [0,23,22,4,26] ; V6: [0,11,19,10,1,26] ; V7: [0,2,21,3,24,25,26]";2026-03-27 20:47:58
tam25_cap200_tabu0_inst0_cons22;instancias/r101.txt;0;0;22;25;27;8;200;0;PD;0.7642;99.9047;618.3299;618.3299;-0.0;1;1;480;"V0: [0,12,9,20,1,26] ; V1: [0,11,19,10,26] ; V2: [0,18,26] ; V3: [0,23,22,4,26] ; V4: [0,7,8,17,26] ; V5: [0,5,16,6,26] ; V6: [0,2,21,3,24,25,26] ; V7: [0,14,15,13,26]";"V0: [0,5,16,6,26] ; V1: [0,14,15,13,26] ; V2: [0,12,9,20,1,26] ; V3: [0,7,8,17,26] ; V4: [0,18,26] ; V5: [0,11,19,10,26] ; V6: [0,2,21,3,24,26] ; V7: [0,23,22,4,25,26]";2026-03-27 20:49:37
tam25_cap200_tabu0_inst0_cons0;instancias/r102.txt;0;0;0;25;27;7;200;0;PD;1201.1008;2666.8414;548.1078;548.1078;0.0;1;713;2793;"V0: [0,14,16,6,13,26] ; V1: [0,3,9,20,1,26] ; V2: [0,7,11,19,10,26] ; V3: [0,2,15,22,4,25,26] ; V4: [0,18,26] ; V5: [0,8,17,5,26] ; V6: [0,21,23,24,12,26]";"V0: [0,14,16,6,13,26] ; V1: [0,7,11,19,10,26] ; V2: [0,21,23,24,12,26] ; V3: [0,2,15,22,4,25,26] ; V4: [0,8,17,5,26] ; V5: [0,3,9,20,1,26] ; V6: [0,18,26]";2026-03-27 21:54:05
tam25_cap200_tabu0_inst0_cons1;instancias/r102.txt;0;0;1;25;27;7;200;0;PD;1201.1008;2980.3445;548.1078;548.1078;0.0;1;2017;2289;"V0: [0,14,16,6,13,26] ; V1: [0,3,9,20,1,26] ; V2: [0,7,11,19,10,26] ; V3: [0,2,15,22,4,25,26] ; V4: [0,18,26] ; V5: [0,8,17,5,26] ; V6: [0,21,23,24,12,26]";"V0: [0,21,23,24,12,26] ; V1: [0,2,15,22,4,25,26] ; V2: [0,3,9,20,1,26] ; V3: [0,8,17,5,26] ; V4: [0,18,26] ; V5: [0,7,11,19,10,26] ; V6: [0,14,16,6,13,26]";2026-03-27 22:43:46
tam25_cap200_tabu0_inst0_cons2;instancias/r102.txt;0;0;2;25;27;7;200;0;PD;1201.1008;2381.7852;548.1078;548.1078;0.0;1;1435;2268;"V0: [0,14,16,6,13,26] ; V1: [0,3,9,20,1,26] ; V2: [0,7,11,19,10,26] ; V3: [0,2,15,22,4,25,26] ; V4: [0,18,26] ; V5: [0,8,17,5,26] ; V6: [0,21,23,24,12,26]";"V0: [0,8,17,5,26] ; V1: [0,3,9,20,1,26] ; V2: [0,21,23,24,12,26] ; V3: [0,18,26] ; V4: [0,7,11,19,10,26] ; V5: [0,14,16,6,13,26] ; V6: [0,2,15,22,4,25,26]";2026-03-27 23:23:28
tam25_cap200_tabu0_inst0_cons3;instancias/r102.txt;0;0;3;25;27;7;200;0;PD;1201.1008;106.3065;548.1078;551.622;0.6411;0;211;2485;"V0: [0,14,16,6,13,26] ; V1: [0,3,9,20,1,26] ; V2: [0,7,11,19,10,26] ; V3: [0,2,15,22,4,25,26] ; V4: [0,18,26] ; V5: [0,8,17,5,26] ; V6: [0,21,23,24,12,26]";"V0: [0,2,15,22,4,25,12,26] ; V1: [0,3,9,20,1,26] ; V2: [0,18,6,13,26] ; V3: [0,8,26] ; V4: [0,7,11,19,10,26] ; V5: [0,14,16,17,5,26] ; V6: [0,21,23,24,26]";2026-03-27 23:25:14
tam25_cap200_tabu0_inst0_cons22;instancias/r102.txt;0;0;22;25;27;7;200;0;PD;1201.1008;3600.2436;548.1078;690.2369;25.9309;0;1878;714;"V0: [0,14,16,6,13,26] ; V1: [0,3,9,20,1,26] ; V2: [0,7,11,19,10,26] ; V3: [0,2,15,22,4,25,26] ; V4: [0,18,26] ; V5: [0,8,17,5,26] ; V6: [0,21,23,24,12,26]";"V0: [0,21,23,24,12,26] ; V1: [0,2,15,22,4,25,26] ; V2: [0,18,6,13,26] ; V3: [0,8,10,26] ; V4: [0,16,17,26] ; V5: [0,5,11,19,3,26] ; V6: [0,14,9,20,1,7,26]";2026-03-28 00:25:14
tam25_cap200_tabu0_inst0_cons0;instancias/r103.txt;0;0;0;25;27;5;200;0;PD;1201.3643;142.071;468.2479;455.6982;-2.6801;0;1;1375;"V0: [0,7,19,11,10,26] ; V1: [0,2,21,23,22,4,25,26] ; V2: [0,14,15,6,13,26] ; V3: [0,1,20,9,3,24,12,26] ; V4: [0,18,8,17,16,5,26]";"V0: [0,7,19,11,8,18,26] ; V1: [0,12,24,3,9,10,20,1,26] ; V2: [0,2,15,14,16,17,5,26] ; V3: [0,6,13,26] ; V4: [0,21,23,22,4,25,26]";2026-03-28 00:47:38
tam25_cap200_tabu0_inst0_cons1;instancias/r103.txt;0;0;1;25;27;5;200;0;PD;1201.3643;109.9558;468.2479;455.6982;-2.6801;0;1;1450;"V0: [0,7,19,11,10,26] ; V1: [0,2,21,23,22,4,25,26] ; V2: [0,14,15,6,13,26] ; V3: [0,1,20,9,3,24,12,26] ; V4: [0,18,8,17,16,5,26]";"V0: [0,2,15,14,16,17,5,26] ; V1: [0,7,19,11,8,18,26] ; V2: [0,21,23,22,4,25,26] ; V3: [0,6,13,26] ; V4: [0,12,24,3,9,10,20,1,26]";2026-03-28 00:49:28
tam25_cap200_tabu0_inst0_cons2;instancias/r103.txt;0;0;2;25;27;5;200;0;PD;1201.3643;111.5374;468.2479;455.6982;-2.6801;0;1;1380;"V0: [0,7,19,11,10,26] ; V1: [0,2,21,23,22,4,25,26] ; V2: [0,14,15,6,13,26] ; V3: [0,1,20,9,3,24,12,26] ; V4: [0,18,8,17,16,5,26]";"V0: [0,12,24,3,9,10,20,1,26] ; V1: [0,21,23,22,4,25,26] ; V2: [0,2,15,14,16,17,5,26] ; V3: [0,6,13,26] ; V4: [0,7,19,11,8,18,26]";2026-03-28 00:51:19
tam25_cap200_tabu0_inst0_cons3;instancias/r103.txt;0;0;3;25;27;5;200;0;PD;1201.3643;164.3832;468.2479;468.1968;-0.0109;0;379;2445;"V0: [0,7,19,11,10,26] ; V1: [0,2,21,23,22,4,25,26] ; V2: [0,14,15,6,13,26] ; V3: [0,1,20,9,3,24,12,26] ; V4: [0,18,8,17,16,5,26]";"V0: [0,24,3,9,10,20,1,26] ; V1: [0,6,13,26] ; V2: [0,15,14,16,17,5,26] ; V3: [0,7,19,11,8,18,26] ; V4: [0,2,21,23,22,4,25,12,26]";2026-03-28 00:54:03
tam25_cap200_tabu0_inst0_cons22;instancias/r103.txt;0;0;22;25;27;5;200;0;PD;1201.3643;447.5025;468.2479;455.6982;-2.6801;0;1;645;"V0: [0,7,19,11,10,26] ; V1: [0,2,21,23,22,4,25,26] ; V2: [0,14,15,6,13,26] ; V3: [0,1,20,9,3,24,12,26] ; V4: [0,18,8,17,16,5,26]";"V0: [0,21,23,22,4,25,26] ; V1: [0,2,15,14,16,17,5,26] ; V2: [0,6,13,26] ; V3: [0,7,19,11,8,18,26] ; V4: [0,12,24,3,9,10,20,1,26]";2026-03-28 01:01:31
tam25_cap200_tabu0_inst0_cons0;instancias/r104.txt;0;0;0;25;27;4;200;0;PD;1201.5134;119.9116;453.6869;417.9612;-7.8745;0;1;1040;"V0: [0,15,16,14,13,26] ; V1: [0,21,22,23,4,2,6,26] ; V2: [0,7,19,11,8,17,5,18,26] ; V3: [0,1,10,20,9,3,24,25,12,26]";"V0: [0,7,19,11,8,18,6,13,26] ; V1: [0,1,10,20,9,3,24,12,26] ; V2: [0,2,15,14,16,17,5,26] ; V3: [0,21,22,23,4,25,26]";2026-03-28 01:23:32
tam25_cap200_tabu0_inst0_cons1;instancias/r104.txt;0;0;1;25;27;4;200;0;PD;1201.5134;150.0521;453.6869;417.9612;-7.8745;0;15;1752;"V0: [0,15,16,14,13,26] ; V1: [0,21,22,23,4,2,6,26] ; V2: [0,7,19,11,8,17,5,18,26] ; V3: [0,1,10,20,9,3,24,25,12,26]";"V0: [0,21,22,23,4,25,26] ; V1: [0,2,15,14,16,17,5,26] ; V2: [0,7,19,11,8,18,6,13,26] ; V3: [0,1,10,20,9,3,24,12,26]";2026-03-28 01:26:02
tam25_cap200_tabu0_inst0_cons2;instancias/r104.txt;0;0;2;25;27;4;200;0;PD;1201.5134;86.7017;453.6869;417.9612;-7.8745;0;1;1384;"V0: [0,15,16,14,13,26] ; V1: [0,21,22,23,4,2,6,26] ; V2: [0,7,19,11,8,17,5,18,26] ; V3: [0,1,10,20,9,3,24,25,12,26]";"V0: [0,2,15,14,16,17,5,26] ; V1: [0,21,22,23,4,25,26] ; V2: [0,1,10,20,9,3,24,12,26] ; V3: [0,7,19,11,8,18,6,13,26]";2026-03-28 01:27:29
tam25_cap200_tabu0_inst0_cons3;instancias/r104.txt;0;0;3;25;27;4;200;0;PD;1201.5134;18.8865;453.6869;427.2213;-5.8334;0;1;1744;"V0: [0,15,16,14,13,26] ; V1: [0,21,22,23,4,2,6,26] ; V2: [0,7,19,11,8,17,5,18,26] ; V3: [0,1,10,20,9,3,24,25,12,26]";"V0: [0,1,10,20,9,3,24,25,12,26] ; V1: [0,7,19,11,8,17,16,5,18,26] ; V2: [0,21,22,23,4,26] ; V3: [0,6,14,15,2,13,26]";2026-03-28 01:27:48
tam25_cap200_tabu0_inst0_cons22;instancias/r104.txt;0;0;22;25;27;4;200;0;PD;1201.5134;392.8058;453.6869;420.6334;-7.2855;0;1;500;"V0: [0,15,16,14,13,26] ; V1: [0,21,22,23,4,2,6,26] ; V2: [0,7,19,11,8,17,5,18,26] ; V3: [0,1,10,20,9,3,24,25,12,26]";"V0: [0,7,19,11,8,18,6,13,26] ; V1: [0,2,15,14,16,17,5,26] ; V2: [0,21,22,23,4,25,12,26] ; V3: [0,24,3,9,20,10,1,26]";2026-03-28 01:34:21
tam25_cap200_tabu0_inst0_cons0;instancias/r105.txt;0;0;0;25;27;6;200;0;PD;17.8249;90.9081;531.5386;531.5386;0.0;1;1;828;"V0: [0,5,14,16,6,26] ; V1: [0,12,9,3,24,25,26] ; V2: [0,2,15,13,26] ; V3: [0,21,23,22,4,26] ; V4: [0,7,18,8,17,26] ; V5: [0,19,11,10,20,1,26]";"V0: [0,5,14,16,6,26] ; V1: [0,19,11,10,20,1,26] ; V2: [0,7,18,8,17,26] ; V3: [0,12,9,3,24,26] ; V4: [0,2,15,13,26] ; V5: [0,21,23,22,4,25,26]";2026-03-28 01:36:10
tam25_cap200_tabu0_inst0_cons1;instancias/r105.txt;0;0;1;25;27;6;200;0;PD;17.8249;56.1524;531.5386;531.5386;0.0;1;1;1134;"V0: [0,5,14,16,6,26] ; V1: [0,12,9,3,24,25,26] ; V2: [0,2,15,13,26] ; V3: [0,21,23,22,4,26] ; V4: [0,7,18,8,17,26] ; V5: [0,19,11,10,20,1,26]";"V0: [0,19,11,10,20,1,26] ; V1: [0,12,9,3,24,25,26] ; V2: [0,5,14,16,6,26] ; V3: [0,7,18,8,17,26] ; V4: [0,2,15,13,26] ; V5: [0,21,23,22,4,26]";2026-03-28 01:37:06
tam25_cap200_tabu0_inst0_cons2;instancias/r105.txt;0;0;2;25;27;6;200;0;PD;17.8249;57.6008;531.5386;531.5386;0.0;1;1;1242;"V0: [0,5,14,16,6,26] ; V1: [0,12,9,3,24,25,26] ; V2: [0,2,15,13,26] ; V3: [0,21,23,22,4,26] ; V4: [0,7,18,8,17,26] ; V5: [0,19,11,10,20,1,26]";"V0: [0,21,23,22,4,25,26] ; V1: [0,19,11,10,20,1,26] ; V2: [0,7,18,8,17,26] ; V3: [0,5,14,16,6,26] ; V4: [0,12,9,3,24,26] ; V5: [0,2,15,13,26]";2026-03-28 01:38:03
tam25_cap200_tabu0_inst0_cons3;instancias/r105.txt;0;0;3;25;27;6;200;0;PD;17.8249;22.6073;531.5386;537.5166;1.1247;0;65;1452;"V0: [0,5,14,16,6,26] ; V1: [0,12,9,3,24,25,26] ; V2: [0,2,15,13,26] ; V3: [0,21,23,22,4,26] ; V4: [0,7,18,8,17,26] ; V5: [0,19,11,10,20,1,26]";"V0: [0,18,6,26] ; V1: [0,21,23,22,4,26] ; V2: [0,12,9,3,24,25,26] ; V3: [0,5,14,16,8,17,26] ; V4: [0,11,19,7,10,20,1,26] ; V5: [0,2,15,13,26]";2026-03-28 01:38:26
tam25_cap200_tabu0_inst0_cons22;instancias/r105.txt;0;0;22;25;27;6;200;0;PD;17.8249;210.8627;531.5386;531.5386;0.0;1;1;492;"V0: [0,5,14,16,6,26] ; V1: [0,12,9,3,24,25,26] ; V2: [0,2,15,13,26] ; V3: [0,21,23,22,4,26] ; V4: [0,7,18,8,17,26] ; V5: [0,19,11,10,20,1,26]";"V0: [0,2,15,13,26] ; V1: [0,21,23,22,4,26] ; V2: [0,12,9,3,24,25,26] ; V3: [0,19,11,10,20,1,26] ; V4: [0,7,18,8,17,26] ; V5: [0,5,14,16,6,26]";2026-03-28 01:41:57
tam25_cap200_tabu0_inst0_cons0;instancias/r106.txt;0;0;0;25;27;5;200;0;PD;1092.5516;1481.3308;466.4802;470.5235;0.8668;0;307;2765;"V0: [0,2,15,23,22,4,25,21,26] ; V1: [0,14,16,6,13,26] ; V2: [0,7,19,11,10,26] ; V3: [0,18,8,17,5,26] ; V4: [0,1,9,20,3,24,12,26]";"V0: [0,1,9,20,3,24,26] ; V1: [0,14,16,6,13,26] ; V2: [0,18,8,17,5,26] ; V3: [0,2,15,23,22,21,4,25,12,26] ; V4: [0,7,19,11,10,26]";2026-03-28 02:24:51
tam25_cap200_tabu0_inst0_cons1;instancias/r106.txt;0;0;1;25;27;5;200;0;PD;1092.5516;809.2501;466.4802;466.4802;-0.0;1;137;2280;"V0: [0,2,15,23,22,4,25,21,26] ; V1: [0,14,16,6,13,26] ; V2: [0,7,19,11,10,26] ; V3: [0,18,8,17,5,26] ; V4: [0,1,9,20,3,24,12,26]";"V0: [0,7,19,11,10,26] ; V1: [0,2,15,23,22,4,25,21,26] ; V2: [0,18,8,17,5,26] ; V3: [0,14,16,6,13,26] ; V4: [0,1,9,20,3,24,12,26]";2026-03-28 02:38:20
tam25_cap200_tabu0_inst0_cons2;instancias/r106.txt;0;0;2;25;27;5;200;0;PD;1092.5516;875.5637;466.4802;466.4802;-0.0;1;153;2390;"V0: [0,2,15,23,22,4,25,21,26] ; V1: [0,14,16,6,13,26] ; V2: [0,7,19,11,10,26] ; V3: [0,18,8,17,5,26] ; V4: [0,1,9,20,3,24,12,26]";"V0: [0,7,19,11,10,26] ; V1: [0,2,15,23,22,4,25,21,26] ; V2: [0,14,16,6,13,26] ; V3: [0,1,9,20,3,24,12,26] ; V4: [0,18,8,17,5,26]";2026-03-28 02:52:56
tam25_cap200_tabu0_inst0_cons3;instancias/r106.txt;0;0;3;25;27;5;200;0;PD;1092.5516;2234.3161;466.4802;501.4534;7.4973;0;16147;6465;"V0: [0,2,15,23,22,4,25,21,26] ; V1: [0,14,16,6,13,26] ; V2: [0,7,19,11,10,26] ; V3: [0,18,8,17,5,26] ; V4: [0,1,9,20,3,24,12,26]";"V0: [0,19,11,10,20,26] ; V1: [0,2,14,16,5,6,13,26] ; V2: [0,7,18,8,17,26] ; V3: [0,21,15,23,22,4,25,12,26] ; V4: [0,1,9,3,24,26]";2026-03-28 03:30:10
tam25_cap200_tabu0_inst0_cons22;instancias/r106.txt;0;0;22;25;27;5;200;0;PD;1092.5516;3602.4569;466.4802;-1;;;0;0;"V0: [0,2,15,23,22,4,25,21,26] ; V1: [0,14,16,6,13,26] ; V2: [0,7,19,11,10,26] ; V3: [0,18,8,17,5,26] ; V4: [0,1,9,20,3,24,12,26]";SEM_SEQUENCIA_BP;2026-03-28 04:30:12
tam25_cap200_tabu0_inst0_cons0;instancias/r107.txt;0;0;0;25;27;4;200;0;PD;1201.3898;169.633;429.2004;425.2685;-0.9161;0;1;1156;"V0: [0,6,16,14,13,26] ; V1: [0,18,7,11,19,8,17,5,26] ; V2: [0,2,15,23,22,4,25,21,26] ; V3: [0,12,24,3,9,20,10,1,26]";"V0: [0,18,7,11,19,8,17,16,5,26] ; V1: [0,21,23,22,4,25,24,26] ; V2: [0,12,3,9,20,10,1,26] ; V3: [0,2,15,14,6,13,26]";2026-03-28 04:53:03
tam25_cap200_tabu0_inst0_cons1;instancias/r107.txt;0;0;1;25;27;4;200;0;PD;1201.3898;183.1797;429.2004;425.2685;-0.9161;0;1;1808;"V0: [0,6,16,14,13,26] ; V1: [0,18,7,11,19,8,17,5,26] ; V2: [0,2,15,23,22,4,25,21,26] ; V3: [0,12,24,3,9,20,10,1,26]";"V0: [0,12,3,9,20,10,1,26] ; V1: [0,18,7,11,19,8,17,16,5,26] ; V2: [0,21,23,22,4,25,24,26] ; V3: [0,2,15,14,6,13,26]";2026-03-28 04:56:07
tam25_cap200_tabu0_inst0_cons2;instancias/r107.txt;0;0;2;25;27;4;200;0;PD;1201.3898;246.2748;429.2004;425.2685;-0.9161;0;1;1976;"V0: [0,6,16,14,13,26] ; V1: [0,18,7,11,19,8,17,5,26] ; V2: [0,2,15,23,22,4,25,21,26] ; V3: [0,12,24,3,9,20,10,1,26]";"V0: [0,18,7,11,19,8,17,16,5,26] ; V1: [0,21,23,22,4,25,24,26] ; V2: [0,12,3,9,20,10,1,26] ; V3: [0,2,15,14,6,13,26]";2026-03-28 05:00:13
tam25_cap200_tabu0_inst0_cons3;instancias/r107.txt;0;0;3;25;27;4;200;0;PD;1201.3898;115.3156;429.2004;431.1264;0.4487;0;193;2296;"V0: [0,6,16,14,13,26] ; V1: [0,18,7,11,19,8,17,5,26] ; V2: [0,2,15,23,22,4,25,21,26] ; V3: [0,12,24,3,9,20,10,1,26]";"V0: [0,23,22,21,4,25,24,26] ; V1: [0,18,7,11,19,8,17,16,5,26] ; V2: [0,12,3,9,20,10,1,26] ; V3: [0,2,15,14,6,13,26]";2026-03-28 05:02:08
tam25_cap200_tabu0_inst0_cons22;instancias/r107.txt;0;0;22;25;27;4;200;0;PD;1201.3898;443.1022;429.2004;425.2685;-0.9161;0;1;472;"V0: [0,6,16,14,13,26] ; V1: [0,18,7,11,19,8,17,5,26] ; V2: [0,2,15,23,22,4,25,21,26] ; V3: [0,12,24,3,9,20,10,1,26]";"V0: [0,21,23,22,4,25,24,26] ; V1: [0,2,15,14,6,13,26] ; V2: [0,12,3,9,20,10,1,26] ; V3: [0,18,7,11,19,8,17,16,5,26]";2026-03-28 05:09:31
tam25_cap200_tabu0_inst0_cons0;instancias/r108.txt;0;0;0;25;27;4;200;0;PD;1201.4456;3618.3219;398.2947;418.3557;5.0367;0;212;5284;"V0: [0,21,22,23,4,25,24,26] ; V1: [0,7,10,11,19,8,18,26] ; V2: [0,12,3,9,20,1,26] ; V3: [0,2,15,14,16,17,5,6,13,26]";"V0: [0,12,24,3,9,20,1,26] ; V1: [0,10,19,11,7,8,18,26] ; V2: [0,2,15,23,22,4,25,21,26] ; V3: [0,6,5,17,16,14,13,26]";2026-03-28 06:29:51
tam25_cap200_tabu0_inst0_cons1;instancias/r108.txt;0;0;1;25;27;4;200;0;PD;1201.4456;426.5231;398.2947;398.2947;0.0;1;9;2032;"V0: [0,21,22,23,4,25,24,26] ; V1: [0,7,10,11,19,8,18,26] ; V2: [0,12,3,9,20,1,26] ; V3: [0,2,15,14,16,17,5,6,13,26]";"V0: [0,2,15,14,16,17,5,6,13,26] ; V1: [0,7,10,11,19,8,18,26] ; V2: [0,1,20,9,3,12,26] ; V3: [0,21,22,23,4,25,24,26]";2026-03-28 06:36:58
tam25_cap200_tabu0_inst0_cons2;instancias/r108.txt;0;0;2;25;27;4;200;0;PD;1201.4456;1033.4836;398.2947;398.2947;0.0;1;95;2328;"V0: [0,21,22,23,4,25,24,26] ; V1: [0,7,10,11,19,8,18,26] ; V2: [0,12,3,9,20,1,26] ; V3: [0,2,15,14,16,17,5,6,13,26]";"V0: [0,7,10,11,19,8,18,26] ; V1: [0,2,15,14,16,17,5,6,13,26] ; V2: [0,1,20,9,3,12,26] ; V3: [0,21,22,23,4,25,24,26]";2026-03-28 06:54:11
tam25_cap200_tabu0_inst0_cons3;instancias/r108.txt;0;0;3;25;27;4;200;0;PD;1201.4456;170.8266;398.2947;412.6813;3.612;0;227;2972;"V0: [0,21,22,23,4,25,24,26] ; V1: [0,7,10,11,19,8,18,26] ; V2: [0,12,3,9,20,1,26] ; V3: [0,2,15,14,16,17,5,6,13,26]";"V0: [0,14,15,2,13,26] ; V1: [0,21,22,23,4,25,24,26] ; V2: [0,12,3,9,20,10,1,26] ; V3: [0,18,7,11,19,8,17,16,5,6,26]";2026-03-28 06:57:02
tam25_cap200_tabu0_inst0_cons22;instancias/r108.txt;0;0;22;25;27;4;200;0;PD;1201.4456;3603.5279;398.2947;413.9937;3.9416;0;469;1976;"V0: [0,21,22,23,4,25,24,26] ; V1: [0,7,10,11,19,8,18,26] ; V2: [0,12,3,9,20,1,26] ; V3: [0,2,15,14,16,17,5,6,13,26]";"V0: [0,22,23,4,12,26] ; V1: [0,1,20,9,3,24,25,21,26] ; V2: [0,7,10,11,19,8,18,26] ; V3: [0,2,15,14,16,17,5,6,13,26]";2026-03-28 07:57:05
tam25_cap200_tabu0_inst0_cons0;instancias/r109.txt;0;0;0;25;27;5;200;0;PD;80.721;128.853;442.6252;442.6252;-0.0;1;1;1495;"V0: [0,2,15,14,16,17,13,26] ; V1: [0,5,8,18,6,26] ; V2: [0,21,22,23,4,25,24,26] ; V3: [0,12,3,9,20,1,26] ; V4: [0,7,19,11,10,26]";"V0: [0,21,22,23,4,25,24,26] ; V1: [0,12,3,9,20,1,26] ; V2: [0,7,19,11,10,26] ; V3: [0,5,8,18,6,26] ; V4: [0,2,15,14,16,17,13,26]";2026-03-28 08:00:35
tam25_cap200_tabu0_inst0_cons1;instancias/r109.txt;0;0;1;25;27;5;200;0;PD;80.721;93.2677;442.6252;442.6252;-0.0;1;1;1465;"V0: [0,2,15,14,16,17,13,26] ; V1: [0,5,8,18,6,26] ; V2: [0,21,22,23,4,25,24,26] ; V3: [0,12,3,9,20,1,26] ; V4: [0,7,19,11,10,26]";"V0: [0,12,3,9,20,1,26] ; V1: [0,2,15,14,16,17,13,26] ; V2: [0,5,8,18,6,26] ; V3: [0,21,22,23,4,25,24,26] ; V4: [0,7,19,11,10,26]";2026-03-28 08:02:08
tam25_cap200_tabu0_inst0_cons2;instancias/r109.txt;0;0;2;25;27;5;200;0;PD;80.721;111.8622;442.6252;442.6252;-0.0;1;1;1470;"V0: [0,2,15,14,16,17,13,26] ; V1: [0,5,8,18,6,26] ; V2: [0,21,22,23,4,25,24,26] ; V3: [0,12,3,9,20,1,26] ; V4: [0,7,19,11,10,26]";"V0: [0,12,3,9,20,1,26] ; V1: [0,21,22,23,4,25,24,26] ; V2: [0,2,15,14,16,17,13,26] ; V3: [0,7,19,11,10,26] ; V4: [0,5,8,18,6,26]";2026-03-28 08:04:00
tam25_cap200_tabu0_inst0_cons3;instancias/r109.txt;0;0;3;25;27;5;200;0;PD;80.721;4.5376;442.6252;474.3321;7.1634;0;1;1205;"V0: [0,2,15,14,16,17,13,26] ; V1: [0,5,8,18,6,26] ; V2: [0,21,22,23,4,25,24,26] ; V3: [0,12,3,9,20,1,26] ; V4: [0,7,19,11,10,26]";"V0: [0,12,9,3,24,25,4,26] ; V1: [0,18,8,6,26] ; V2: [0,21,23,22,13,26] ; V3: [0,5,7,19,11,10,20,1,26] ; V4: [0,2,15,14,16,17,26]";2026-03-28 08:04:05
tam25_cap200_tabu0_inst0_cons22;instancias/r109.txt;0;0;22;25;27;5;200;0;PD;80.721;350.2311;442.6252;442.6252;-0.0;1;1;515;"V0: [0,2,15,14,16,17,13,26] ; V1: [0,5,8,18,6,26] ; V2: [0,21,22,23,4,25,24,26] ; V3: [0,12,3,9,20,1,26] ; V4: [0,7,19,11,10,26]";"V0: [0,5,8,18,6,26] ; V1: [0,2,15,14,16,17,13,26] ; V2: [0,7,19,11,10,26] ; V3: [0,21,22,23,4,25,24,26] ; V4: [0,12,3,9,20,1,26]";2026-03-28 08:09:55
tam25_cap200_tabu0_inst0_cons0;instancias/r110.txt;0;0;0;25;27;4;200;0;PD;1201.6729;1171.8681;-1;445.8722;;;129;1704;SEM_SEQUENCIA_EXATO;"V0: [0,5,16,14,15,22,23,13,26] ; V1: [0,11,19,7,10,20,9,1,26] ; V2: [0,18,8,17,6,26] ; V3: [0,2,21,12,3,24,25,4,26]";2026-03-28 08:49:28
tam25_cap200_tabu0_inst0_cons1;instancias/r110.txt;0;0;1;25;27;4;200;0;PD;1201.6729;484.5398;-1;445.8722;;;99;1744;SEM_SEQUENCIA_EXATO;"V0: [0,18,8,17,6,26] ; V1: [0,5,16,14,15,22,23,13,26] ; V2: [0,2,21,12,3,24,25,4,26] ; V3: [0,11,19,7,10,20,9,1,26]";2026-03-28 08:57:33
tam25_cap200_tabu0_inst0_cons2;instancias/r110.txt;0;0;2;25;27;4;200;0;PD;1201.6729;952.6015;-1;445.8722;;;131;2424;SEM_SEQUENCIA_EXATO;"V0: [0,18,8,17,6,26] ; V1: [0,5,16,14,15,22,23,13,26] ; V2: [0,11,19,7,10,20,9,1,26] ; V3: [0,2,21,12,3,24,25,4,26]";2026-03-28 09:13:26
tam25_cap200_tabu0_inst0_cons3;instancias/r110.txt;0;0;3;25;27;4;200;0;PD;1201.6729;285.8956;-1;463.7544;;;641;3308;SEM_SEQUENCIA_EXATO;"V0: [0,5,16,14,15,22,23,25,26] ; V1: [0,21,2,6,18,8,17,13,26] ; V2: [0,11,19,7,10,20,9,1,26] ; V3: [0,12,3,24,4,26]";2026-03-28 09:18:12
tam25_cap200_tabu0_inst0_cons22;instancias/r110.txt;0;0;22;25;27;4;200;0;PD;1201.6729;3602.4666;-1;445.8722;;;989;908;SEM_SEQUENCIA_EXATO;"V0: [0,5,16,14,15,22,23,13,26] ; V1: [0,18,8,17,6,26] ; V2: [0,11,19,7,10,20,9,1,26] ; V3: [0,2,21,12,3,24,25,4,26]";2026-03-28 10:18:14
tam25_cap200_tabu0_inst0_cons0;instancias/r111.txt;0;0;0;25;27;4;200;0;PD;1201.3062;491.4945;440.9024;429.6968;-2.5415;0;33;1356;"V0: [0,6,14,16,17,5,26] ; V1: [0,2,15,23,22,21,4,25,24,26] ; V2: [0,3,9,20,10,1,12,26] ; V3: [0,7,11,19,8,18,13,26]";"V0: [0,2,15,14,16,6,13,26] ; V1: [0,7,11,19,8,18,17,5,26] ; V2: [0,21,23,22,4,25,24,26] ; V3: [0,12,3,9,20,10,1,26]";2026-03-28 10:46:27
tam25_cap200_tabu0_inst0_cons1;instancias/r111.txt;0;0;1;25;27;4;200;0;PD;1201.3062;294.9593;440.9024;429.6968;-2.5415;0;23;1972;"V0: [0,6,14,16,17,5,26] ; V1: [0,2,15,23,22,21,4,25,24,26] ; V2: [0,3,9,20,10,1,12,26] ; V3: [0,7,11,19,8,18,13,26]";"V0: [0,7,11,19,8,18,17,5,26] ; V1: [0,21,23,22,4,25,24,26] ; V2: [0,12,3,9,20,10,1,26] ; V3: [0,2,15,14,16,6,13,26]";2026-03-28 10:51:22
tam25_cap200_tabu0_inst0_cons2;instancias/r111.txt;0;0;2;25;27;4;200;0;PD;1201.3062;347.7278;440.9024;429.6968;-2.5415;0;23;1864;"V0: [0,6,14,16,17,5,26] ; V1: [0,2,15,23,22,21,4,25,24,26] ; V2: [0,3,9,20,10,1,12,26] ; V3: [0,7,11,19,8,18,13,26]";"V0: [0,2,15,14,16,6,13,26] ; V1: [0,12,3,9,20,10,1,26] ; V2: [0,21,23,22,4,25,24,26] ; V3: [0,7,11,19,8,18,17,5,26]";2026-03-28 10:57:10
tam25_cap200_tabu0_inst0_cons3;instancias/r111.txt;0;0;3;25;27;4;200;0;PD;1201.3062;284.0919;440.9024;445.8037;1.1117;0;309;4940;"V0: [0,6,14,16,17,5,26] ; V1: [0,2,15,23,22,21,4,25,24,26] ; V2: [0,3,9,20,10,1,12,26] ; V3: [0,7,11,19,8,18,13,26]";"V0: [0,21,15,23,22,4,25,24,26] ; V1: [0,6,16,14,2,13,26] ; V2: [0,12,3,9,20,10,1,26] ; V3: [0,7,11,19,8,18,17,5,26]";2026-03-28 11:01:54
tam25_cap200_tabu0_inst0_cons22;instancias/r111.txt;0;0;22;25;27;4;200;0;PD;1201.3062;710.8497;440.9024;429.6968;-2.5415;0;35;604;"V0: [0,6,14,16,17,5,26] ; V1: [0,2,15,23,22,21,4,25,24,26] ; V2: [0,3,9,20,10,1,12,26] ; V3: [0,7,11,19,8,18,13,26]";"V0: [0,12,3,9,20,10,1,26] ; V1: [0,2,15,14,16,6,13,26] ; V2: [0,7,11,19,8,18,17,5,26] ; V3: [0,21,23,22,4,25,24,26]";2026-03-28 11:13:44
tam25_cap200_tabu0_inst0_cons0;instancias/r112.txt;0;0;0;25;27;4;200;0;PD;1201.257;2295.7178;394.1013;396.9838;0.7314;0;489;2204;"V0: [0,18,8,7,19,11,10,26] ; V1: [0,21,22,23,4,25,24,26] ; V2: [0,2,15,14,16,17,5,6,13,26] ; V3: [0,12,3,9,20,1,26]";"V0: [0,13,21,22,23,25,4,26] ; V1: [0,2,15,14,16,17,5,6,26] ; V2: [0,12,24,3,9,20,1,26] ; V3: [0,18,8,7,19,11,10,26]";2026-03-28 12:12:01
tam25_cap200_tabu0_inst0_cons1;instancias/r112.txt;0;0;1;25;27;4;200;0;PD;1201.257;2191.9139;394.1013;396.9838;0.7314;0;293;2900;"V0: [0,18,8,7,19,11,10,26] ; V1: [0,21,22,23,4,25,24,26] ; V2: [0,2,15,14,16,17,5,6,13,26] ; V3: [0,12,3,9,20,1,26]";"V0: [0,12,24,3,9,20,1,26] ; V1: [0,18,8,7,19,11,10,26] ; V2: [0,13,21,22,23,25,4,26] ; V3: [0,2,15,14,16,17,5,6,26]";2026-03-28 12:48:33
tam25_cap200_tabu0_inst0_cons2;instancias/r112.txt;0;0;2;25;27;4;200;0;PD;1201.257;1488.6919;394.1013;394.1013;0.0;1;147;2548;"V0: [0,18,8,7,19,11,10,26] ; V1: [0,21,22,23,4,25,24,26] ; V2: [0,2,15,14,16,17,5,6,13,26] ; V3: [0,12,3,9,20,1,26]";"V0: [0,2,15,14,16,17,5,6,13,26] ; V1: [0,12,3,9,20,1,26] ; V2: [0,21,22,23,4,25,24,26] ; V3: [0,18,8,7,19,11,10,26]";2026-03-28 13:13:22
tam25_cap200_tabu0_inst0_cons3;instancias/r112.txt;0;0;3;25;27;4;200;0;PD;1201.257;67.7074;394.1013;394.1013;0.0;1;75;1708;"V0: [0,18,8,7,19,11,10,26] ; V1: [0,21,22,23,4,25,24,26] ; V2: [0,2,15,14,16,17,5,6,13,26] ; V3: [0,12,3,9,20,1,26]";"V0: [0,2,15,14,16,17,5,6,13,26] ; V1: [0,12,3,9,20,1,26] ; V2: [0,21,22,23,4,25,24,26] ; V3: [0,18,8,7,19,11,10,26]";2026-03-28 13:14:30
tam25_cap200_tabu0_inst0_cons22;instancias/r112.txt;0;0;22;25;27;4;200;0;PD;1201.257;3601.7314;394.1013;-1;;;0;0;"V0: [0,18,8,7,19,11,10,26] ; V1: [0,21,22,23,4,25,24,26] ; V2: [0,2,15,14,16,17,5,6,13,26] ; V3: [0,12,3,9,20,1,26]";SEM_SEQUENCIA_BP;2026-03-28 14:14:32
tam25_cap200_tabu0_inst0_cons0;instancias/c201.txt;0;0;0;25;27;3;200;0;PD;4.4667;3605.6968;268.5325;273.7812;1.9546;0;77;5121;"V0: [0,20,22,24,6,25,9,11,10,8,21,26] ; V1: [0,23,18,19,16,14,12,15,17,13,26] ; V2: [0,5,2,1,7,3,4,26]";"V0: [0,16,14,12,15,25,21,26] ; V1: [0,5,2,1,7,3,4,26] ; V2: [0,20,22,24,6,23,18,19,17,13,9,11,10,8,26]";2026-03-28 15:14:42
tam25_cap200_tabu0_inst0_cons1;instancias/c201.txt;0;0;1;25;27;3;200;0;PD;4.4667;3521.4808;268.5325;268.8531;0.1194;0;803;3870;"V0: [0,20,22,24,6,25,9,11,10,8,21,26] ; V1: [0,23,18,19,16,14,12,15,17,13,26] ; V2: [0,5,2,1,7,3,4,26]";"V0: [0,5,2,1,7,3,4,26] ; V1: [0,20,22,24,6,23,18,17,25,21,26] ; V2: [0,19,16,14,12,15,13,9,11,10,8,26]";2026-03-28 16:13:23
tam25_cap200_tabu0_inst0_cons2;instancias/c201.txt;0;0;2;25;27;3;200;0;PD;4.4667;2583.7684;268.5325;268.8531;0.1194;0;89;2421;"V0: [0,20,22,24,6,25,9,11,10,8,21,26] ; V1: [0,23,18,19,16,14,12,15,17,13,26] ; V2: [0,5,2,1,7,3,4,26]";"V0: [0,5,2,1,7,3,4,26] ; V1: [0,19,16,14,12,15,13,9,11,10,8,26] ; V2: [0,20,22,24,6,23,18,17,25,21,26]";2026-03-28 16:56:27
tam25_cap200_tabu0_inst0_cons3;instancias/c201.txt;0;0;3;25;27;3;200;0;PD;4.4667;1496.4501;268.5325;291.2087;8.4445;0;3207;12054;"V0: [0,20,22,24,6,25,9,11,10,8,21,26] ; V1: [0,23,18,19,16,14,12,15,17,13,26] ; V2: [0,5,2,1,7,3,4,26]";"V0: [0,20,22,24,21,26] ; V1: [0,6,23,18,19,15,17,13,25,11,26] ; V2: [0,5,2,1,7,3,4,16,14,12,9,10,8,26]";2026-03-28 17:21:23
tam25_cap200_tabu0_inst0_cons22;instancias/c201.txt;0;0;22;25;27;3;200;0;PD;4.4667;3727.0759;268.5325;272.4131;1.4451;0;64;1431;"V0: [0,20,22,24,6,25,9,11,10,8,21,26] ; V1: [0,23,18,19,16,14,12,15,17,13,26] ; V2: [0,5,2,1,7,3,4,26]";"V0: [0,5,2,1,7,3,4,26] ; V1: [0,19,16,14,12,15,13,9,11,10,8,26] ; V2: [0,22,20,24,6,23,18,17,25,21,26]";2026-03-28 18:23:31
