-1;0;5.099020;-9999994.900980;[0 10 11];2025-11-24 06:51:20
-1;1;2.549510;-9999997.450490;[0 10 11];2025-11-24 06:51:20
0;0;3.046309;-9999994.404181;[0 1 11];2025-11-24 06:51:21
0;1;2.814150;-9999997.185850;[0 1 10 11];2025-11-24 06:51:21
1;0;3.600000;-9999993.585850;[0 2 11];2025-11-24 06:51:21
1;1;4.580454;-9999995.419546;[0 2 1 10 11];2025-11-24 06:51:21
2;0;4.472136;-9999990.947410;[0 3 11];2025-11-24 06:51:21
2;1;5.352958;-9999994.382402;[0 2 3 10 11];2025-11-24 06:51:22
3;0;9.301551;-9999990.930608;[0 1 3 4 2 11];2025-11-24 06:51:22
3;1;4.279221;-9999992.906629;[0 2 4 3 11];2025-11-24 06:51:22
4;0;8.973891;-9999990.797860;[0 3 1 5 11];2025-11-24 06:51:22
4;1;3.402478;-9999992.550460;[0 1 5 11];2025-11-24 06:51:22
5;0;4.179587;-9999988.727042;[0 5 6 11];2025-11-24 06:51:23
5;1;3.151703;-9999991.521231;[0 2 5 6 11];2025-11-24 06:51:23
6;0;8.086829;-9999989.121750;[0 5 7 10 11];2025-11-24 06:51:23
6;1;4.184123;-9999992.241251;[0 2 5 7 11];2025-11-24 06:51:23
7;0;11.737988;-19999973.037091;[0 4 3 1 7 6 11];2025-11-24 06:51:23
7;1;4.487028;-19999976.346100;[0 3 1 7 6 11];2025-11-24 06:51:23
8;0;11.336986;-9999987.173376;[0 3 1 10 7 8 5 11];2025-11-24 06:51:24
8;1;4.820003;-9999990.831863;[0 3 1 7 8 11];2025-11-24 06:51:24
9;0;14.737846;-9999986.356578;[0 4 9 10 7 8 6 11];2025-11-24 06:51:24
9;1;6.130688;-9999986.947428;[0 4 9 7 11];2025-11-24 06:51:24
10;0;14.080986;-39999923.574881;[0 3 9 1 8 2 11];2025-11-24 06:51:24
10;1;5.585677;-36666599.728756;[0 3 9 8 11];2025-11-24 06:51:24
11;0;13.859101;-6428565.933625;[0 1 10 9 3 4 6 11];2025-11-24 06:51:25
11;1;3.519836;-2857144.527621;[0 1 9 3 11];2025-11-24 06:51:25
12;0;13.401525;-5000002.870091;[0 1 7 8 5 6 2 4 11];2025-11-24 06:51:25
12;1;4.761967;-3000002.729243;[0 1 4 2 6 11];2025-11-24 06:51:25
13;0;13.904654;-11999988.562697;[0 2 5 8 10 9 11];2025-11-24 06:51:25
13;1;5.795936;-5333329.039332;[0 2 9 10 11];2025-11-24 06:51:25
14;0;11.829868;-2000001.194761;[0 3 9 10 7 5 6 11];2025-11-24 06:51:26
14;1;5.450324;-1000001.364220;[0 6 2 3 9 11];2025-11-24 06:51:26
15;0;13.729726;-2093019.961841;[0 4 2 6 5 8 10 11];2025-11-24 06:51:26
15;1;5.626584;-1860460.750133;[0 4 6 10 11];2025-11-24 06:51:26
16;0;15.039111;-666667.203266;[0 2 6 8 7 10 9 3 1 11];2025-11-24 06:51:26
16;1;5.304722;-666667.646348;[0 2 6 8 7 10 11];2025-11-24 06:51:26
17;0;13.464742;-312499.908599;[0 2 5 7 10 9 1 11];2025-11-24 06:51:27
17;1;5.735644;-0.526516;[0 4 2 8 7 11];2025-11-24 06:51:27
18;0;13.124425;-204080.041851;[0 4 3 1 8 5 6 11];2025-11-24 06:51:27
18;1;5.059051;-204079.682221;[0 3 1 7 8 6 11];2025-11-24 06:51:27
19;0;15.572137;-277775.897119;[0 2 4 3 9 10 8 11];2025-11-24 06:51:27
19;1;4.169270;-1.037613;[0 1 10 7 8 11];2025-11-24 06:51:27
20;0;12.315341;-270266.800737;[0 3 9 10 8 5 11];2025-11-24 06:51:28
20;1;3.398184;-270265.881401;[0 5 8 7 11];2025-11-24 06:51:28
21;0;13.163613;-133331.682736;[0 2 6 5 7 10 1 3 11];2025-11-24 06:51:28
21;1;5.147681;-133332.038274;[0 6 7 10 9 11];2025-11-24 06:51:28
22;0;11.939358;-0.858728;[0 1 9 10 8 5 6 11];2025-11-24 06:51:28
22;1;6.743669;-0.163078;[0 2 6 8 7 9 11];2025-11-24 06:51:28
23;0;14.120572;-1.153341;[0 2 6 5 7 1 9 3 11];2025-11-24 06:51:29
23;1;5.857560;-0.355920;[0 4 3 7 6 11];2025-11-24 06:51:29
24;0;14.003882;-0.617926;[0 2 4 3 1 7 5 11];2025-11-24 06:51:29
26;0;5.099020;-9999994.900980;[0 10 11];2025-11-24 06:51:30
26;1;2.549510;-9999997.450490;[0 10 11];2025-11-24 06:51:30
27;0;3.046309;-9999994.404181;[0 1 11];2025-11-24 06:51:30
27;1;2.814150;-9999997.185850;[0 1 10 11];2025-11-24 06:51:31
28;0;4.558156;-9999992.627694;[0 6 2 11];2025-11-24 06:51:31
28;1;4.580454;-9999995.419546;[0 2 1 10 11];2025-11-24 06:51:31
29;0;4.472136;-9999990.947410;[0 3 11];2025-11-24 06:51:32
29;1;5.352958;-9999994.382402;[0 2 3 10 11];2025-11-24 06:51:32
30;0;9.301551;-9999990.930608;[0 1 3 4 2 11];2025-11-24 06:51:32
30;1;4.279221;-9999992.906629;[0 2 4 3 11];2025-11-24 06:51:32
31;0;8.973891;-9999990.797860;[0 3 1 5 11];2025-11-24 06:51:33
31;1;3.402478;-9999992.550460;[0 1 5 11];2025-11-24 06:51:33
32;0;8.143310;-9999987.312829;[0 6 5 7 10 11];2025-11-24 06:51:33
32;1;3.150454;-9999989.756175;[0 6 5 7 11];2025-11-24 06:51:33
33;0;6.135754;-9999989.550111;[0 6 5 8 11];2025-11-24 06:51:34
33;1;3.067877;-9999992.617988;[0 6 5 8 11];2025-11-24 06:51:34
34;0;8.287356;-19999976.648932;[0 6 8 7 10 11];2025-11-24 06:51:34
34;1;5.304722;-19999981.397871;[0 10 7 8 6 2 11];2025-11-24 06:51:34
35;0;9.118500;-9999989.846574;[0 3 9 1 6 11];2025-11-24 06:51:35
35;1;3.519836;-9999992.653387;[0 1 9 3 11];2025-11-24 06:51:35
36;0;13.241036;-39999948.435148;[0 9 10 5 2 11];2025-11-24 06:51:35
36;1;5.795936;-29999966.180580;[0 2 9 10 11];2025-11-24 06:51:35
37;0;14.228365;-29999950.221415;[0 4 9 1 7 8 11];2025-11-24 06:51:36
37;1;6.130688;-29999949.547552;[0 4 9 7 11];2025-11-24 06:51:36
38;0;13.859101;-6249995.437436;[0 1 10 9 3 4 6 11];2025-11-24 06:51:36
38;1;5.626584;-3124997.316049;[0 4 6 10 11];2025-11-24 06:51:37
39;0;12.051170;-13333296.939185;[0 3 9 7 8 5 11];2025-11-24 06:51:37
39;1;4.808569;-6666646.322816;[0 3 7 8 11];2025-11-24 06:51:37
40;0;13.401525;-6438345.943893;[0 4 2 6 5 8 7 1 11];2025-11-24 06:51:38
40;1;5.735644;-1780819.630067;[0 4 2 8 7 11];2025-11-24 06:51:38
41;0;13.452795;-1935483.077365;[0 4 3 10 7 5 11];2025-11-24 06:51:38
41;1;5.376262;-967742.012352;[0 4 10 7 11];2025-11-24 06:51:38
42;0;13.355156;-3404252.117488;[0 5 8 10 1 4 11];2025-11-24 06:51:38
42;1;4.164276;-2340422.941103;[0 1 10 8 11];2025-11-24 06:51:38
43;0;12.315341;-1578947.330947;[0 5 8 10 9 3 11];2025-11-24 06:51:39
43;1;5.450324;-736840.774681;[0 6 2 3 9 11];2025-11-24 06:51:39
44;0;13.163613;-666665.577025;[0 3 1 10 7 5 6 2 11];2025-11-24 06:51:39
44;1;3.430719;-666664.377692;[0 1 5 6 11];2025-11-24 06:51:39
45;0;13.124425;-588230.518066;[0 6 5 8 1 3 4 11];2025-11-24 06:51:39
45;1;5.857560;-588229.764657;[0 4 3 7 6 11];2025-11-24 06:51:39
46;0;16.575925;-566034.225839;[0 1 9 10 8 6 2 4 11];2025-11-24 06:51:40
46;1;6.743669;-188676.826815;[0 2 6 8 7 9 11];2025-11-24 06:51:40
47;0;11.939358;-2.082024;[0 1 9 10 8 5 6 11];2025-11-24 06:51:40
47;1;4.761967;-1.223295;[0 1 4 2 6 11];2025-11-24 06:51:40
48;0;14.120572;-1.509261;[0 3 9 1 7 5 6 2 11];2025-11-24 06:51:40
49;0;15.572137;-1.379771;[0 8 10 9 3 4 2 11];2025-11-24 06:51:41
50;0;14.003882;-0.617926;[0 5 7 1 3 4 2 11];2025-11-24 06:51:41
51;1;5.147681;-0.142738;[0 6 7 10 9 11];2025-11-24 06:51:41
53;0;5.099020;-9999994.900980;[0 10 11];2025-11-24 06:51:42
53;1;2.549510;-9999997.450490;[0 10 11];2025-11-24 06:51:42
54;0;3.046309;-9999994.404181;[0 1 11];2025-11-24 06:51:42
54;1;2.814150;-9999997.185850;[0 1 10 11];2025-11-24 06:51:42
55;0;4.558156;-9999992.627694;[0 6 2 11];2025-11-24 06:51:42
55;1;4.580454;-9999995.419546;[0 2 1 10 11];2025-11-24 06:51:42
56;0;4.472136;-9999990.947410;[0 3 11];2025-11-24 06:51:43
56;1;5.352958;-9999994.382402;[0 2 3 10 11];2025-11-24 06:51:43
57;0;9.301551;-9999990.930608;[0 1 3 4 2 11];2025-11-24 06:51:43
57;1;4.279221;-9999992.906629;[0 2 4 3 11];2025-11-24 06:51:43
58;0;8.973891;-9999990.797860;[0 3 1 5 11];2025-11-24 06:51:43
58;1;3.402478;-9999992.550460;[0 1 5 11];2025-11-24 06:51:43
59;0;8.143310;-9999987.312829;[0 6 5 7 10 11];2025-11-24 06:51:44
59;1;3.150454;-9999989.756175;[0 6 5 7 11];2025-11-24 06:51:44
60;0;6.135754;-9999989.550111;[0 6 5 8 11];2025-11-24 06:51:44
60;1;3.067877;-9999992.617988;[0 6 5 8 11];2025-11-24 06:51:44
61;0;8.287356;-19999976.648932;[0 6 8 7 10 11];2025-11-24 06:51:44
61;1;5.304722;-19999981.397871;[0 10 7 8 6 2 11];2025-11-24 06:51:44
62;0;9.118500;-9999989.846574;[0 3 9 1 6 11];2025-11-24 06:51:45
62;1;3.519836;-9999992.653387;[0 1 9 3 11];2025-11-24 06:51:45
63;0;13.241036;-39999948.435148;[0 9 10 5 2 11];2025-11-24 06:51:45
63;1;5.795936;-29999966.180580;[0 2 9 10 11];2025-11-24 06:51:45
64;0;14.228365;-29999950.221415;[0 4 9 1 7 8 11];2025-11-24 06:51:45
64;1;6.130688;-29999949.547552;[0 4 9 7 11];2025-11-24 06:51:45
65;0;13.859101;-6249995.437436;[0 1 10 9 3 4 6 11];2025-11-24 06:51:46
65;1;5.626584;-3124997.316049;[0 4 6 10 11];2025-11-24 06:51:46
66;0;12.051170;-13333296.939185;[0 3 9 7 8 5 11];2025-11-24 06:51:46
66;1;4.808569;-6666646.322816;[0 3 7 8 11];2025-11-24 06:51:46
67;0;13.401525;-6438345.943893;[0 4 2 6 5 8 7 1 11];2025-11-24 06:51:46
67;1;5.735644;-1780819.630067;[0 4 2 8 7 11];2025-11-24 06:51:46
68;0;13.452795;-1935483.077365;[0 4 3 10 7 5 11];2025-11-24 06:51:47
68;1;5.376262;-967742.012352;[0 4 10 7 11];2025-11-24 06:51:47
69;0;13.355156;-3404252.117488;[0 4 1 10 8 5 11];2025-11-24 06:51:47
69;1;4.164276;-2340422.941103;[0 1 10 8 11];2025-11-24 06:51:47
70;0;12.315341;-1578947.330947;[0 3 9 10 8 5 11];2025-11-24 06:51:47
70;1;5.450324;-736840.774681;[0 6 2 3 9 11];2025-11-24 06:51:47
71;0;13.163613;-666665.577025;[0 3 1 10 7 5 6 2 11];2025-11-24 06:51:48
71;1;3.430719;-666664.377692;[0 1 5 6 11];2025-11-24 06:51:48
72;0;13.124425;-588230.518066;[0 6 5 8 1 3 4 11];2025-11-24 06:51:48
72;1;5.857560;-588229.764657;[0 4 3 7 6 11];2025-11-24 06:51:48
73;0;16.575925;-566034.225839;[0 1 9 10 8 6 2 4 11];2025-11-24 06:51:48
73;1;6.743669;-188676.826815;[0 2 6 8 7 9 11];2025-11-24 06:51:48
74;0;11.939358;-2.082024;[0 1 9 10 8 5 6 11];2025-11-24 06:51:48
74;1;4.761967;-1.223295;[0 1 4 2 6 11];2025-11-24 06:51:48
75;0;14.120572;-1.509261;[0 3 9 1 7 5 6 2 11];2025-11-24 06:51:49
76;0;15.572137;-1.379771;[0 8 10 9 3 4 2 11];2025-11-24 06:51:49
77;0;14.069797;-0.552012;[0 1 3 4 2 5 7 11];2025-11-24 06:51:49
78;1;5.147681;-0.076823;[0 6 7 10 9 11];2025-11-24 06:51:50
80;0;5.099020;-9999994.900980;[0 10 11];2025-11-24 06:51:50
80;1;2.549510;-9999997.450490;[0 10 11];2025-11-24 06:51:50
81;0;3.046309;-9999994.404181;[0 1 11];2025-11-24 06:51:51
81;1;2.814150;-9999997.185850;[0 1 10 11];2025-11-24 06:51:51
82;0;4.558156;-9999992.627694;[0 6 2 11];2025-11-24 06:51:51
82;1;4.580454;-9999995.419546;[0 2 1 10 11];2025-11-24 06:51:51
83;0;5.215245;-9999990.468941;[0 1 3 11];2025-11-24 06:51:51
83;1;5.352958;-9999994.382402;[0 2 3 10 11];2025-11-24 06:51:51
84;0;9.301551;-9999990.105669;[0 1 3 4 2 11];2025-11-24 06:51:52
84;1;4.279221;-9999992.906629;[0 2 4 3 11];2025-11-24 06:51:52
85;0;6.804956;-9999989.147982;[0 1 5 11];2025-11-24 06:51:52
85;1;3.402478;-9999992.550460;[0 1 5 11];2025-11-24 06:51:52
86;0;8.974056;-9999988.791648;[0 6 7 1 3 11];2025-11-24 06:51:52
86;1;5.648072;-9999993.883937;[0 2 6 7 1 3 11];2025-11-24 06:51:52
87;0;12.716530;-9999994.610773;[0 4 3 1 8 6 11];2025-11-24 06:51:52
87;1;5.136051;-9999996.976008;[0 4 6 8 11];2025-11-24 06:51:52
88;0;10.745344;-19999986.476758;[0 6 5 7 10 3 11];2025-11-24 06:51:53
88;1;3.150454;-19999985.392707;[0 6 5 7 11];2025-11-24 06:51:53
89;0;11.939358;-9999985.704867;[0 1 9 10 8 5 6 11];2025-11-24 06:51:53
89;1;5.450324;-9999989.032724;[0 6 2 3 9 11];2025-11-24 06:51:53
90;0;9.168050;-19999967.138652;[0 1 10 7 8 5 11];2025-11-24 06:51:53
90;1;3.398184;-19999970.094369;[0 5 8 7 11];2025-11-24 06:51:53
91;0;13.826524;-34999944.337809;[0 7 1 9 4 2 11];2025-11-24 06:51:54
91;1;6.130688;-34999947.221032;[0 4 9 7 11];2025-11-24 06:51:54
92;0;16.060221;-9999984.661586;[0 6 8 7 10 9 4 2 11];2025-11-24 06:51:54
92;1;5.304722;-5000000.807765;[0 2 6 8 7 10 11];2025-11-24 06:51:54
93;0;12.794279;-6999990.505052;[0 1 3 9 7 8 5 11];2025-11-24 06:51:54
93;1;4.820003;-2799994.354418;[0 3 1 7 8 11];2025-11-24 06:51:54
94;0;12.869684;-5535709.402233;[0 6 5 7 10 1 4 11];2025-11-24 06:51:55
94;1;5.501107;-2857141.989771;[0 4 1 7 6 11];2025-11-24 06:51:55
95;0;13.464742;-2500002.223772;[0 1 9 10 7 5 2 11];2025-11-24 06:51:55
95;1;4.184123;-1500001.352991;[0 2 5 7 11];2025-11-24 06:51:55
96;0;13.371618;-1333336.766438;[0 4 3 9 1 10 7 11];2025-11-24 06:51:55
96;1;3.898617;-666667.799320;[0 3 1 10 11];2025-11-24 06:51:55
97;0;11.829868;-652174.171685;[0 6 5 7 10 9 3 11];2025-11-24 06:51:55
97;1;5.857560;-217390.603263;[0 4 3 7 6 11];2025-11-24 06:51:55
98;0;13.401525;-781250.498623;[0 4 2 6 5 8 7 1 11];2025-11-24 06:51:56
98;1;4.761967;-468749.915774;[0 1 4 2 6 11];2025-11-24 06:51:56
99;0;15.572137;-441170.942607;[0 8 10 9 3 4 2 11];2025-11-24 06:51:56
99;1;5.735644;-147057.924568;[0 4 2 8 7 11];2025-11-24 06:51:56
100;0;14.069797;-181817.944870;[0 1 3 4 2 5 7 11];2025-11-24 06:51:56
100;1;5.059051;-181816.893029;[0 3 1 7 8 6 11];2025-11-24 06:51:56
101;0;14.620906;-0.619993;[0 1 3 9 7 5 6 2 11];2025-11-24 06:51:57
101;1;6.743669;-0.163078;[0 2 6 8 7 9 11];2025-11-24 06:51:57
102;1;5.147681;-0.104825;[0 6 7 10 9 11];2025-11-24 06:51:57
104;0;5.099020;-9999994.900980;[0 10 11];2025-11-24 06:51:58
104;1;2.549510;-9999997.450490;[0 10 11];2025-11-24 06:51:58
105;0;5.628299;-9999994.371701;[0 10 1 11];2025-11-24 06:51:58
105;1;2.814150;-9999997.185850;[0 1 10 11];2025-11-24 06:51:58
106;0;4.558156;-9999992.627694;[0 6 2 11];2025-11-24 06:51:58
106;1;4.580454;-9999995.419546;[0 2 1 10 11];2025-11-24 06:51:58
107;0;7.797235;-9999990.436461;[0 10 1 3 11];2025-11-24 06:51:58
107;1;5.352958;-9999994.382402;[0 2 3 10 11];2025-11-24 06:51:58
108;0;7.979177;-9999991.650950;[0 4 3 1 11];2025-11-24 06:51:59
108;1;4.279221;-9999992.906629;[0 2 4 3 11];2025-11-24 06:51:59
109;0;9.030372;-9999993.069923;[0 6 5 1 3 11];2025-11-24 06:51:59
109;1;3.430719;-9999993.686492;[0 1 5 6 11];2025-11-24 06:51:59
110;0;7.143310;-9999987.938601;[0 6 7 10 11];2025-11-24 06:51:59
110;1;4.732699;-9999992.115517;[0 2 6 7 10 11];2025-11-24 06:51:59
111;0;10.118102;-9999997.403614;[0 6 8 7 1 3 11];2025-11-24 06:51:59
111;1;5.059051;-10000002.462665;[0 3 1 7 8 6 11];2025-11-24 06:52:00
112;0;8.203092;-19999974.828091;[0 8 5 2 11];2025-11-24 06:52:00
112;1;3.039636;-16666648.633530;[0 5 8 11];2025-11-24 06:52:00
113;0;11.963926;-9999986.980078;[0 6 8 10 9 3 11];2025-11-24 06:52:00
113;1;6.718516;-9999989.955157;[0 2 6 8 9 11];2025-11-24 06:52:00
114;0;12.383069;-23999952.355801;[0 9 3 1 7 5 11];2025-11-24 06:52:00
114;1;4.748722;-19999962.155870;[0 3 9 7 11];2025-11-24 06:52:00
115;0;14.505935;-39999917.406792;[0 4 9 1 7 5 11];2025-11-24 06:52:01
115;1;6.130688;-34999934.854861;[0 4 9 7 11];2025-11-24 06:52:01
116;0;13.851111;-12656226.820153;[0 4 2 6 8 10 1 11];2025-11-24 06:52:01
116;1;5.386161;-8593734.956105;[0 4 2 6 8 11];2025-11-24 06:52:01
117;0;14.302148;-6249981.309171;[0 6 5 8 7 10 3 2 11];2025-11-24 06:52:01
117;1;4.872672;-1874995.159366;[0 6 7 10 3 11];2025-11-24 06:52:01
118;0;11.939358;-2526314.288323;[0 6 5 8 10 9 1 11];2025-11-24 06:52:01
118;1;4.403324;-1578945.172479;[0 1 10 8 6 11];2025-11-24 06:52:02
119;0;15.773153;-3999995.352146;[0 9 3 1 10 7 8 6 2 11];2025-11-24 06:52:02
119;1;6.184286;-2000000.277426;[0 1 9 7 2 11];2025-11-24 06:52:02
120;0;14.593782;-1538464.713576;[0 8 7 10 1 3 4 2 11];2025-11-24 06:52:02
120;1;4.169270;-1538463.886006;[0 1 10 7 8 11];2025-11-24 06:52:02
121;0;11.829868;-666667.943621;[0 6 5 7 10 9 3 11];2025-11-24 06:52:02
121;1;3.519836;-666664.078862;[0 1 9 3 11];2025-11-24 06:52:02
122;0;14.761638;-645161.986156;[0 9 3 1 7 5 6 2 11];2025-11-24 06:52:03
122;1;4.761967;-4.763901;[0 1 4 2 6 11];2025-11-24 06:52:03
123;0;13.878630;-588236.531496;[0 7 8 5 2 4 3 11];2025-11-24 06:52:03
123;1;3.398184;-588236.587430;[0 5 8 7 11];2025-11-24 06:52:03
124;0;13.729726;-196077.459710;[0 4 2 6 5 8 10 11];2025-11-24 06:52:03
124;1;5.857560;-196075.979290;[0 4 3 7 6 11];2025-11-24 06:52:03
125;0;15.572137;-277774.529675;[0 8 10 9 3 4 2 11];2025-11-24 06:52:04
125;1;5.735644;-1.386903;[0 4 2 8 7 11];2025-11-24 06:52:04
126;0;14.069797;-363632.641476;[0 7 5 2 4 3 1 11];2025-11-24 06:52:04
126;1;5.376262;-181815.647304;[0 4 10 7 11];2025-11-24 06:52:04
127;0;13.846387;-1.139245;[0 6 5 7 10 1 3 2 11];2025-11-24 06:52:04
127;1;5.304722;-1.346758;[0 2 6 8 7 10 11];2025-11-24 06:52:04
128;1;5.147681;-0.759597;[0 6 7 10 9 11];2025-11-24 06:52:04
130;0;5.099020;-9999994.900980;[0 10 11];2025-11-24 06:52:05
130;1;2.549510;-9999997.450490;[0 10 11];2025-11-24 06:52:05
131;0;5.628299;-9999994.371701;[0 10 1 11];2025-11-24 06:52:05
131;1;2.814150;-9999997.185850;[0 1 10 11];2025-11-24 06:52:05
132;0;8.678482;-9999991.056878;[0 10 2 11];2025-11-24 06:52:06
132;1;4.580454;-9999995.419546;[0 2 1 10 11];2025-11-24 06:52:06
133;0;7.797235;-9999990.436461;[0 10 1 3 11];2025-11-24 06:52:06
133;1;5.352958;-9999994.382402;[0 2 3 10 11];2025-11-24 06:52:06
134;0;7.979177;-9999991.650950;[0 4 3 1 11];2025-11-24 06:52:06
134;1;4.279221;-9999992.906629;[0 2 4 3 11];2025-11-24 06:52:06
135;0;10.930058;-9999991.170237;[0 8 5 1 3 11];2025-11-24 06:52:06
135;1;3.402478;-9999993.714732;[0 1 5 11];2025-11-24 06:52:06
136;0;9.759567;-9999993.148832;[0 9 3 1 6 11];2025-11-24 06:52:07
136;1;4.589131;-10000000.085572;[0 1 3 2 6 11];2025-11-24 06:52:07
137;0;8.143310;-9999987.312829;[0 10 7 5 6 11];2025-11-24 06:52:07
137;1;3.150454;-9999989.756175;[0 6 5 7 11];2025-11-24 06:52:07
138;0;11.464433;-19999981.856781;[0 8 7 1 9 3 11];2025-11-24 06:52:07
138;1;5.394598;-19999982.943532;[0 1 9 7 8 11];2025-11-24 06:52:07
139;0;10.679997;-29999947.904068;[0 8 5 6 4 11];2025-11-24 06:52:07
139;1;5.136051;-29999950.310176;[0 4 6 8 11];2025-11-24 06:52:07
140;0;13.241036;-79999847.197915;[0 9 10 5 2 11];2025-11-24 06:52:08
140;1;5.795936;-49999911.358173;[0 10 9 2 11];2025-11-24 06:52:08
141;0;15.441867;-9999966.978804;[0 4 2 6 7 10 9 1 11];2025-11-24 06:52:08
141;1;4.761967;-3999985.610855;[0 6 2 4 1 11];2025-11-24 06:52:08
142;0;14.727858;-6666654.912383;[0 4 3 9 10 8 6 11];2025-11-24 06:52:08
142;1;5.200653;-3333327.342812;[0 3 10 8 11];2025-11-24 06:52:08
143;0;13.878630;-8235278.103952;[0 7 8 5 2 4 3 11];2025-11-24 06:52:09
143;1;5.735644;-4117639.859876;[0 4 2 8 7 11];2025-11-24 06:52:09
144;0;13.210838;-4285708.323639;[0 9 3 10 7 5 6 11];2025-11-24 06:52:09
144;1;3.519836;-1428570.335720;[0 1 9 3 11];2025-11-24 06:52:09
145;0;13.095636;-4999992.137294;[0 10 1 8 5 6 2 11];2025-11-24 06:52:09
145;1;3.067877;-2916662.991792;[0 6 5 8 11];2025-11-24 06:52:09
146;0;13.355156;-1393443.173239;[0 4 1 10 8 5 11];2025-11-24 06:52:09
146;1;4.169270;-409837.969539;[0 1 10 7 8 11];2025-11-24 06:52:09
147;0;15.773153;-1111106.551179;[0 9 3 1 10 7 8 6 2 11];2025-11-24 06:52:10
147;1;6.128279;-683757.868626;[0 2 8 1 3 11];2025-11-24 06:52:10
148;0;15.881779;-673076.448404;[0 8 5 6 2 4 9 11];2025-11-24 06:52:10
148;1;6.743669;-288461.333222;[0 2 6 8 7 9 11];2025-11-24 06:52:10
149;0;14.198785;-312499.721960;[0 9 1 10 7 5 2 11];2025-11-24 06:52:10
149;1;5.304722;-0.584181;[0 2 6 8 7 10 11];2025-11-24 06:52:10
150;0;13.124425;-204081.089574;[0 4 3 1 8 5 6 11];2025-11-24 06:52:11
150;1;5.059051;-204079.676971;[0 3 1 7 8 6 11];2025-11-24 06:52:11
151;0;13.371618;-196079.406099;[0 4 3 9 1 10 7 11];2025-11-24 06:52:11
151;1;5.147681;-196077.829762;[0 6 7 10 9 11];2025-11-24 06:52:11
152;0;13.607890;-277776.814388;[0 8 5 10 9 3 11];2025-11-24 06:52:11
152;1;3.398184;-0.749138;[0 5 8 7 11];2025-11-24 06:52:11
153;0;15.572137;-175437.612110;[0 8 10 9 3 4 2 11];2025-11-24 06:52:11
154;0;12.673400;-1.044022;[0 9 1 10 8 5 6 11];2025-11-24 06:52:12
155;0;14.761638;-0.896196;[0 9 3 1 7 5 6 2 11];2025-11-24 06:52:12
156;0;14.069797;-0.580013;[0 7 5 2 4 3 1 11];2025-11-24 06:52:12
158;0;5.628299;-9999994.371701;[0 10 1 11];2025-11-24 06:52:13
158;1;1.523155;-9999998.476845;[0 1 11];2025-11-24 06:52:13
159;0;7.546234;-9999990.930611;[0 7 2 11];2025-11-24 06:52:13
159;1;3.289459;-9999996.710541;[0 1 2 11];2025-11-24 06:52:13
160;0;7.680739;-9999990.552957;[0 9 3 1 11];2025-11-24 06:52:13
160;1;4.110053;-9999995.889947;[0 1 3 2 11];2025-11-24 06:52:13
161;0;11.883541;-9999988.116459;[0 10 1 3 4 2 11];2025-11-24 06:52:14
161;1;4.282889;-9999994.896517;[0 1 4 2 11];2025-11-24 06:52:14
162;0;13.620002;-9999989.950683;[0 8 5 4 3 1 11];2025-11-24 06:52:14
162;1;4.284811;-9999991.432300;[0 3 5 11];2025-11-24 06:52:14
163;0;13.844928;-9999988.597823;[0 9 8 5 6 2 11];2025-11-24 06:52:14
163;1;6.718516;-9999992.260017;[0 2 6 8 9 11];2025-11-24 06:52:14
164;0;12.460034;-19999964.414124;[0 7 1 3 4 6 11];2025-11-24 06:52:14
164;1;5.857560;-19999969.493442;[0 4 3 7 6 11];2025-11-24 06:52:14
165;0;14.259750;-38333229.450872;[0 8 7 10 9 4 11];2025-11-24 06:52:15
165;1;6.130688;-29999920.298408;[0 4 9 7 11];2025-11-24 06:52:15
166;0;12.709199;-9999982.095531;[0 10 1 7 5 6 2 11];2025-11-24 06:52:15
166;1;4.958958;-7499986.449190;[0 1 10 7 2 11];2025-11-24 06:52:15
167;0;15.273340;-13799974.402416;[0 10 9 4 6 5 11];2025-11-24 06:52:15
167;1;4.930489;-10599980.526937;[0 9 10 6 11];2025-11-24 06:52:15
168;0;14.761638;-5147049.293727;[0 9 3 1 7 5 6 2 11];2025-11-24 06:52:16
168;1;5.277855;-2941170.454647;[0 3 9 7 6 11];2025-11-24 06:52:16
169;0;14.894338;-5567000.612932;[0 10 7 8 5 6 2 3 11];2025-11-24 06:52:16
169;1;5.200653;-3814425.513247;[0 3 10 8 11];2025-11-24 06:52:16
170;0;17.309967;-2631573.554362;[0 9 1 10 8 6 2 4 11];2025-11-24 06:52:16
170;1;4.403324;-526317.328569;[0 1 10 8 6 11];2025-11-24 06:52:16
171;0;12.741211;-444443.002633;[0 8 5 7 10 1 3 11];2025-11-24 06:52:17
171;1;4.169270;-444443.211152;[0 1 10 7 8 11];2025-11-24 06:52:17
172;0;14.069797;-612242.474487;[0 7 5 2 4 3 1 11];2025-11-24 06:52:17
172;1;5.735644;-408162.897451;[0 4 2 8 7 11];2025-11-24 06:52:17
173;0;15.572137;-277778.857297;[0 8 10 9 3 4 2 11];2025-11-24 06:52:17
173;1;3.519836;-3.196646;[0 1 9 3 11];2025-11-24 06:52:17
174;0;13.659174;-350878.620504;[0 8 5 6 4 3 1 11];2025-11-24 06:52:17
174;1;5.059051;-175438.803453;[0 3 1 7 8 6 11];2025-11-24 06:52:17
175;0;13.729726;-129873.010646;[0 10 8 5 6 2 4 11];2025-11-24 06:52:18
175;1;5.816524;-129873.708030;[0 2 6 10 3 11];2025-11-24 06:52:18
176;0;13.607890;-2.967529;[0 8 5 10 9 3 11];2025-11-24 06:52:18
176;1;3.398184;-2.192172;[0 5 8 7 11];2025-11-24 06:52:18
177;0;14.198785;-1.041823;[0 9 1 10 7 5 2 11];2025-11-24 06:52:18
177;1;5.147681;-1.880691;[0 6 7 10 9 11];2025-11-24 06:52:18
178;0;12.673400;-1.114762;[0 9 1 10 8 5 6 11];2025-11-24 06:52:19
178;1;5.394598;-0.399482;[0 1 9 7 8 11];2025-11-24 06:52:19
179;1;4.279221;-0.296941;[0 2 4 3 11];2025-11-24 06:52:19
180;1;5.304722;-0.100776;[0 2 6 8 7 10 11];2025-11-24 06:52:19
182;0;5.628299;-9999994.371701;[0 10 1 11];2025-11-24 06:52:20
182;1;1.523155;-9999998.476845;[0 1 11];2025-11-24 06:52:20
183;0;7.546234;-9999990.930611;[0 7 2 11];2025-11-24 06:52:20
183;1;3.289459;-9999996.710541;[0 1 2 11];2025-11-24 06:52:20
184;0;7.797235;-9999990.436461;[0 10 1 3 11];2025-11-24 06:52:20
184;1;4.110053;-9999995.889947;[0 1 3 2 11];2025-11-24 06:52:20
185;0;11.883541;-9999988.116459;[0 10 1 3 4 2 11];2025-11-24 06:52:20
185;1;4.282889;-9999994.896517;[0 1 4 2 11];2025-11-24 06:52:20
186;0;13.620002;-9999990.067179;[0 8 5 4 3 1 11];2025-11-24 06:52:20
186;1;4.284811;-9999991.432300;[0 3 5 11];2025-11-24 06:52:21
187;0;11.007351;-9999994.540415;[0 10 8 5 6 2 11];2025-11-24 06:52:21
187;1;5.299728;-9999996.783821;[0 2 6 8 10 11];2025-11-24 06:52:21
188;0;12.081219;-29999935.784051;[0 7 6 4 3 11];2025-11-24 06:52:21
188;1;5.857560;-29999942.007710;[0 4 3 7 6 11];2025-11-24 06:52:21
189;0;12.238927;-9999984.607562;[0 8 7 10 9 3 1 11];2025-11-24 06:52:21
189;1;5.394598;-9999983.851238;[0 1 9 7 8 11];2025-11-24 06:52:21
190;0;14.868961;-37499929.886200;[0 7 5 6 2 9 1 11];2025-11-24 06:52:21
190;1;5.402061;-22499954.899982;[0 1 9 2 6 11];2025-11-24 06:52:21
191;0;15.234168;-44999938.800457;[0 10 9 4 5 11];2025-11-24 06:52:22
191;1;6.130688;-29999960.109975;[0 4 9 7 11];2025-11-24 06:52:22
192;0;15.517429;-7999968.942898;[0 7 8 5 6 2 3 9 11];2025-11-24 06:52:22
192;1;5.450324;-5999975.003893;[0 6 2 3 9 11];2025-11-24 06:52:22
193;0;14.435046;-4827569.930075;[0 7 10 1 3 2 5 11];2025-11-24 06:52:22
193;1;4.958958;-4137917.214180;[0 2 7 10 1 11];2025-11-24 06:52:22
194;0;16.876146;-4146333.107503;[0 8 7 10 1 9 4 6 11];2025-11-24 06:52:22
194;1;4.761967;-1463413.128448;[0 1 4 2 6 11];2025-11-24 06:52:22
195;0;15.572137;-833331.306544;[0 8 10 9 3 4 2 11];2025-11-24 06:52:23
195;1;5.304722;-416666.959654;[0 2 6 8 7 10 11];2025-11-24 06:52:23
196;0;13.498363;-1217391.899246;[0 10 9 1 8 5 6 11];2025-11-24 06:52:23
196;1;3.430719;-608696.005407;[0 1 5 6 11];2025-11-24 06:52:23
197;0;14.069797;-495868.272149;[0 7 5 2 4 3 1 11];2025-11-24 06:52:23
197;1;3.398184;-247934.726123;[0 5 8 7 11];2025-11-24 06:52:23
198;0;14.491527;-105262.297130;[0 7 10 1 3 2 5 6 11];2025-11-24 06:52:23
198;1;3.898617;-210527.187641;[0 3 1 10 11];2025-11-24 06:52:23
199;0;13.729726;-1.543291;[0 10 8 5 6 2 4 11];2025-11-24 06:52:24
199;1;5.147681;-1.404737;[0 6 7 10 9 11];2025-11-24 06:52:24
200;0;13.659174;-0.549068;[0 8 5 6 4 3 1 11];2025-11-24 06:52:24
200;1;3.519836;-1.199573;[0 1 9 3 11];2025-11-24 06:52:24
201;0;15.067529;-0.701392;[0 7 5 6 2 3 9 1 11];2025-11-24 06:52:24
201;1;6.743669;-0.581417;[0 2 6 8 7 9 11];2025-11-24 06:52:24
202;1;5.059051;-0.175119;[0 3 1 7 8 6 11];2025-11-24 06:52:24
205;0;5.628299;-9999994.371701;[0 10 1 11];2025-11-24 06:52:25
205;1;1.523155;-9999998.476845;[0 1 11];2025-11-24 06:52:25
206;0;7.546234;-9999990.930611;[0 7 2 11];2025-11-24 06:52:25
206;1;3.289459;-9999996.710541;[0 1 2 11];2025-11-24 06:52:25
207;0;7.797235;-9999990.436461;[0 10 1 3 11];2025-11-24 06:52:25
207;1;4.110053;-9999995.889947;[0 1 3 2 11];2025-11-24 06:52:25
208;0;11.883541;-9999988.116459;[0 10 1 3 4 2 11];2025-11-24 06:52:26
208;1;4.282889;-9999994.896517;[0 1 4 2 11];2025-11-24 06:52:26
209;0;13.785155;-9999989.902026;[0 7 5 4 3 1 11];2025-11-24 06:52:26
209;1;4.284811;-9999991.432300;[0 3 5 11];2025-11-24 06:52:26
210;0;8.143310;-9999985.404866;[0 10 7 5 6 11];2025-11-24 06:52:26
210;1;4.872672;-9999988.728563;[0 6 7 10 3 11];2025-11-24 06:52:26
211;0;10.762590;-9999990.817805;[0 10 7 8 5 2 11];2025-11-24 06:52:26
211;1;5.295658;-9999991.205731;[0 2 8 7 10 11];2025-11-24 06:52:26
212;0;15.800788;-17142824.966719;[0 10 8 6 4 3 1 11];2025-11-24 06:52:26
212;1;4.976299;-17142828.017721;[0 3 1 8 6 11];2025-11-24 06:52:26
213;0;13.371618;-9999982.112486;[0 7 10 1 9 3 4 11];2025-11-24 06:52:26
213;1;3.519836;-9999982.507784;[0 1 9 3 11];2025-11-24 06:52:26
214;0;16.046932;-24999944.902969;[0 7 5 6 2 4 9 11];2025-11-24 06:52:27
214;1;5.450324;-14999972.866091;[0 6 2 3 9 11];2025-11-24 06:52:27
215;0;15.234168;-18333290.472870;[0 10 9 4 5 11];2025-11-24 06:52:27
215;1;4.125536;-13333299.668082;[0 9 10 11];2025-11-24 06:52:27
216;0;14.490330;-3749990.476862;[0 10 9 1 5 6 2 11];2025-11-24 06:52:27
216;1;4.780146;-2499993.400568;[0 1 10 6 2 11];2025-11-24 06:52:27
217;0;13.878630;-3409082.606394;[0 7 8 5 2 4 3 11];2025-11-24 06:52:27
217;1;6.128279;-2499990.118209;[0 2 8 1 3 11];2025-11-24 06:52:27
218;0;15.648755;-1315789.601116;[0 7 5 6 4 9 1 11];2025-11-24 06:52:27
218;1;3.398184;-1447371.043923;[0 5 8 7 11];2025-11-24 06:52:27
219;0;18.125435;-1034485.980525;[0 10 8 6 2 4 9 1 11];2025-11-24 06:52:27
219;1;5.386161;-689660.537127;[0 4 2 6 8 11];2025-11-24 06:52:28
220;0;14.491527;-555554.627347;[0 7 10 1 3 2 5 6 11];2025-11-24 06:52:28
220;1;4.761967;-277779.050046;[0 1 4 2 6 11];2025-11-24 06:52:28
221;0;15.273340;-461539.386370;[0 10 9 4 6 5 11];2025-11-24 06:52:28
221;1;5.857560;-461534.200325;[0 4 3 7 6 11];2025-11-24 06:52:28
222;0;17.303703;-289854.811057;[0 10 9 3 4 2 8 11];2025-11-24 06:52:28
222;1;5.376262;-362316.689129;[0 4 10 7 11];2025-11-24 06:52:28
223;0;15.067529;-151515.170701;[0 7 5 6 2 3 9 1 11];2025-11-24 06:52:28
223;1;6.130688;-151514.992278;[0 4 9 7 11];2025-11-24 06:52:28
224;0;14.069797;-263152.268522;[0 7 5 2 4 3 1 11];2025-11-24 06:52:28
224;1;4.169270;-1.145800;[0 1 10 7 8 11];2025-11-24 06:52:28
225;0;13.729726;-3.048620;[0 10 8 5 6 2 4 11];2025-11-24 06:52:29
225;1;5.059051;-1.883116;[0 3 1 7 8 6 11];2025-11-24 06:52:29
226;0;14.508344;-1.606470;[0 10 9 3 8 5 11];2025-11-24 06:52:29
226;1;5.147681;-1.226314;[0 6 7 10 9 11];2025-11-24 06:52:29
227;0;13.498363;-0.187829;[0 10 9 1 8 5 6 11];2025-11-24 06:52:29
227;1;5.394598;-0.755411;[0 1 9 7 8 11];2025-11-24 06:52:29
228;1;5.735644;-0.457899;[0 4 2 8 7 11];2025-11-24 06:52:29
230;0;5.746855;-9999994.253145;[0 7 1 11];2025-11-24 06:52:29
230;1;1.523155;-9999998.476845;[0 1 11];2025-11-24 06:52:29
231;0;7.546234;-9999990.930611;[0 7 2 11];2025-11-24 06:52:30
231;1;3.289459;-9999996.710541;[0 1 2 11];2025-11-24 06:52:30
232;0;7.915790;-9999990.317905;[0 7 1 3 11];2025-11-24 06:52:30
232;1;4.110053;-9999995.889947;[0 1 3 2 11];2025-11-24 06:52:30
233;0;12.002097;-9999987.997903;[0 7 1 3 4 2 11];2025-11-24 06:52:30
233;1;4.282889;-9999994.896517;[0 1 4 2 11];2025-11-24 06:52:30
234;0;13.785155;-9999990.020581;[0 7 5 4 3 1 11];2025-11-24 06:52:30
234;1;4.284811;-9999991.432300;[0 3 5 11];2025-11-24 06:52:30
235;0;12.460034;-9999990.630090;[0 7 1 3 4 6 11];2025-11-24 06:52:30
235;1;4.508190;-9999994.235342;[0 3 4 6 11];2025-11-24 06:52:30
236;0;8.622995;-19999970.349271;[0 7 5 6 2 11];2025-11-24 06:52:30
236;1;3.151703;-19999969.438718;[0 6 5 2 11];2025-11-24 06:52:30
237;0;8.920187;-9999997.119773;[0 7 8 5 2 11];2025-11-24 06:52:30
237;1;3.039636;-9999993.210799;[0 5 8 11];2025-11-24 06:52:30
238;0;13.200775;-9999986.477053;[0 7 8 5 6 1 9 11];2025-11-24 06:52:30
238;1;5.608493;-9999984.225873;[0 1 9 8 6 11];2025-11-24 06:52:31
239;0;14.491527;-9999983.171451;[0 7 10 1 3 2 5 6 11];2025-11-24 06:52:31
239;1;5.816524;-9999980.565720;[0 2 6 10 3 11];2025-11-24 06:52:31
240;0;13.857909;-19999969.014185;[0 7 10 9 3 4 2 11];2025-11-24 06:52:31
240;1;5.795936;-14999974.089264;[0 2 9 10 11];2025-11-24 06:52:31
241;0;15.300889;-34999931.819873;[0 7 8 10 1 3 4 2 11];2025-11-24 06:52:31
241;1;5.386161;-24999949.581737;[0 8 6 2 4 11];2025-11-24 06:52:31
242;0;14.535248;-24999954.467831;[0 7 10 1 4 6 5 11];2025-11-24 06:52:31
242;1;5.626584;-19999963.390644;[0 4 6 10 11];2025-11-24 06:52:31
243;0;13.471581;-9999982.933809;[0 7 8 5 1 9 3 11];2025-11-24 06:52:31
243;1;3.519836;-4.375625;[0 3 9 1 11];2025-11-24 06:52:31
244;0;14.069797;-8333315.843905;[0 7 5 2 4 3 1 11];2025-11-24 06:52:31
244;1;4.279221;-4999990.032201;[0 3 4 2 11];2025-11-24 06:52:31
245;0;14.816065;-6666652.483784;[0 7 10 9 3 4 2 6 11];2025-11-24 06:52:31
245;1;5.450324;-3333324.980294;[0 6 2 3 9 11];2025-11-24 06:52:31
246;0;13.336642;-1.969837;[0 7 8 5 10 1 3 11];2025-11-24 06:52:32
246;1;3.067877;-2.323874;[0 6 5 8 11];2025-11-24 06:52:32
247;0;14.140715;-1.036021;[0 7 8 5 6 2 4 1 11];2025-11-24 06:52:32
247;1;4.761967;-9999979.220808;[0 1 4 2 6 11];2025-11-24 06:52:32
248;0;13.371618;-1.885746;[0 7 10 1 9 3 4 11];2025-11-24 06:52:32
248;1;3.898617;-1.243634;[0 3 1 10 11];2025-11-24 06:52:32
249;1;4.403324;-0.248196;[0 6 8 10 1 11];2025-11-24 06:52:32
-1;0;5.099020;-9999994.900980;[0 10 11];2025-11-25 11:14:57
-1;1;2.549510;-9999997.450490;[0 10 11];2025-11-25 11:14:57
0;0;3.046309;-9999994.404181;[0 1 11];2025-11-25 11:15:02
0;1;2.814150;-9999997.185850;[0 1 10 11];2025-11-25 11:15:02
1;0;3.600000;-9999993.585850;[0 2 11];2025-11-25 11:15:11
1;1;4.580454;-9999995.419546;[0 2 1 10 11];2025-11-25 11:15:11
2;0;4.472136;-9999990.947410;[0 3 11];2025-11-25 11:15:16
2;1;5.352958;-9999994.382402;[0 2 3 10 11];2025-11-25 11:15:17
3;0;9.301551;-9999990.930608;[0 1 3 4 2 11];2025-11-25 11:15:23
3;1;4.279221;-9999992.906629;[0 2 4 3 11];2025-11-25 11:15:24
4;0;8.973891;-9999990.797860;[0 3 1 5 11];2025-11-25 11:15:29
4;1;3.402478;-9999992.550460;[0 1 5 11];2025-11-25 11:15:29
5;0;4.179587;-9999988.727042;[0 5 6 11];2025-11-25 11:15:37
5;1;3.151703;-9999991.521231;[0 2 5 6 11];2025-11-25 11:15:37
6;0;8.086829;-9999989.121750;[0 5 7 10 11];2025-11-25 11:15:42
6;1;4.184123;-9999992.241251;[0 2 5 7 11];2025-11-25 11:15:43
7;0;11.737988;-19999973.037091;[0 4 3 1 7 6 11];2025-11-25 11:15:48
7;1;4.487028;-19999976.346100;[0 3 1 7 6 11];2025-11-25 11:15:48
8;0;11.336986;-9999987.173376;[0 3 1 10 7 8 5 11];2025-11-25 11:15:53
8;1;4.820003;-9999990.831863;[0 3 1 7 8 11];2025-11-25 11:15:53
9;0;14.737846;-9999986.356578;[0 4 9 10 7 8 6 11];2025-11-25 11:15:58
9;1;6.130688;-9999986.947428;[0 4 9 7 11];2025-11-25 11:15:58
10;0;14.080986;-39999923.574881;[0 3 9 1 8 2 11];2025-11-25 11:16:03
10;1;5.585677;-36666599.728756;[0 3 9 8 11];2025-11-25 11:16:03
11;0;13.859101;-6428565.933625;[0 1 10 9 3 4 6 11];2025-11-25 11:16:08
11;1;3.519836;-2857144.527621;[0 1 9 3 11];2025-11-25 11:16:10
12;0;13.401525;-5000002.870091;[0 1 7 8 5 6 2 4 11];2025-11-25 11:16:15
12;1;4.761967;-3000002.729243;[0 1 4 2 6 11];2025-11-25 11:16:15
13;0;13.904654;-11999988.562697;[0 2 5 8 10 9 11];2025-11-25 11:16:21
13;1;5.795936;-5333329.039332;[0 2 9 10 11];2025-11-25 11:16:21
14;0;11.829868;-2000001.194761;[0 3 9 10 7 5 6 11];2025-11-25 11:16:27
14;1;5.450324;-1000001.364220;[0 6 2 3 9 11];2025-11-25 11:16:28
15;0;13.729726;-2093019.961841;[0 4 2 6 5 8 10 11];2025-11-25 11:16:33
15;1;5.626584;-1860460.750133;[0 4 6 10 11];2025-11-25 11:16:33
16;0;15.039111;-666667.203266;[0 2 6 8 7 10 9 3 1 11];2025-11-25 11:16:38
16;1;5.304722;-666667.646348;[0 2 6 8 7 10 11];2025-11-25 11:16:39
17;0;13.464742;-312499.908599;[0 2 5 7 10 9 1 11];2025-11-25 11:16:45
17;1;5.735644;-0.526516;[0 4 2 8 7 11];2025-11-25 11:16:45
18;0;13.124425;-204080.041851;[0 4 3 1 8 5 6 11];2025-11-25 11:16:50
18;1;5.059051;-204079.682221;[0 3 1 7 8 6 11];2025-11-25 11:16:51
19;0;15.572137;-277775.897119;[0 2 4 3 9 10 8 11];2025-11-25 11:16:57
19;1;4.169270;-1.037613;[0 1 10 7 8 11];2025-11-25 11:16:57
20;0;12.315341;-270266.800737;[0 3 9 10 8 5 11];2025-11-25 11:17:04
20;1;3.398184;-270265.881401;[0 5 8 7 11];2025-11-25 11:17:04
21;0;13.163613;-133331.682736;[0 2 6 5 7 10 1 3 11];2025-11-25 11:17:10
21;1;5.147681;-133332.038274;[0 6 7 10 9 11];2025-11-25 11:17:10
22;0;11.939358;-0.858728;[0 1 9 10 8 5 6 11];2025-11-25 11:17:15
22;1;6.743669;-0.163078;[0 2 6 8 7 9 11];2025-11-25 11:17:15
23;0;14.120572;-1.153341;[0 2 6 5 7 1 9 3 11];2025-11-25 11:17:21
23;1;5.857560;-0.355920;[0 4 3 7 6 11];2025-11-25 11:17:21
24;0;14.003882;-0.617926;[0 2 4 3 1 7 5 11];2025-11-25 11:17:26
26;0;5.099020;-9999994.900980;[0 10 11];2025-11-25 11:18:25
26;1;2.549510;-9999997.450490;[0 10 11];2025-11-25 11:18:25
27;0;3.046309;-9999994.404181;[0 1 11];2025-11-25 11:18:30
27;1;2.814150;-9999997.185850;[0 1 10 11];2025-11-25 11:18:31
28;0;4.558156;-9999992.627694;[0 6 2 11];2025-11-25 11:18:37
28;1;4.580454;-9999995.419546;[0 2 1 10 11];2025-11-25 11:18:37
29;0;4.472136;-9999990.947410;[0 3 11];2025-11-25 11:18:42
-1;0;5.099020;-9999994.900980;[0 10 11];2025-11-26 07:55:41
-1;1;2.549510;-9999997.450490;[0 10 11];2025-11-26 07:55:41
0;0;3.046309;-9999994.404181;[0 1 11];2025-11-26 07:55:41
0;1;2.814150;-9999997.185850;[0 1 10 11];2025-11-26 07:55:41
1;0;3.600000;-9999993.585850;[0 2 11];2025-11-26 07:55:41
1;1;4.580454;-9999995.419546;[0 2 1 10 11];2025-11-26 07:55:41
2;0;4.472136;-9999990.947410;[0 3 11];2025-11-26 07:55:42
2;1;5.352958;-9999994.382402;[0 2 3 10 11];2025-11-26 07:55:42
3;0;9.301551;-9999990.930608;[0 1 3 4 2 11];2025-11-26 07:55:42
3;1;4.279221;-9999992.906629;[0 2 4 3 11];2025-11-26 07:55:42
4;0;8.973891;-9999990.797860;[0 3 1 5 11];2025-11-26 07:55:43
4;1;3.402478;-9999992.550460;[0 1 5 11];2025-11-26 07:55:43
5;0;4.179587;-9999988.727042;[0 5 6 11];2025-11-26 07:55:43
5;1;3.151703;-9999991.521231;[0 2 5 6 11];2025-11-26 07:55:43
6;0;8.086829;-9999989.121750;[0 5 7 10 11];2025-11-26 07:55:43
6;1;4.184123;-9999992.241251;[0 2 5 7 11];2025-11-26 07:55:44
7;0;11.737988;-19999973.037091;[0 4 3 1 7 6 11];2025-11-26 07:55:44
7;1;4.487028;-19999976.346100;[0 3 1 7 6 11];2025-11-26 07:55:44
8;0;11.336986;-9999987.173376;[0 3 1 10 7 8 5 11];2025-11-26 07:55:44
8;1;4.820003;-9999990.831863;[0 3 1 7 8 11];2025-11-26 07:55:44
9;0;14.737846;-9999986.356578;[0 4 9 10 7 8 6 11];2025-11-26 07:55:45
9;1;6.130688;-9999986.947428;[0 4 9 7 11];2025-11-26 07:55:45
10;0;14.080986;-39999923.574881;[0 3 9 1 8 2 11];2025-11-26 07:55:45
10;1;5.585677;-36666599.728756;[0 3 9 8 11];2025-11-26 07:55:45
11;0;13.859101;-6428565.933625;[0 1 10 9 3 4 6 11];2025-11-26 07:55:46
11;1;3.519836;-2857144.527621;[0 1 9 3 11];2025-11-26 07:55:46
12;0;13.401525;-5000002.870091;[0 1 7 8 5 6 2 4 11];2025-11-26 07:55:46
12;1;4.761967;-3000002.729243;[0 1 4 2 6 11];2025-11-26 07:55:46
13;0;13.904654;-11999988.562697;[0 2 5 8 10 9 11];2025-11-26 07:55:47
13;1;5.795936;-5333329.039332;[0 2 9 10 11];2025-11-26 07:55:47
14;0;11.829868;-2000001.194761;[0 3 9 10 7 5 6 11];2025-11-26 07:55:47
14;1;5.450324;-1000001.364220;[0 6 2 3 9 11];2025-11-26 07:55:47
15;0;13.729726;-2093019.961841;[0 4 2 6 5 8 10 11];2025-11-26 07:55:47
15;1;5.626584;-1860460.750133;[0 4 6 10 11];2025-11-26 07:55:47
16;0;15.039111;-666667.203266;[0 2 6 8 7 10 9 3 1 11];2025-11-26 07:55:48
16;1;5.304722;-666667.646348;[0 2 6 8 7 10 11];2025-11-26 07:55:48
17;0;13.464742;-312499.908599;[0 2 5 7 10 9 1 11];2025-11-26 07:55:49
17;1;5.735644;-0.526516;[0 4 2 8 7 11];2025-11-26 07:55:49
18;0;13.124425;-204080.041851;[0 4 3 1 8 5 6 11];2025-11-26 07:55:49
18;1;5.059051;-204079.682221;[0 3 1 7 8 6 11];2025-11-26 07:55:49
19;0;15.572137;-277775.897119;[0 2 4 3 9 10 8 11];2025-11-26 07:55:50
19;1;4.169270;-1.037613;[0 1 10 7 8 11];2025-11-26 07:55:50
20;0;12.315341;-270266.800737;[0 3 9 10 8 5 11];2025-11-26 07:55:50
20;1;3.398184;-270265.881401;[0 5 8 7 11];2025-11-26 07:55:50
21;0;13.163613;-133331.682736;[0 2 6 5 7 10 1 3 11];2025-11-26 07:55:51
21;1;5.147681;-133332.038274;[0 6 7 10 9 11];2025-11-26 07:55:51
22;0;11.939358;-0.858728;[0 1 9 10 8 5 6 11];2025-11-26 07:55:51
22;1;6.743669;-0.163078;[0 2 6 8 7 9 11];2025-11-26 07:55:51
23;0;14.120572;-1.153341;[0 2 6 5 7 1 9 3 11];2025-11-26 07:55:52
23;1;5.857560;-0.355920;[0 4 3 7 6 11];2025-11-26 07:55:52
24;0;14.003882;-0.617926;[0 2 4 3 1 7 5 11];2025-11-26 07:55:52
26;0;5.099020;-9999994.900980;[0 10 11];2025-11-26 07:55:53
26;1;2.549510;-9999997.450490;[0 10 11];2025-11-26 07:55:53
27;0;3.046309;-9999994.404181;[0 1 11];2025-11-26 07:55:54
27;1;2.814150;-9999997.185850;[0 1 10 11];2025-11-26 07:55:54
28;0;3.600000;-9999993.585850;[0 2 11];2025-11-26 07:55:54
28;1;4.580454;-9999995.419546;[0 2 1 10 11];2025-11-26 07:55:54
29;0;4.472136;-9999990.947410;[0 3 11];2025-11-26 07:55:55
29;1;5.352958;-9999994.382402;[0 2 3 10 11];2025-11-26 07:55:55
30;0;9.301551;-9999990.930608;[0 1 3 4 2 11];2025-11-26 07:55:55
30;1;4.279221;-9999992.906629;[0 2 4 3 11];2025-11-26 07:55:55
31;0;8.973891;-9999990.797860;[0 3 1 5 11];2025-11-26 07:55:56
31;1;3.402478;-9999992.550460;[0 1 5 11];2025-11-26 07:55:56
32;0;4.179587;-9999988.727042;[0 5 6 11];2025-11-26 07:55:56
32;1;3.151703;-9999991.521231;[0 2 5 6 11];2025-11-26 07:55:56
33;0;8.086829;-9999989.121750;[0 5 7 10 11];2025-11-26 07:55:57
33;1;4.184123;-9999992.241251;[0 2 5 7 11];2025-11-26 07:55:57
34;0;11.737988;-19999973.037091;[0 4 3 1 7 6 11];2025-11-26 07:55:57
34;1;4.487028;-19999976.346100;[0 3 1 7 6 11];2025-11-26 07:55:57
35;0;11.336986;-9999987.173376;[0 3 1 10 7 8 5 11];2025-11-26 07:55:58
35;1;4.820003;-9999990.831863;[0 3 1 7 8 11];2025-11-26 07:55:58
36;0;14.737846;-9999986.356578;[0 4 9 10 7 8 6 11];2025-11-26 07:56:00
36;1;6.130688;-9999986.947428;[0 7 9 4 11];2025-11-26 07:56:00
37;0;14.080986;-39999923.574881;[0 3 9 1 8 2 11];2025-11-26 07:56:00
37;1;5.585677;-36666599.728756;[0 3 9 8 11];2025-11-26 07:56:00
38;0;13.859101;-6428565.933625;[0 1 10 9 3 4 6 11];2025-11-26 07:56:01
38;1;3.519836;-2857144.527621;[0 1 9 3 11];2025-11-26 07:56:01
39;0;13.401525;-5000002.870091;[0 1 7 8 5 6 2 4 11];2025-11-26 07:56:01
39;1;4.761967;-3000002.729243;[0 1 4 2 6 11];2025-11-26 07:56:01
40;0;13.904654;-11999988.562697;[0 2 5 8 10 9 11];2025-11-26 07:56:02
40;1;5.795936;-5333329.039332;[0 2 9 10 11];2025-11-26 07:56:02
41;0;11.829868;-2000001.194761;[0 3 9 10 7 5 6 11];2025-11-26 07:56:02
41;1;5.450324;-1000001.364220;[0 6 2 3 9 11];2025-11-26 07:56:02
42;0;13.729726;-2093019.961841;[0 4 2 6 5 8 10 11];2025-11-26 07:56:03
42;1;5.626584;-1860460.750133;[0 10 6 4 11];2025-11-26 07:56:03
43;0;15.039111;-666667.203266;[0 2 6 8 7 10 9 3 1 11];2025-11-26 07:56:03
43;1;5.304722;-666667.646348;[0 2 6 8 7 10 11];2025-11-26 07:56:03
44;0;13.464742;-312499.908599;[0 2 5 7 10 9 1 11];2025-11-26 07:56:04
44;1;5.735644;-0.526516;[0 7 8 2 4 11];2025-11-26 07:56:04
45;0;13.124425;-204080.041851;[0 4 3 1 8 5 6 11];2025-11-26 07:56:04
45;1;5.059051;-204079.682221;[0 3 1 7 8 6 11];2025-11-26 07:56:04
46;0;15.572137;-277775.897119;[0 2 4 3 9 10 8 11];2025-11-26 07:56:04
46;1;4.169270;-1.037613;[0 1 10 7 8 11];2025-11-26 07:56:04
47;0;12.315341;-270266.800737;[0 3 9 10 8 5 11];2025-11-26 07:56:05
47;1;3.398184;-270265.881401;[0 5 8 7 11];2025-11-26 07:56:05
48;0;13.163613;-133331.682736;[0 2 6 5 7 10 1 3 11];2025-11-26 07:56:05
48;1;5.147681;-133332.038274;[0 6 7 10 9 11];2025-11-26 07:56:05
49;0;11.939358;-0.858728;[0 1 9 10 8 5 6 11];2025-11-26 07:56:06
49;1;6.743669;-0.163078;[0 2 6 8 7 9 11];2025-11-26 07:56:06
50;0;14.120572;-1.153341;[0 2 6 5 7 1 9 3 11];2025-11-26 07:56:06
50;1;5.857560;-0.355920;[0 6 7 3 4 11];2025-11-26 07:56:06
51;0;14.003882;-0.617926;[0 2 4 3 1 7 5 11];2025-11-26 07:56:07
53;0;5.099020;-9999994.900980;[0 10 11];2025-11-26 07:56:08
53;1;2.549510;-9999997.450490;[0 10 11];2025-11-26 07:56:08
54;0;3.046309;-9999994.404181;[0 1 11];2025-11-26 07:56:08
54;1;2.814150;-9999997.185850;[0 1 10 11];2025-11-26 07:56:08
55;0;3.600000;-9999993.585850;[0 2 11];2025-11-26 07:56:09
55;1;4.580454;-9999995.419546;[0 2 1 10 11];2025-11-26 07:56:09
56;0;4.472136;-9999990.947410;[0 3 11];2025-11-26 07:56:09
56;1;5.352958;-9999994.382402;[0 2 3 10 11];2025-11-26 07:56:09
57;0;9.301551;-9999990.930608;[0 1 3 4 2 11];2025-11-26 07:56:10
57;1;4.279221;-9999992.906629;[0 2 4 3 11];2025-11-26 07:56:10
58;0;8.973891;-9999990.797860;[0 3 1 5 11];2025-11-26 07:56:10
58;1;3.402478;-9999992.550460;[0 1 5 11];2025-11-26 07:56:10
59;0;4.179587;-9999988.727042;[0 5 6 11];2025-11-26 07:56:11
59;1;3.151703;-9999991.521231;[0 2 5 6 11];2025-11-26 07:56:11
60;0;8.086829;-9999989.121750;[0 5 7 10 11];2025-11-26 07:56:11
60;1;4.184123;-9999992.241251;[0 2 5 7 11];2025-11-26 07:56:11
61;0;11.737988;-19999973.037091;[0 4 3 1 7 6 11];2025-11-26 07:56:12
61;1;4.487028;-19999976.346100;[0 3 1 7 6 11];2025-11-26 07:56:12
62;0;11.336986;-9999987.173376;[0 3 1 10 7 8 5 11];2025-11-26 07:56:12
62;1;4.820003;-9999990.831863;[0 3 1 7 8 11];2025-11-26 07:56:12
63;0;14.737846;-9999986.356578;[0 4 9 10 7 8 6 11];2025-11-26 07:56:14
63;1;6.130688;-9999986.947428;[0 7 9 4 11];2025-11-26 07:56:14
64;0;14.080986;-39999923.574881;[0 3 9 1 8 2 11];2025-11-26 07:56:15
64;1;5.585677;-36666599.728756;[0 3 9 8 11];2025-11-26 07:56:15
65;0;13.859101;-6428565.933625;[0 1 10 9 3 4 6 11];2025-11-26 07:56:15
65;1;3.519836;-2857144.527621;[0 1 9 3 11];2025-11-26 07:56:15
66;0;13.401525;-5000002.870091;[0 1 7 8 5 6 2 4 11];2025-11-26 07:56:16
66;1;4.761967;-3000002.729243;[0 1 4 2 6 11];2025-11-26 07:56:16
67;0;13.904654;-11999988.562697;[0 2 5 8 10 9 11];2025-11-26 07:56:16
67;1;5.795936;-5333329.039332;[0 2 9 10 11];2025-11-26 07:56:16
68;0;11.829868;-2000001.194761;[0 3 9 10 7 5 6 11];2025-11-26 07:56:17
68;1;5.450324;-1000001.364220;[0 9 3 2 6 11];2025-11-26 07:56:17
69;0;13.729726;-2093019.961841;[0 4 2 6 5 8 10 11];2025-11-26 07:56:17
69;1;5.626584;-1860460.750133;[0 10 6 4 11];2025-11-26 07:56:17
70;0;15.039111;-666667.203266;[0 2 6 8 7 10 9 3 1 11];2025-11-26 07:56:18
70;1;5.304722;-666667.646348;[0 2 6 8 7 10 11];2025-11-26 07:56:18
71;0;13.464742;-312499.908599;[0 2 5 7 10 9 1 11];2025-11-26 07:56:18
71;1;5.735644;-0.526516;[0 7 8 2 4 11];2025-11-26 07:56:18
72;0;13.124425;-204080.041851;[0 4 3 1 8 5 6 11];2025-11-26 07:56:19
72;1;5.059051;-204079.682221;[0 3 1 7 8 6 11];2025-11-26 07:56:19
73;0;15.572137;-277775.897119;[0 2 4 3 9 10 8 11];2025-11-26 07:56:19
73;1;4.169270;-1.037613;[0 1 10 7 8 11];2025-11-26 07:56:19
74;0;12.315341;-270266.800737;[0 3 9 10 8 5 11];2025-11-26 07:56:20
74;1;3.398184;-270265.881401;[0 5 8 7 11];2025-11-26 07:56:20
75;0;13.163613;-133331.682736;[0 2 6 5 7 10 1 3 11];2025-11-26 07:56:20
75;1;5.147681;-133332.038274;[0 9 10 7 6 11];2025-11-26 07:56:20
76;0;11.939358;-0.858728;[0 1 9 10 8 5 6 11];2025-11-26 07:56:21
76;1;6.743669;-0.163078;[0 2 6 8 7 9 11];2025-11-26 07:56:21
77;0;14.120572;-1.153341;[0 2 6 5 7 1 9 3 11];2025-11-26 07:56:21
77;1;6.040609;-0.172871;[0 3 4 6 7 11];2025-11-26 07:56:21
78;0;14.003882;-0.434877;[0 2 4 3 1 7 5 11];2025-11-26 07:56:21
80;0;5.099020;-9999994.900980;[0 10 11];2025-11-26 07:56:23
80;1;2.549510;-9999997.450490;[0 10 11];2025-11-26 07:56:23
81;0;3.046309;-9999994.404181;[0 1 11];2025-11-26 07:56:23
81;1;2.814150;-9999997.185850;[0 1 10 11];2025-11-26 07:56:23
82;0;3.600000;-9999993.585850;[0 2 11];2025-11-26 07:56:24
82;1;4.580454;-9999995.419546;[0 2 1 10 11];2025-11-26 07:56:24
83;0;4.472136;-9999990.947410;[0 3 11];2025-11-26 07:56:24
83;1;5.352958;-9999994.382402;[0 2 3 10 11];2025-11-26 07:56:24
84;0;9.301551;-9999990.930608;[0 1 3 4 2 11];2025-11-26 07:56:24
84;1;4.279221;-9999992.906629;[0 2 4 3 11];2025-11-26 07:56:24
85;0;8.973891;-9999990.797860;[0 3 1 5 11];2025-11-26 07:56:25
85;1;3.402478;-9999992.550460;[0 1 5 11];2025-11-26 07:56:25
86;0;4.179587;-9999988.727042;[0 5 6 11];2025-11-26 07:56:25
86;1;3.151703;-9999991.521231;[0 2 5 6 11];2025-11-26 07:56:25
87;0;8.086829;-9999989.121750;[0 5 7 10 11];2025-11-26 07:56:26
87;1;4.184123;-9999992.241251;[0 2 5 7 11];2025-11-26 07:56:26
88;0;11.737988;-19999973.037091;[0 4 3 1 7 6 11];2025-11-26 07:56:26
88;1;4.847149;-19999975.985979;[0 1 3 7 6 11];2025-11-26 07:56:26
89;0;11.336986;-9999987.173376;[0 5 8 7 10 1 3 11];2025-11-26 07:56:27
89;1;4.820003;-9999991.011924;[0 8 7 1 3 11];2025-11-26 07:56:27
90;0;11.829868;-9999983.752946;[0 6 5 7 10 9 3 11];2025-11-26 07:56:27
90;1;5.147681;-9999986.156016;[0 9 10 7 6 11];2025-11-26 07:56:27
91;0;13.239495;-19999976.106558;[0 4 6 5 8 7 10 11];2025-11-26 07:56:28
91;1;5.494598;-19999979.123987;[0 7 8 6 4 11];2025-11-26 07:56:29
92;0;15.627029;-39999920.320327;[0 9 4 2 5 8 11];2025-11-26 07:56:30
92;1;6.709453;-29999946.188938;[0 9 8 2 11];2025-11-26 07:56:30
93;0;15.575925;-7499989.300007;[0 1 9 3 4 2 6 8 11];2025-11-26 07:56:30
93;1;5.608493;-4999997.162041;[0 1 9 8 6 11];2025-11-26 07:56:30
94;0;14.693993;-5238091.513577;[0 2 4 9 1 10 7 11];2025-11-26 07:56:31
94;1;4.971974;-3452377.877830;[0 7 1 4 11];2025-11-26 07:56:31
95;0;13.340638;-1052630.937932;[0 1 10 5 2 4 11];2025-11-26 07:56:31
95;1;4.761967;-631579.017115;[0 1 4 2 6 11];2025-11-26 07:56:31
96;0;13.464742;-769231.474996;[0 1 9 10 7 5 2 11];2025-11-26 07:56:32
96;1;6.184286;-769229.724848;[0 1 9 7 2 11];2025-11-26 07:56:32
97;0;14.892372;-961538.324888;[0 4 9 1 8 5 11];2025-11-26 07:56:32
97;1;6.130688;-769230.951842;[0 7 9 4 11];2025-11-26 07:56:32
98;0;13.729726;-769231.751437;[0 4 2 6 5 8 10 11];2025-11-26 07:56:33
98;1;5.304722;-512821.302611;[0 2 6 8 7 10 11];2025-11-26 07:56:33
99;0;11.939358;-212767.034336;[0 1 9 10 8 5 6 11];2025-11-26 07:56:33
99;1;3.519836;-212766.003353;[0 1 9 3 11];2025-11-26 07:56:33
100;0;14.120572;-208335.724565;[0 2 6 5 7 1 9 3 11];2025-11-26 07:56:34
100;1;5.419172;-208333.646014;[0 1 3 7 8 6 11];2025-11-26 07:56:34
101;0;15.572137;-571424.769860;[0 2 4 3 9 10 8 11];2025-11-26 07:56:34
101;1;5.376262;-1.020408;[0 7 10 4 11];2025-11-26 07:56:34
102;0;12.315341;-270265.870665;[0 3 9 10 8 5 11];2025-11-26 07:56:34
102;1;3.398184;-270266.523821;[0 5 8 7 11];2025-11-26 07:56:34
103;0;14.003882;-2.315278;[0 2 4 3 1 7 5 11];2025-11-26 07:56:35
103;1;5.735644;-1.572492;[0 7 8 2 4 11];2025-11-26 07:56:35
104;0;13.124425;-1.271835;[0 4 3 1 8 5 6 11];2025-11-26 07:56:35
104;1;6.040609;-1.563974;[0 7 6 4 3 11];2025-11-26 07:56:35
105;0;13.163613;-0.409347;[0 2 6 5 7 10 1 3 11];2025-11-26 07:56:36
105;1;4.169270;-0.240284;[0 1 10 7 8 11];2025-11-26 07:56:36
107;0;5.099020;-9999994.900980;[0 10 11];2025-11-26 07:56:37
107;1;2.549510;-9999997.450490;[0 10 11];2025-11-26 07:56:37
108;0;3.046309;-9999994.404181;[0 1 11];2025-11-26 07:56:37
108;1;2.814150;-9999997.185850;[0 1 10 11];2025-11-26 07:56:37
109;0;3.600000;-9999993.585850;[0 2 11];2025-11-26 07:56:38
109;1;4.580454;-9999995.419546;[0 2 1 10 11];2025-11-26 07:56:38
110;0;4.472136;-9999990.947410;[0 3 11];2025-11-26 07:56:38
110;1;5.352958;-9999994.382402;[0 2 3 10 11];2025-11-26 07:56:38
111;0;9.301551;-9999990.930608;[0 1 3 4 2 11];2025-11-26 07:56:39
111;1;4.279221;-9999992.906629;[0 2 4 3 11];2025-11-26 07:56:39
112;0;8.973891;-9999990.797860;[0 3 1 5 11];2025-11-26 07:56:39
112;1;3.402478;-9999992.550460;[0 1 5 11];2025-11-26 07:56:39
113;0;4.179587;-9999988.727042;[0 5 6 11];2025-11-26 07:56:40
113;1;3.151703;-9999991.521231;[0 2 5 6 11];2025-11-26 07:56:40
114;0;8.086829;-9999989.121750;[0 5 7 10 11];2025-11-26 07:56:40
114;1;4.184123;-9999992.241251;[0 2 5 7 11];2025-11-26 07:56:40
115;0;11.737988;-19999973.037091;[0 4 3 1 7 6 11];2025-11-26 07:56:41
115;1;4.847149;-19999975.985979;[0 1 3 7 6 11];2025-11-26 07:56:41
116;0;11.336986;-9999987.173376;[0 5 8 7 10 1 3 11];2025-11-26 07:56:41
116;1;4.820003;-9999991.011924;[0 8 7 1 3 11];2025-11-26 07:56:41
117;0;11.829868;-9999983.752946;[0 6 5 7 10 9 3 11];2025-11-26 07:56:42
117;1;5.147681;-9999986.156016;[0 9 10 7 6 11];2025-11-26 07:56:42
118;0;13.239495;-19999976.106558;[0 4 6 5 8 7 10 11];2025-11-26 07:56:42
118;1;5.784683;-19999978.833902;[0 8 7 6 4 11];2025-11-26 07:56:42
119;0;15.627029;-39999920.320327;[0 9 4 2 5 8 11];2025-11-26 07:56:42
119;1;6.709453;-29999946.188938;[0 9 8 2 11];2025-11-26 07:56:42
120;0;15.575925;-7499988.719837;[0 1 9 3 4 2 6 8 11];2025-11-26 07:56:43
120;1;5.608493;-4999996.581871;[0 1 9 8 6 11];2025-11-26 07:56:43
121;0;14.693993;-5238091.513577;[0 2 4 9 1 10 7 11];2025-11-26 07:56:45
121;1;5.367653;-3452377.482151;[0 1 7 4 11];2025-11-26 07:56:45
122;0;13.340638;-1052630.937932;[0 1 10 5 2 4 11];2025-11-26 07:56:45
122;1;4.761967;-631579.017115;[0 1 4 2 6 11];2025-11-26 07:56:45
123;0;13.464742;-769231.474996;[0 1 9 10 7 5 2 11];2025-11-26 07:56:46
123;1;6.184286;-769229.724848;[0 1 9 7 2 11];2025-11-26 07:56:46
124;0;14.892372;-961538.621647;[0 5 8 1 9 4 11];2025-11-26 07:56:46
124;1;6.966327;-769230.511881;[0 9 4 7 11];2025-11-26 07:56:46
125;0;13.729726;-769231.751437;[0 4 2 6 5 8 10 11];2025-11-26 07:56:46
125;1;5.304722;-512821.302611;[0 2 6 8 7 10 11];2025-11-26 07:56:46
126;0;11.939358;-212767.034336;[0 1 9 10 8 5 6 11];2025-11-26 07:56:47
126;1;3.519836;-212766.003353;[0 1 9 3 11];2025-11-26 07:56:47
127;0;15.550740;-208334.891570;[0 2 4 3 9 1 7 8 11];2025-11-26 07:56:47
127;1;5.419172;-208333.106330;[0 1 3 7 8 6 11];2025-11-26 07:56:47
128;0;13.371618;-370365.932237;[0 4 3 9 1 10 7 11];2025-11-26 07:56:48
128;1;5.536748;-185182.478373;[0 10 7 4 11];2025-11-26 07:56:48
129;0;12.315341;-277773.590449;[0 5 8 10 9 3 11];2025-11-26 07:56:48
129;1;3.398184;-1.533511;[0 5 8 7 11];2025-11-26 07:56:48
130;0;14.120572;-217389.270220;[0 2 6 5 7 1 9 3 11];2025-11-26 07:56:49
130;1;5.450324;-108691.806863;[0 9 3 2 6 11];2025-11-26 07:56:49
131;0;15.572137;-175435.366055;[0 2 4 3 9 10 8 11];2025-11-26 07:56:49
131;1;5.996413;-1.986878;[0 8 7 2 4 11];2025-11-26 07:56:49
132;0;14.003882;-3.627002;[0 2 4 3 1 7 5 11];2025-11-26 07:56:50
132;1;4.169270;-0.594073;[0 1 10 7 8 11];2025-11-26 07:56:50
133;0;13.124425;-1.846706;[0 6 5 8 1 3 4 11];2025-11-26 07:56:50
134;0;13.163613;-0.148578;[0 2 6 5 7 10 1 3 11];2025-11-26 07:56:51
136;0;5.099020;-9999994.900980;[0 10 11];2025-11-26 07:56:52
136;1;2.549510;-9999997.450490;[0 10 11];2025-11-26 07:56:52
137;0;3.046309;-9999994.404181;[0 1 11];2025-11-26 07:56:52
137;1;2.814150;-9999997.185850;[0 1 10 11];2025-11-26 07:56:52
138;0;3.600000;-9999993.585850;[0 2 11];2025-11-26 07:56:52
138;1;4.580454;-9999995.419546;[0 2 1 10 11];2025-11-26 07:56:52
139;0;4.472136;-9999990.947410;[0 3 11];2025-11-26 07:56:53
139;1;5.352958;-9999994.382402;[0 2 3 10 11];2025-11-26 07:56:53
140;0;9.301551;-9999990.930608;[0 1 3 4 2 11];2025-11-26 07:56:53
140;1;4.279221;-9999992.906629;[0 2 4 3 11];2025-11-26 07:56:53
141;0;8.973891;-9999990.797860;[0 3 1 5 11];2025-11-26 07:56:54
141;1;3.402478;-9999992.550460;[0 1 5 11];2025-11-26 07:56:54
142;0;4.179587;-9999988.727042;[0 5 6 11];2025-11-26 07:56:54
142;1;3.151703;-9999991.521231;[0 2 5 6 11];2025-11-26 07:56:54
143;0;8.086829;-9999989.121750;[0 5 7 10 11];2025-11-26 07:56:55
143;1;4.184123;-9999992.241251;[0 2 5 7 11];2025-11-26 07:56:55
144;0;11.737988;-19999973.037091;[0 4 3 1 7 6 11];2025-11-26 07:56:55
144;1;4.847149;-19999975.985979;[0 1 3 7 6 11];2025-11-26 07:56:55
145;0;11.336986;-9999987.173376;[0 5 8 7 10 1 3 11];2025-11-26 07:56:56
145;1;6.128279;-9999990.685516;[0 2 8 1 3 11];2025-11-26 07:56:56
146;0;12.315341;-9999984.280060;[0 3 9 10 8 5 11];2025-11-26 07:56:56
146;1;3.519836;-9999987.325665;[0 1 9 3 11];2025-11-26 07:56:56
147;0;16.060221;-19999964.101503;[0 2 4 9 10 7 8 6 11];2025-11-26 07:56:57
147;1;6.109031;-19999953.790988;[0 2 4 8 7 11];2025-11-26 07:56:57
148;0;12.869684;-5000003.592661;[0 4 1 10 7 5 6 11];2025-11-26 07:56:57
148;1;5.626584;-3333328.210638;[0 10 6 4 11];2025-11-26 07:56:57
149;0;14.120572;-6086947.153169;[0 2 6 5 7 1 9 3 11];2025-11-26 07:56:58
149;1;6.743669;-869565.085815;[0 2 6 8 7 9 11];2025-11-26 07:56:58
150;0;13.124425;-10999985.931891;[0 4 3 1 8 5 6 11];2025-11-26 07:57:00
150;1;5.797238;-5999992.458222;[0 2 4 6 8 11];2025-11-26 07:57:00
151;0;16.575925;-1190474.309743;[0 1 9 10 8 6 2 4 11];2025-11-26 07:57:00
151;1;5.795936;-714283.373893;[0 2 9 10 11];2025-11-26 07:57:00
152;0;13.163613;-199999.254770;[0 2 6 5 7 10 1 3 11];2025-11-26 07:57:01
152;1;5.304722;-199999.736759;[0 2 6 8 7 10 11];2025-11-26 07:57:01
153;0;14.472136;-192306.815094;[0 4 9 10 5 6 11];2025-11-26 07:57:01
153;1;5.147681;-192306.043745;[0 9 10 7 6 11];2025-11-26 07:57:01
154;0;11.939358;-270270.814315;[0 1 9 10 8 5 6 11];2025-11-26 07:57:02
154;1;3.430719;-270269.352050;[0 1 5 6 11];2025-11-26 07:57:02
155;0;14.003882;-1.894474;[0 2 4 3 1 7 5 11];2025-11-26 07:57:02
155;1;5.536748;-1.388718;[0 10 7 4 11];2025-11-26 07:57:02
156;0;15.572137;-1.379771;[0 2 4 3 9 10 8 11];2025-11-26 07:57:02
156;1;5.419172;-0.275273;[0 1 3 7 8 6 11];2025-11-26 07:57:02
158;0;3.046309;-9999996.953691;[0 1 11];2025-11-26 07:57:03
158;1;2.814150;-9999997.185850;[0 10 1 11];2025-11-26 07:57:03
159;0;3.600000;-9999993.585850;[0 2 11];2025-11-26 07:57:04
159;1;3.289459;-9999996.710541;[0 2 1 11];2025-11-26 07:57:04
160;0;5.215245;-9999994.309446;[0 1 3 11];2025-11-26 07:57:04
160;1;4.110053;-9999995.889947;[0 2 3 1 11];2025-11-26 07:57:04
161;0;10.705916;-19999982.369881;[0 2 3 10 11];2025-11-26 07:57:05
161;1;5.352958;-19999987.722839;[0 10 3 2 11];2025-11-26 07:57:05
162;0;6.322375;-9999990.042882;[0 2 4 11];2025-11-26 07:57:05
162;1;3.161187;-9999993.204069;[0 2 4 11];2025-11-26 07:57:05
163;0;6.246925;-9999989.460981;[0 2 5 11];2025-11-26 07:57:06
163;1;3.123462;-9999992.584443;[0 2 5 11];2025-11-26 07:57:06
164;0;11.663835;-19999972.779216;[0 1 3 4 5 11];2025-11-26 07:57:06
164;1;4.284811;-19999975.106239;[0 5 3 11];2025-11-26 07:57:06
165;0;2.236068;-10000004.571334;[0 6 11];2025-11-26 07:57:07
165;1;2.279078;-10000009.876752;[0 2 6 11];2025-11-26 07:57:07
166;0;10.841525;-9999985.997287;[0 6 5 7 10 1 3 11];2025-11-26 07:57:07
166;1;5.807723;-9999988.203546;[0 10 7 6 3 11];2025-11-26 07:57:07
167;0;8.357063;-9999986.416591;[0 1 7 8 5 6 11];2025-11-26 07:57:07
167;1;3.278684;-9999987.428900;[0 5 8 6 11];2025-11-26 07:57:07
168;0;11.798484;-9999985.914253;[0 3 9 1 7 5 6 11];2025-11-26 07:57:08
168;1;5.131989;-9999988.295937;[0 9 1 7 6 11];2025-11-26 07:57:08
169;0;11.790823;-24999956.876336;[0 9 10 7 8 5 11];2025-11-26 07:57:08
169;1;5.343577;-17499973.202929;[0 9 7 8 11];2025-11-26 07:57:08
170;0;13.159415;-134999719.615083;[0 4 3 9 10 6 11];2025-11-26 07:57:09
170;1;5.740937;-112499765.840819;[0 9 4 6 11];2025-11-26 07:57:09
171;0;14.593782;-7428557.154388;[0 2 4 3 1 10 7 8 11];2025-11-26 07:57:09
171;1;4.932532;-4571420.302247;[0 10 7 8 1 11];2025-11-26 07:57:09
172;0;13.597828;-7272711.090630;[0 2 6 5 10 9 1 11];2025-11-26 07:57:10
172;1;5.453041;-3636355.363313;[0 2 6 1 9 11];2025-11-26 07:57:10
173;0;14.429739;-3103438.934145;[0 2 6 5 8 7 9 3 11];2025-11-26 07:57:10
173;1;6.743669;-3103439.953721;[0 2 6 8 7 9 11];2025-11-26 07:57:10
174;0;12.869684;-4117635.627289;[0 6 5 7 10 1 4 11];2025-11-26 07:57:11
174;1;4.184123;-2647052.204521;[0 2 5 7 11];2025-11-26 07:57:11
175;0;14.892372;-6666649.645702;[0 4 9 1 8 5 11];2025-11-26 07:57:11
175;1;5.464964;-3333325.942848;[0 9 1 7 8 11];2025-11-26 07:57:11
176;0;12.315341;-1428571.098011;[0 3 9 10 8 5 11];2025-11-26 07:57:12
176;1;5.795936;-714286.557522;[0 2 9 10 11];2025-11-26 07:57:12
177;0;13.124425;-1333327.219273;[0 6 5 8 1 3 4 11];2025-11-26 07:57:12
177;1;5.322303;-666666.557398;[0 2 4 1 6 11];2025-11-26 07:57:12
178;0;14.263161;-625001.050025;[0 4 3 9 7 5 11];2025-11-26 07:57:12
178;1;6.966327;-625000.660788;[0 9 4 7 11];2025-11-26 07:57:12
179;0;13.163613;-799999.346695;[0 2 6 5 7 10 1 3 11];2025-11-26 07:57:13
179;1;3.840369;-400000.265871;[0 9 3 1 11];2025-11-26 07:57:13
180;0;13.729726;-1071424.205799;[0 4 2 6 5 8 10 11];2025-11-26 07:57:15
180;1;6.109031;-714284.532734;[0 2 4 8 7 11];2025-11-26 07:57:15
181;0;11.939358;-1.146301;[0 6 5 8 10 9 1 11];2025-11-26 07:57:15
181;1;3.398184;-2.511222;[0 5 8 7 11];2025-11-26 07:57:15
182;0;14.472136;-0.114887;[0 4 9 10 5 6 11];2025-11-26 07:57:16
182;1;5.147681;-4.432074;[0 9 10 7 6 11];2025-11-26 07:57:16
183;0;14.120572;-1.381439;[0 2 6 5 7 1 9 3 11];2025-11-26 07:57:16
183;1;4.279221;-1.351517;[0 2 4 3 11];2025-11-26 07:57:16
184;0;14.003882;-0.978377;[0 2 4 3 1 7 5 11];2025-11-26 07:57:17
184;1;5.536748;-0.472621;[0 10 7 4 11];2025-11-26 07:57:17
186;0;3.046309;-9999996.953691;[0 1 11];2025-11-26 07:57:18
186;1;2.814150;-9999997.185850;[0 10 1 11];2025-11-26 07:57:18
187;0;3.600000;-9999993.585850;[0 2 11];2025-11-26 07:57:18
187;1;4.580454;-9999995.419546;[0 10 1 2 11];2025-11-26 07:57:18
188;0;5.215245;-9999993.018451;[0 1 3 11];2025-11-26 07:57:18
188;1;3.840369;-9999994.393326;[0 9 3 1 11];2025-11-26 07:57:18
189;0;9.301551;-9999990.698449;[0 1 3 4 2 11];2025-11-26 07:57:19
189;1;4.850781;-9999987.708850;[0 9 4 11];2025-11-26 07:57:19
190;0;6.246925;-9999988.051524;[0 2 5 11];2025-11-26 07:57:19
190;1;3.123462;-9999991.174986;[0 5 2 11];2025-11-26 07:57:19
191;0;10.259707;-9999988.383135;[0 1 3 4 2 6 11];2025-11-26 07:57:20
191;1;3.534328;-9999989.978270;[0 5 6 1 11];2025-11-26 07:57:20
192;0;11.787361;-19999971.466311;[0 2 4 3 10 11];2025-11-26 07:57:20
192;1;5.832036;-19999974.684914;[0 10 3 2 6 11];2025-11-26 07:57:20
193;0;12.869566;-9999984.414157;[0 2 4 3 1 10 7 11];2025-11-26 07:57:21
193;1;5.536748;-9999986.718252;[0 10 7 4 11];2025-11-26 07:57:21
194;0;12.617450;-69999893.298573;[0 2 6 7 10 9 11];2025-11-26 07:57:21
194;1;5.147681;-69999897.168342;[0 9 10 7 6 11];2025-11-26 07:57:21
195;0;12.916065;-9999993.973708;[0 3 4 6 5 8 11];2025-11-26 07:57:21
195;1;3.278684;-9999989.483548;[0 5 8 6 11];2025-11-26 07:57:21
196;0;13.914642;-29999936.981326;[0 2 5 8 7 10 9 11];2025-11-26 07:57:22
196;1;6.734605;-21666621.381723;[0 9 7 8 2 11];2025-11-26 07:57:22
197;0;16.575925;-5714281.192603;[0 4 2 6 8 10 9 1 11];2025-11-26 07:57:22
197;1;5.621260;-2857141.139080;[0 9 1 8 6 11];2025-11-26 07:57:22
198;0;14.003882;-3720921.422266;[0 2 4 3 1 7 5 11];2025-11-26 07:57:23
198;1;5.450324;-1860461.587465;[0 9 3 2 6 11];2025-11-26 07:57:23
199;0;14.259750;-2307690.005118;[0 4 3 9 10 7 8 11];2025-11-26 07:57:23
199;1;5.957450;-1538458.653755;[0 10 8 3 11];2025-11-26 07:57:23
200;0;12.315341;-1249992.093675;[0 3 9 10 8 5 11];2025-11-26 07:57:24
200;1;4.284811;-624993.323087;[0 5 3 11];2025-11-26 07:57:24
201;0;14.593782;-3.869757;[0 2 4 3 1 10 7 8 11];2025-11-26 07:57:24
201;1;5.304722;-588236.995906;[0 10 7 8 6 2 11];2025-11-26 07:57:24
202;0;15.881779;-555555.259193;[0 8 5 6 2 4 9 11];2025-11-26 07:57:24
202;1;6.966327;-555555.478042;[0 9 4 7 11];2025-11-26 07:57:24
203;0;13.124425;-1111109.031366;[0 6 5 8 1 3 4 11];2025-11-26 07:57:25
203;1;5.740937;-0.721043;[0 9 4 6 11];2025-11-26 07:57:25
204;0;13.729726;-1.562396;[0 4 2 6 5 8 10 11];2025-11-26 07:57:25
204;1;5.795936;-0.212131;[0 10 9 2 11];2025-11-26 07:57:25
205;0;11.939358;-2.916140;[0 6 5 8 10 9 1 11];2025-11-26 07:57:26
205;1;5.464964;-2.784176;[0 9 1 7 8 11];2025-11-26 07:57:26
206;1;3.398184;-2.004757;[0 5 8 7 11];2025-11-26 07:57:26
207;0;15.572137;-1.379771;[0 2 4 3 9 10 8 11];2025-11-26 07:57:27
207;1;6.743669;-0.199285;[0 9 7 8 6 2 11];2025-11-26 07:57:27
209;0;3.046309;-9999996.953691;[0 1 11];2025-11-26 07:57:29
209;1;2.814150;-9999997.185850;[0 10 1 11];2025-11-26 07:57:29
210;0;3.600000;-9999993.585850;[0 2 11];2025-11-26 07:57:30
210;1;4.580454;-9999995.419546;[0 10 1 2 11];2025-11-26 07:57:30
211;0;5.215245;-9999993.018451;[0 1 3 11];2025-11-26 07:57:30
211;1;3.840369;-9999994.393326;[0 9 3 1 11];2025-11-26 07:57:30
212;0;9.301551;-9999990.698449;[0 1 3 4 2 11];2025-11-26 07:57:31
212;1;4.850781;-9999987.708850;[0 9 4 11];2025-11-26 07:57:31
213;0;6.246925;-9999988.051524;[0 2 5 11];2025-11-26 07:57:31
213;1;4.971246;-1.488669;[0 9 3 2 11];2025-11-26 07:57:31
214;0;12.004958;-9999987.995042;[0 1 3 4 2 5 6 11];2025-11-26 07:57:31
214;1;5.014608;-9999985.783675;[0 10 1 6 2 11];2025-11-26 07:57:31
215;0;13.331131;-29999965.707272;[0 5 10 3 4 11];2025-11-26 07:57:32
215;1;3.850527;-19999977.290403;[0 10 3 11];2025-11-26 07:57:32
216;0;11.829868;-9999989.091437;[0 3 9 10 7 5 6 11];2025-11-26 07:57:32
216;1;5.147681;-9999986.947191;[0 9 10 7 6 11];2025-11-26 07:57:32
217;0;13.210581;-9999986.835321;[0 4 3 7 8 5 11];2025-11-26 07:57:33
217;1;4.932532;-9999985.622533;[0 10 7 8 1 11];2025-11-26 07:57:33
218;0;12.057346;-69999863.223852;[0 3 9 8 5 6 11];2025-11-26 07:57:33
218;1;5.557472;-69999863.041539;[0 9 8 6 11];2025-11-26 07:57:33
219;0;15.582125;-11428550.126748;[0 2 4 9 10 7 8 11];2025-11-26 07:57:34
219;1;6.734605;-6428557.151545;[0 9 7 8 2 11];2025-11-26 07:57:34
220;0;13.729726;-3076921.896855;[0 4 2 6 5 8 10 11];2025-11-26 07:57:34
220;1;5.299728;-1538463.092833;[0 10 8 6 2 11];2025-11-26 07:57:34
221;0;14.259750;-1666665.399920;[0 8 7 10 9 3 4 11];2025-11-26 07:57:35
221;1;5.536748;-1666663.304399;[0 10 7 4 11];2025-11-26 07:57:35
222;0;14.871583;-2307687.010229;[0 6 5 8 7 9 4 11];2025-11-26 07:57:35
222;1;5.464964;-1538458.573595;[0 9 1 7 8 11];2025-11-26 07:57:35
223;0;13.878630;-1428569.504171;[0 3 4 2 5 8 7 11];2025-11-26 07:57:36
223;1;5.304722;-1428569.836363;[0 10 7 8 6 2 11];2025-11-26 07:57:36
224;0;13.464742;-2499996.575382;[0 2 5 7 10 9 1 11];2025-11-26 07:57:36
224;1;5.795936;-1249998.222184;[0 10 9 2 11];2025-11-26 07:57:36
225;0;13.371618;-384614.659337;[0 4 3 9 1 10 7 11];2025-11-26 07:57:36
225;1;6.966327;-0.073074;[0 9 4 7 11];2025-11-26 07:57:36
226;0;14.003882;-384613.657195;[0 2 4 3 1 7 5 11];2025-11-26 07:57:37
227;0;13.124425;-1111105.570284;[0 6 5 8 1 3 4 11];2025-11-26 07:57:37
228;0;12.315341;-526313.133393;[0 3 9 10 8 5 11];2025-11-26 07:57:38
229;0;15.572137;-333331.159160;[0 2 4 3 9 10 8 11];2025-11-26 07:57:38
230;0;11.939358;-0.131964;[0 6 5 8 10 9 1 11];2025-11-26 07:57:39
233;0;3.046309;-9999996.953691;[0 1 11];2025-11-26 07:57:40
233;1;2.814150;-9999997.185850;[0 10 1 11];2025-11-26 07:57:40
234;0;3.600000;-9999993.585850;[0 2 11];2025-11-26 07:57:41
234;1;4.580454;-9999995.419546;[0 10 1 2 11];2025-11-26 07:57:41
235;0;5.215245;-9999993.018451;[0 1 3 11];2025-11-26 07:57:41
235;1;3.898617;-9999994.335078;[0 10 1 3 11];2025-11-26 07:57:41
236;0;9.301551;-9999990.698449;[0 1 3 4 2 11];2025-11-26 07:57:42
236;1;4.883250;-9999987.618133;[0 10 4 11];2025-11-26 07:57:42
237;0;6.246925;-9999988.051524;[0 2 5 11];2025-11-26 07:57:42
237;1;5.352958;-1.165205;[0 10 3 2 11];2025-11-26 07:57:42
238;0;12.004958;-9999987.995042;[0 1 3 4 2 5 6 11];2025-11-26 07:57:43
238;1;5.014608;-9999985.783675;[0 10 1 6 2 11];2025-11-26 07:57:43
239;0;12.041394;-9999988.429600;[0 2 5 7 1 3 11];2025-11-26 07:57:44
239;1;5.560934;-9999988.179768;[0 10 7 1 2 11];2025-11-26 07:57:44
240;0;12.593336;-9999987.377995;[0 2 5 8 7 1 3 11];2025-11-26 07:57:45
240;1;5.295658;-9999986.174468;[0 10 7 8 2 11];2025-11-26 07:57:45
241;0;14.263161;-9999984.255498;[0 4 3 9 7 5 11];2025-11-26 07:57:45
241;1;5.402670;-9999982.432286;[0 10 7 9 11];2025-11-26 07:57:45
242;0;12.128440;-19999962.514935;[0 3 9 1 8 5 11];2025-11-26 07:57:46
242;1;5.795936;-9999981.912435;[0 10 9 2 11];2025-11-26 07:57:46
243;0;14.413383;-44285626.472228;[0 4 3 9 8 6 11];2025-11-26 07:57:46
243;1;4.138684;-21428528.593469;[0 10 8 6 11];2025-11-26 07:57:46
244;0;15.550740;-13333312.867192;[0 8 7 1 9 3 4 2 11];2025-11-26 07:57:46
244;1;4.932532;-6666654.490338;[0 10 7 8 1 11];2025-11-26 07:57:47
245;0;13.416285;-9999981.695726;[0 3 4 2 6 5 8 11];2025-11-26 07:57:47
245;1;5.957450;-9999981.048220;[0 10 8 3 11];2025-11-26 07:57:47
246;0;12.184921;-9999980.354560;[0 3 9 1 8 5 6 11];2025-11-26 07:57:47
246;1;5.934576;-9999979.879136;[0 10 9 7 6 11];2025-11-26 07:57:47
247;0;14.892372;-19999959.756306;[0 4 9 1 8 5 11];2025-11-26 07:57:48
247;1;5.536748;-0.438504;[0 10 7 4 11];2025-11-26 07:57:48
248;0;12.293944;-9999980.804650;[0 3 9 1 7 8 5 11];2025-11-26 07:57:48
249;0;13.124425;-2499995.658230;[0 4 3 1 8 5 6 11];2025-11-26 07:57:49
249;1;5.304722;-2499995.415413;[0 10 7 8 6 2 11];2025-11-26 07:57:49
250;0;14.120572;-4999988.207878;[0 2 6 5 7 1 9 3 11];2025-11-26 07:57:49
-1;0;5.099020;-9999994.900980;[0 10 11];2025-11-26 08:01:37
-1;1;2.549510;-9999997.450490;[0 10 11];2025-11-26 08:01:37
0;0;3.046309;-9999994.404181;[0 1 11];2025-11-26 08:01:37
0;1;2.814150;-9999997.185850;[0 1 10 11];2025-11-26 08:01:37
1;0;3.600000;-9999993.585850;[0 2 11];2025-11-26 08:01:38
1;1;4.580454;-9999995.419546;[0 2 1 10 11];2025-11-26 08:01:38
2;0;4.472136;-9999990.947410;[0 3 11];2025-11-26 08:01:38
2;1;5.352958;-9999994.382402;[0 2 3 10 11];2025-11-26 08:01:38
3;0;9.301551;-9999990.930608;[0 1 3 4 2 11];2025-11-26 08:01:38
3;1;4.279221;-9999992.906629;[0 2 4 3 11];2025-11-26 08:01:38
4;0;8.973891;-9999990.797860;[0 3 1 5 11];2025-11-26 08:01:39
4;1;3.402478;-9999992.550460;[0 1 5 11];2025-11-26 08:01:39
5;0;4.179587;-9999988.727042;[0 5 6 11];2025-11-26 08:01:39
5;1;3.151703;-9999991.521231;[0 2 5 6 11];2025-11-26 08:01:39
6;0;8.086829;-9999989.121750;[0 5 7 10 11];2025-11-26 08:01:39
6;1;4.184123;-9999992.241251;[0 2 5 7 11];2025-11-26 08:01:39
7;0;11.737988;-19999973.037091;[0 4 3 1 7 6 11];2025-11-26 08:01:40
7;1;4.487028;-19999976.346100;[0 3 1 7 6 11];2025-11-26 08:01:40
8;0;11.336986;-9999987.173376;[0 3 1 10 7 8 5 11];2025-11-26 08:01:40
8;1;4.820003;-9999990.831863;[0 3 1 7 8 11];2025-11-26 08:01:40
9;0;14.737846;-9999986.356578;[0 4 9 10 7 8 6 11];2025-11-26 08:01:41
9;1;6.130688;-9999986.947428;[0 4 9 7 11];2025-11-26 08:01:41
10;0;14.080986;-39999923.574881;[0 3 9 1 8 2 11];2025-11-26 08:01:41
10;1;5.585677;-36666599.728756;[0 3 9 8 11];2025-11-26 08:01:41
11;0;13.859101;-6428565.933625;[0 1 10 9 3 4 6 11];2025-11-26 08:01:41
11;1;3.519836;-2857144.527621;[0 1 9 3 11];2025-11-26 08:01:41
12;0;13.401525;-5000002.870091;[0 1 7 8 5 6 2 4 11];2025-11-26 08:01:42
12;1;4.761967;-3000002.729243;[0 1 4 2 6 11];2025-11-26 08:01:42
13;0;13.904654;-11999988.562697;[0 2 5 8 10 9 11];2025-11-26 08:01:42
13;1;5.795936;-5333329.039332;[0 2 9 10 11];2025-11-26 08:01:42
14;0;11.829868;-2000001.194761;[0 3 9 10 7 5 6 11];2025-11-26 08:01:42
14;1;5.450324;-1000001.364220;[0 6 2 3 9 11];2025-11-26 08:01:42
15;0;13.729726;-2093019.961841;[0 4 2 6 5 8 10 11];2025-11-26 08:01:43
15;1;5.626584;-1860460.750133;[0 4 6 10 11];2025-11-26 08:01:43
16;0;15.039111;-666667.203266;[0 2 6 8 7 10 9 3 1 11];2025-11-26 08:01:43
16;1;5.304722;-666667.646348;[0 2 6 8 7 10 11];2025-11-26 08:01:43
17;0;13.464742;-312499.908599;[0 2 5 7 10 9 1 11];2025-11-26 08:01:43
17;1;5.735644;-0.526516;[0 4 2 8 7 11];2025-11-26 08:01:43
18;0;13.124425;-204080.041851;[0 4 3 1 8 5 6 11];2025-11-26 08:01:44
18;1;5.059051;-204079.682221;[0 3 1 7 8 6 11];2025-11-26 08:01:44
19;0;15.572137;-277775.897119;[0 2 4 3 9 10 8 11];2025-11-26 08:01:44
19;1;4.169270;-1.037613;[0 1 10 7 8 11];2025-11-26 08:01:44
20;0;12.315341;-270266.800737;[0 3 9 10 8 5 11];2025-11-26 08:01:44
20;1;3.398184;-270265.881401;[0 5 8 7 11];2025-11-26 08:01:44
21;0;13.163613;-133331.682736;[0 2 6 5 7 10 1 3 11];2025-11-26 08:01:45
21;1;5.147681;-133332.038274;[0 6 7 10 9 11];2025-11-26 08:01:45
22;0;11.939358;-0.858728;[0 1 9 10 8 5 6 11];2025-11-26 08:01:45
22;1;6.743669;-0.163078;[0 2 6 8 7 9 11];2025-11-26 08:01:45
23;0;14.120572;-1.153341;[0 2 6 5 7 1 9 3 11];2025-11-26 08:01:45
23;1;5.857560;-0.355920;[0 4 3 7 6 11];2025-11-26 08:01:45
24;0;14.003882;-0.617926;[0 2 4 3 1 7 5 11];2025-11-26 08:01:46
26;0;5.099020;-9999994.900980;[0 10 11];2025-11-26 08:01:46
26;1;2.549510;-9999997.450490;[0 10 11];2025-11-26 08:01:46
27;0;3.046309;-9999994.404181;[0 1 11];2025-11-26 08:01:47
27;1;2.814150;-9999997.185850;[0 1 10 11];2025-11-26 08:01:47
28;0;3.600000;-9999993.585850;[0 2 11];2025-11-26 08:01:47
28;1;4.580454;-9999995.419546;[0 2 1 10 11];2025-11-26 08:01:47
29;0;4.472136;-9999990.947410;[0 3 11];2025-11-26 08:01:47
29;1;5.352958;-9999994.382402;[0 2 3 10 11];2025-11-26 08:01:47
30;0;9.301551;-9999990.930608;[0 1 3 4 2 11];2025-11-26 08:01:47
30;1;4.279221;-9999992.906629;[0 2 4 3 11];2025-11-26 08:01:47
31;0;8.973891;-9999990.797860;[0 3 1 5 11];2025-11-26 08:01:48
31;1;3.402478;-9999992.550460;[0 1 5 11];2025-11-26 08:01:48
32;0;4.179587;-9999988.727042;[0 5 6 11];2025-11-26 08:01:48
32;1;3.151703;-9999991.521231;[0 2 5 6 11];2025-11-26 08:01:48
33;0;8.086829;-9999989.121750;[0 5 7 10 11];2025-11-26 08:01:48
33;1;4.184123;-9999992.241251;[0 2 5 7 11];2025-11-26 08:01:48
34;0;11.737988;-19999973.037091;[0 4 3 1 7 6 11];2025-11-26 08:01:49
34;1;4.487028;-19999976.346100;[0 3 1 7 6 11];2025-11-26 08:01:49
35;0;11.336986;-9999987.173376;[0 3 1 10 7 8 5 11];2025-11-26 08:01:49
35;1;4.820003;-9999990.831863;[0 3 1 7 8 11];2025-11-26 08:01:49
36;0;14.737846;-9999986.356578;[0 4 9 10 7 8 6 11];2025-11-26 08:01:49
36;1;6.130688;-9999986.947428;[0 4 9 7 11];2025-11-26 08:01:49
37;0;14.080986;-39999923.574881;[0 3 9 1 8 2 11];2025-11-26 08:01:50
37;1;5.585677;-36666599.728756;[0 3 9 8 11];2025-11-26 08:01:50
38;0;13.859101;-6428565.933625;[0 1 10 9 3 4 6 11];2025-11-26 08:01:50
38;1;3.519836;-2857144.527621;[0 1 9 3 11];2025-11-26 08:01:50
39;0;13.401525;-5000002.870091;[0 1 7 8 5 6 2 4 11];2025-11-26 08:01:50
39;1;4.761967;-3000002.729243;[0 1 4 2 6 11];2025-11-26 08:01:50
40;0;13.904654;-11999988.562697;[0 2 5 8 10 9 11];2025-11-26 08:01:51
40;1;5.795936;-5333329.039332;[0 2 9 10 11];2025-11-26 08:01:51
41;0;11.829868;-2000001.194761;[0 3 9 10 7 5 6 11];2025-11-26 08:01:51
41;1;5.450324;-1000001.364220;[0 6 2 3 9 11];2025-11-26 08:01:51
42;0;13.729726;-2093019.961841;[0 4 2 6 5 8 10 11];2025-11-26 08:01:51
42;1;5.626584;-1860460.750133;[0 4 6 10 11];2025-11-26 08:01:51
43;0;15.039111;-666667.203266;[0 2 6 8 7 10 9 3 1 11];2025-11-26 08:01:52
43;1;5.304722;-666667.646348;[0 2 6 8 7 10 11];2025-11-26 08:01:52
44;0;13.464742;-312499.908599;[0 2 5 7 10 9 1 11];2025-11-26 08:01:52
44;1;5.735644;-0.526516;[0 4 2 8 7 11];2025-11-26 08:01:52
45;0;13.124425;-204080.041851;[0 4 3 1 8 5 6 11];2025-11-26 08:01:52
45;1;5.059051;-204079.682221;[0 3 1 7 8 6 11];2025-11-26 08:01:52
46;0;15.572137;-277775.897119;[0 2 4 3 9 10 8 11];2025-11-26 08:01:53
46;1;4.169270;-1.037613;[0 1 10 7 8 11];2025-11-26 08:01:53
47;0;12.315341;-270266.800737;[0 3 9 10 8 5 11];2025-11-26 08:01:53
47;1;3.398184;-270265.881401;[0 5 8 7 11];2025-11-26 08:01:53
48;0;13.163613;-133331.682736;[0 2 6 5 7 10 1 3 11];2025-11-26 08:01:53
48;1;5.147681;-133332.038274;[0 6 7 10 9 11];2025-11-26 08:01:53
49;0;11.939358;-0.858728;[0 1 9 10 8 5 6 11];2025-11-26 08:01:54
49;1;6.743669;-0.163078;[0 2 6 8 7 9 11];2025-11-26 08:01:54
50;0;14.120572;-1.153341;[0 2 6 5 7 1 9 3 11];2025-11-26 08:01:54
50;1;5.857560;-0.355920;[0 4 3 7 6 11];2025-11-26 08:01:54
51;0;14.003882;-0.617926;[0 2 4 3 1 7 5 11];2025-11-26 08:01:54
-1;0;5.099020;-9999994.900980;[0 10 11];2025-11-26 08:31:12
-1;1;2.549510;-9999997.450490;[0 10 11];2025-11-26 08:31:12
0;0;3.046309;-9999994.404181;[0 1 11];2025-11-26 08:31:31
0;1;2.814150;-9999997.185850;[0 1 10 11];2025-11-26 08:31:32
1;0;3.600000;-9999993.585850;[0 2 11];2025-11-26 08:31:47
1;1;4.580454;-9999995.419546;[0 2 1 10 11];2025-11-26 08:31:47
-1;0;5.099020;-9999994.900980;[0 10 11];2025-11-26 08:53:48
-1;1;2.549510;-9999997.450490;[0 10 11];2025-11-26 08:53:48
0;0;3.046309;-9999994.404181;[0 1 11];2025-11-26 08:53:48
0;1;2.814150;-9999997.185850;[0 1 10 11];2025-11-26 08:53:48
1;0;3.600000;-9999993.585850;[0 2 11];2025-11-26 08:53:49
1;1;4.580454;-9999995.419546;[0 2 1 10 11];2025-11-26 08:53:49
2;0;4.472136;-9999990.947410;[0 3 11];2025-11-26 08:53:49
2;1;5.352958;-9999994.382402;[0 2 3 10 11];2025-11-26 08:53:49
3;0;9.301551;-9999990.930608;[0 1 3 4 2 11];2025-11-26 08:53:49
3;1;4.279221;-9999992.906629;[0 2 4 3 11];2025-11-26 08:53:49
4;0;8.973891;-9999990.797860;[0 3 1 5 11];2025-11-26 08:53:50
4;1;3.402478;-9999992.550460;[0 1 5 11];2025-11-26 08:53:50
5;0;4.179587;-9999988.727042;[0 5 6 11];2025-11-26 08:53:50
5;1;3.151703;-9999991.521231;[0 2 5 6 11];2025-11-26 08:53:50
6;0;8.086829;-9999989.121750;[0 5 7 10 11];2025-11-26 08:53:50
6;1;4.184123;-9999992.241251;[0 2 5 7 11];2025-11-26 08:53:50
7;0;11.737988;-19999973.037091;[0 4 3 1 7 6 11];2025-11-26 08:53:51
7;1;4.487028;-19999976.346100;[0 3 1 7 6 11];2025-11-26 08:53:51
8;0;11.336986;-9999987.173376;[0 3 1 10 7 8 5 11];2025-11-26 08:53:51
8;1;4.820003;-9999990.831863;[0 3 1 7 8 11];2025-11-26 08:53:51
9;0;14.737846;-9999986.356578;[0 4 9 10 7 8 6 11];2025-11-26 08:53:51
9;1;6.130688;-9999986.947428;[0 4 9 7 11];2025-11-26 08:53:51
10;0;14.080986;-39999923.574881;[0 3 9 1 8 2 11];2025-11-26 08:53:52
10;1;5.585677;-36666599.728756;[0 3 9 8 11];2025-11-26 08:53:52
11;0;13.859101;-6428565.933625;[0 1 10 9 3 4 6 11];2025-11-26 08:53:52
11;1;3.519836;-2857144.527621;[0 1 9 3 11];2025-11-26 08:53:52
12;0;13.401525;-5000002.870091;[0 1 7 8 5 6 2 4 11];2025-11-26 08:53:52
12;1;4.761967;-3000002.729243;[0 1 4 2 6 11];2025-11-26 08:53:52
13;0;13.904654;-11999988.562697;[0 2 5 8 10 9 11];2025-11-26 08:53:53
13;1;5.795936;-5333329.039332;[0 2 9 10 11];2025-11-26 08:53:53
14;0;11.829868;-2000001.194761;[0 3 9 10 7 5 6 11];2025-11-26 08:53:53
14;1;5.450324;-1000001.364220;[0 6 2 3 9 11];2025-11-26 08:53:53
15;0;13.729726;-2093019.961841;[0 4 2 6 5 8 10 11];2025-11-26 08:53:53
15;1;5.626584;-1860460.750133;[0 4 6 10 11];2025-11-26 08:53:53
16;0;15.039111;-666667.203266;[0 2 6 8 7 10 9 3 1 11];2025-11-26 08:53:54
16;1;5.304722;-666667.646348;[0 2 6 8 7 10 11];2025-11-26 08:53:54
17;0;13.464742;-312499.908599;[0 2 5 7 10 9 1 11];2025-11-26 08:53:54
17;1;5.735644;-0.526516;[0 4 2 8 7 11];2025-11-26 08:53:54
18;0;13.124425;-204080.041851;[0 4 3 1 8 5 6 11];2025-11-26 08:53:54
18;1;5.059051;-204079.682221;[0 3 1 7 8 6 11];2025-11-26 08:53:54
19;0;15.572137;-277775.897119;[0 2 4 3 9 10 8 11];2025-11-26 08:53:55
19;1;4.169270;-1.037613;[0 1 10 7 8 11];2025-11-26 08:53:55
20;0;12.315341;-270266.800737;[0 3 9 10 8 5 11];2025-11-26 08:53:55
20;1;3.398184;-270265.881401;[0 5 8 7 11];2025-11-26 08:53:55
21;0;13.163613;-133331.682736;[0 2 6 5 7 10 1 3 11];2025-11-26 08:53:55
21;1;5.147681;-133332.038274;[0 6 7 10 9 11];2025-11-26 08:53:55
22;0;11.939358;-0.858728;[0 1 9 10 8 5 6 11];2025-11-26 08:53:56
22;1;6.743669;-0.163078;[0 2 6 8 7 9 11];2025-11-26 08:53:56
23;0;14.120572;-1.153341;[0 2 6 5 7 1 9 3 11];2025-11-26 08:53:56
23;1;5.857560;-0.355920;[0 4 3 7 6 11];2025-11-26 08:53:56
24;0;14.003882;-0.617926;[0 2 4 3 1 7 5 11];2025-11-26 08:53:56
-1;0;5.099020;-9999994.900980;[0 10 11];2025-11-26 09:02:21
-1;1;2.549510;-9999997.450490;[0 10 11];2025-11-26 09:02:21
0;0;3.046309;-9999994.404181;[0 1 11];2025-11-26 09:02:22
0;1;2.814150;-9999997.185850;[0 1 10 11];2025-11-26 09:02:22
1;0;3.600000;-9999993.585850;[0 2 11];2025-11-26 09:02:22
1;1;4.580454;-9999995.419546;[0 2 1 10 11];2025-11-26 09:02:22
2;0;4.472136;-9999990.947410;[0 3 11];2025-11-26 09:02:23
2;1;5.352958;-9999994.382402;[0 2 3 10 11];2025-11-26 09:02:23
3;0;9.301551;-9999990.930608;[0 1 3 4 2 11];2025-11-26 09:02:24
3;1;3.989588;-9999994.476267;[0 1 3 4 11];2025-11-26 09:02:24
4;0;4.123106;-9999987.571492;[0 5 11];2025-11-26 09:02:24
4;1;3.123462;-9999990.337439;[0 2 5 11];2025-11-26 09:02:24
5;0;2.236068;-9999988.101372;[0 6 11];2025-11-26 09:02:25
5;1;5.876694;-9999991.464365;[0 4 2 6 10 11];2025-11-26 09:02:25
6;0;8.672590;-9999986.957155;[0 6 5 7 10 1 11];2025-11-26 09:02:25
6;1;5.648072;-9999991.120449;[0 2 6 7 1 3 11];2025-11-26 09:02:25
7;0;11.393467;-9999987.515417;[0 6 5 8 7 10 1 3 11];2025-11-26 09:02:26
7;1;3.426424;-9999990.029604;[0 6 5 8 7 11];2025-11-26 09:02:26
8;0;11.829868;-9999989.246391;[0 6 5 7 10 9 3 11];2025-11-26 09:02:26
8;1;4.392789;-9999990.825031;[0 3 9 10 11];2025-11-26 09:02:26
9;0;13.826524;-29999958.509651;[0 7 1 9 4 2 11];2025-11-26 09:02:27
9;1;6.130688;-29999959.814234;[0 4 9 7 11];2025-11-26 09:02:27
10;0;15.385236;-49999923.393916;[0 8 1 9 4 2 11];2025-11-26 09:02:27
10;1;6.967643;-49999925.165199;[0 8 9 4 11];2025-11-26 09:02:27
11;0;15.627029;-5999987.988761;[0 8 5 2 4 3 9 11];2025-11-26 09:02:28
11;1;5.989615;-3999990.533241;[0 2 4 3 7 11];2025-11-26 09:02:28
12;0;15.308220;-5333323.114669;[0 4 9 1 10 5 6 11];2025-11-26 09:02:28
12;1;4.981510;-3999994.805473;[0 6 10 9 1 11];2025-11-26 09:02:28
13;0;14.016684;-6666658.422736;[0 2 5 8 7 10 9 1 11];2025-11-26 09:02:28
13;1;6.270345;-6666656.908895;[0 2 7 10 9 11];2025-11-26 09:02:28
14;0;16.028837;-4.611226;[0 2 4 3 9 1 7 8 6 11];2025-11-26 09:02:29
14;1;5.744708;-3.636415;[0 4 2 6 8 7 11];2025-11-26 09:02:29
15;0;13.727343;-1.658794;[0 6 5 2 4 3 9 11];2025-11-26 09:02:29
15;1;5.991046;-1.368397;[0 6 2 4 9 11];2025-11-26 09:02:29
16;0;13.484965;-1.625664;[0 4 2 5 8 7 10 11];2025-11-26 09:02:30
16;1;4.342329;-1.105120;[0 4 5 11];2025-11-26 09:02:30
17;0;12.381810;-1.575542;[0 3 9 10 7 8 5 6 11];2025-11-26 09:02:30
17;1;4.901802;-0.934593;[0 1 9 4 11];2025-11-26 09:02:30
18;0;14.259006;-0.987330;[0 1 10 8 5 6 2 4 11];2025-11-26 09:02:31
18;1;4.228921;-1.591260;[0 2 6 5 8 11];2025-11-26 09:02:31
19;0;13.717053;-0.621959;[0 1 10 7 5 6 2 4 11];2025-11-26 09:02:31
19;1;4.279221;-0.551425;[0 2 4 3 11];2025-11-26 09:02:31
20;0;9.224531;-0.616977;[0 6 5 8 7 10 1 11];2025-11-26 09:02:32
20;1;4.997339;-0.262013;[0 1 10 7 6 2 11];2025-11-26 09:02:32
21;0;12.004958;-0.734042;[0 1 3 4 2 5 6 11];2025-11-26 09:02:32
21;1;4.758299;-0.288489;[0 3 4 2 6 11];2025-11-26 09:02:32
22;0;11.949346;-0.292215;[0 1 9 10 7 8 5 6 11];2025-11-26 09:02:33
23;0;13.739714;-0.224328;[0 4 2 6 5 8 7 10 11];2025-11-26 09:02:33
24;0;9.025781;-0.223884;[0 4 2 5 6 11];2025-11-26 09:02:34
24;1;5.511968;-0.224328;[0 2 4 9 11];2025-11-26 09:02:34
25;1;4.282889;-0.103982;[0 1 4 2 11];2025-11-26 09:02:34
26;0;14.555824;-0.105152;[0 2 4 3 1 7 8 5 11];2025-11-26 09:02:34
-1;0;5.099020;-9999994.900980;[0 10 11];2025-11-26 09:04:38
-1;1;2.549510;-9999997.450490;[0 10 11];2025-11-26 09:04:38
0;0;3.046309;-9999994.404181;[0 1 11];2025-11-26 09:04:39
0;1;2.814150;-9999997.185850;[0 1 10 11];2025-11-26 09:04:39
1;0;3.600000;-9999993.585850;[0 2 11];2025-11-26 09:04:39
1;1;4.580454;-9999995.419546;[0 2 1 10 11];2025-11-26 09:04:39
2;0;4.472136;-9999990.947410;[0 3 11];2025-11-26 09:04:39
2;1;5.352958;-9999994.382402;[0 2 3 10 11];2025-11-26 09:04:39
3;0;9.301551;-9999990.930608;[0 1 3 4 2 11];2025-11-26 09:04:40
3;1;3.989588;-9999994.476267;[0 1 3 4 11];2025-11-26 09:04:40
4;0;4.123106;-9999987.571492;[0 5 11];2025-11-26 09:04:40
4;1;3.123462;-9999990.337439;[0 2 5 11];2025-11-26 09:04:40
5;0;2.236068;-9999988.101372;[0 6 11];2025-11-26 09:04:41
5;1;3.640265;-9999991.151284;[0 4 2 6 11];2025-11-26 09:04:41
6;0;10.841525;-9999990.236261;[0 6 5 7 10 1 3 11];2025-11-26 09:04:41
6;1;4.872672;-9999991.817368;[0 3 10 7 6 11];2025-11-26 09:04:41
7;0;12.074899;-29999971.517626;[0 2 4 10 7 11];2025-11-26 09:04:41
7;1;5.134304;-29999975.908711;[0 7 2 4 11];2025-11-26 09:04:41
8;0;12.440190;-9999991.575761;[0 2 6 8 7 1 3 11];2025-11-26 09:04:42
8;1;5.135628;-9999996.463486;[0 1 7 8 6 2 11];2025-11-26 09:04:42
9;0;11.949346;-9999985.325349;[0 6 5 8 7 10 9 1 11];2025-11-26 09:04:42
9;1;5.582625;-9999984.754815;[0 6 8 7 9 11];2025-11-26 09:04:42
10;0;13.474976;-39999929.069671;[0 4 2 5 8 10 11];2025-11-26 09:04:42
10;1;5.377097;-33333275.691399;[0 8 2 4 11];2025-11-26 09:04:42
11;0;15.518809;-46666583.734925;[0 10 9 4 2 5 11];2025-11-26 09:04:43
11;1;5.511968;-39999933.478201;[0 9 4 2 11];2025-11-26 09:04:43
12;0;14.379434;-19999960.389510;[0 2 6 5 8 9 3 11];2025-11-26 09:04:43
12;1;5.824725;-15999966.904703;[0 3 9 8 6 11];2025-11-26 09:04:43
13;0;15.582125;-5454551.611179;[0 2 4 3 9 10 7 8 11];2025-11-26 09:04:43
13;1;6.251153;-1818185.393368;[0 2 3 9 7 11];2025-11-26 09:04:43
14;0;14.133379;-2631584.357780;[0 3 4 2 6 5 8 7 11];2025-11-26 09:04:44
14;1;4.311498;-2105265.091079;[0 2 6 5 7 11];2025-11-26 09:04:44
15;0;13.705567;-1666666.379739;[0 2 6 5 8 10 1 3 11];2025-11-26 09:04:44
15;1;6.137343;-1666663.941122;[0 2 6 8 1 3 11];2025-11-26 09:04:44
16;0;12.371822;-3.459745;[0 3 9 10 8 5 6 11];2025-11-26 09:04:45
16;1;3.982582;-2.437638;[0 5 10 11];2025-11-26 09:04:45
17;0;11.546619;-0.737753;[0 1 10 7 8 5 6 2 11];2025-11-26 09:04:45
17;1;4.279221;-1.269009;[0 2 4 3 11];2025-11-26 09:04:45
18;0;8.695252;-0.209327;[0 6 5 8 7 10 11];2025-11-26 09:04:45
18;1;5.304722;-2.279579;[0 2 6 8 7 10 11];2025-11-26 09:04:45
19;0;6.135754;-0.409616;[0 6 5 8 11];2025-11-26 09:04:46
19;1;3.067877;-2.195236;[0 6 5 8 11];2025-11-26 09:04:46
20;0;12.451313;-1.555879;[0 1 3 9 10 5 6 11];2025-11-26 09:04:46
20;1;4.559250;-1.973837;[0 3 9 1 6 11];2025-11-26 09:04:46
21;0;11.397404;-0.676868;[0 1 9 10 7 5 6 11];2025-11-26 09:04:46
21;1;4.997339;-1.504473;[0 1 10 7 6 2 11];2025-11-26 09:04:46
22;0;12.078790;-1.577565;[0 1 10 9 3 4 11];2025-11-26 09:04:47
22;1;5.544438;-1.814495;[0 2 4 10 11];2025-11-26 09:04:47
23;0;11.393467;-0.974426;[0 3 1 10 7 8 5 6 11];2025-11-26 09:04:47
23;1;3.898617;-0.917317;[0 3 1 10 11];2025-11-26 09:04:47
24;0;11.829868;-0.464662;[0 6 5 7 10 9 3 11];2025-11-26 09:04:48
24;1;4.758299;-0.781361;[0 3 4 2 6 11];2025-11-26 09:04:48
25;0;12.325329;-0.328351;[0 3 9 10 7 8 5 11];2025-11-26 09:04:48
25;1;3.398184;-0.578011;[0 5 8 7 11];2025-11-26 09:04:48
26;0;9.224531;-0.106220;[0 1 10 7 8 5 6 11];2025-11-26 09:04:48
26;1;3.519836;-0.560336;[0 1 9 3 11];2025-11-26 09:04:48
27;1;4.618548;-0.751418;[0 7 10 9 11];2025-11-26 09:04:49
28;1;3.151703;-0.204238;[0 2 5 6 11];2025-11-26 09:04:49
29;1;4.176557;-0.087809;[0 1 9 10 11];2025-11-26 09:04:49
